team,cap28,half1.0,half1.25,half1.5,softcap25pct,uncapped
Abilene Christian,12.392626600564482,12.84077409321694,12.709408150444904,12.65119665506569,12.69412946071833,13.598638041180006
Adams State,-27.06447397420333,-29.37032071556834,-31.391588507381694,-32.49384428559864,-29.412098790058725,-36.45497323762474
Adrian,2.7255706246154503,5.79671179069053,8.618789968797806,10.507645013161564,4.790376064911577,10.98479238579985
Air Force,12.45272879749811,12.71990275821377,12.895790176613296,13.428022732434847,13.013507299443766,14.695842805280734
Akron,7.537454937860318,8.299041119690514,8.158686426434087,7.68383932469996,7.112031556055882,5.835761410642803
Alabama,36.09666152978474,38.599048529483696,41.186568865568745,43.32423864897089,38.36243890802149,45.159771042731535
Alabama A&M,-0.8033610239909592,-3.263726309358816,-4.630042756845285,-5.797737450329663,-2.0171725930625257,-5.6586073002769695
Alabama State,13.831113326617029,14.478648532181879,15.385802649544615,15.550552372850944,13.635551891272726,13.048867585239563
Albany State GA,8.578115540792972,8.107300235252495,8.825171926087975,10.362546713141477,8.98812502180278,10.218153464832376
Albion,-15.371348366498385,-14.732418789554064,-14.956817687299797,-15.580704154416836,-15.569451985846722,-16.163762843891732
Albright,-12.291430370632561,-12.572922329407746,-13.334549009128303,-13.636785619281746,-12.484252740084504,-13.062719848440445
Alcorn State,-1.436394545233405,-4.785733607050766,-6.028718308930571,-6.257072939919077,-3.1037579890287503,-8.105848320414808
Alfred State,-14.25042077727096,-14.279113483873452,-14.07296108985538,-14.057768898287744,-14.668127718372432,-15.92124854167675
Alfred University,-14.297372679516698,-15.159548632767965,-16.49217661711904,-18.02378422785092,-15.0971801300227,-17.496602481540577
Allegheny,-21.249795800670416,-23.547445667459172,-25.411188479196547,-26.547942164357778,-22.37393393037115,-25.74634831947343
Allen,-10.397933304561153,-11.080560093373958,-12.51012987818237,-13.969886022716118,-11.192954625039004,-13.578018586472487
Alma,7.9434363862891235,10.764262144935795,13.396640263625102,16.012492412406928,9.604369892581197,14.587170411457294
American International,-16.163876999472112,-16.49758812811473,-16.60838867754885,-17.00694141224392,-16.517378951178188,-17.57788480629637
Amherst,2.275306533413472,3.6423125072132727,4.348507547606246,5.031463520460292,2.255790773781044,2.197243494883633
Anderson (IN),-32.51642292644163,-33.04843233501388,-35.23056013747227,-37.07312137414944,-34.108845999450665,-38.88611521847774
Anderson (Sc),1.9907087460751987,2.654981317810126,3.7466047299285457,5.2283151599234365,2.4995634352853724,4.026127502916001
Angelo State,6.236094543727187,5.484917140468738,5.134435353882338,4.589687995973939,6.22079645081898,6.174902172094228
Anna Maria College,-13.799183323456425,-13.654651285331568,-13.880535840462855,-14.138459585947224,-14.130850024665015,-15.125850128290729
App State,13.659815151905995,14.031827905977437,14.10524782981426,14.181512821791323,13.611392428383361,13.466124257815345
Apprentice School,-28.00615370589435,-28.075386724294006,-29.185553413842094,-30.13215955942033,-28.309807786954835,-29.220770030136222
Arizona,29.289922365800862,30.903350835787343,32.74716678827004,34.45826804059299,30.500998362681557,34.13422635332362
Arizona State,28.428365111649935,29.81780024550177,30.974125238230073,31.793220591877386,29.227383976793938,31.624440572225925
Arkansas,24.81610454370535,25.26451151472382,25.64663867074775,26.824863935606857,25.911930607502825,29.19940879889535
Arkansas State,14.662218567215,14.887104291941291,15.12656921039229,15.203333262484186,14.508094624265908,14.045722795418612
Arkansas Tech,2.2078520464845433,2.0602338122751984,1.9035399422916601,1.8534199646289142,2.2169015023265803,2.2440498698524043
Arkansas-Monticello,-14.16830005809981,-14.452886209334075,-14.95576031613453,-15.781944386544634,-15.190372664555653,-18.256590483923304
Arkansas-Pine Bluff,-5.143775816512974,-8.164429669157734,-10.031261033285055,-11.297542838744924,-7.277807248054124,-13.67990154267762
Army,19.660231645266414,20.202114560079597,20.234035673508536,20.1205596650863,20.38335750043153,22.552735065926992
Ashland,14.10712181422349,16.003778610387403,17.97166324412655,19.70262268442802,14.785041348875357,16.818799952831025
Assumption,5.7531147832837135,6.990192876846638,9.615039118007012,12.090171278757555,5.609181056317539,5.17737987541906
Auburn,26.863507215419155,27.478832879267703,28.396237827712284,29.833430778016872,27.95443668623441,31.227225098680126
Augsburg,-17.119734639675112,-18.325521430066374,-19.83138148642611,-21.48291103458451,-18.118033341264088,-21.112929446030805
Augustana (IL),-2.042466463277476,-3.7639822272915406,-4.632242727826137,-4.6045396436809956,-2.651061472284585,-4.476846499305957
Augustana University (SD),11.295229222890836,11.885894989933453,13.366332709376476,15.079439750178212,11.40968194237986,11.75304010084682
Aurora,-7.149026716624617,-4.239738106776659,-3.879403722234122,-4.456647413300197,-6.270221732515616,-3.633806780188789
Austin,-28.304135571034838,-29.091701298863278,-30.36575215742102,-31.62098079308511,-29.521365589155756,-33.1730556435185
Austin Peay,13.836818987869474,14.330798406605942,14.712702756087998,14.913523497412877,14.460439054904754,16.331299256010837
Averett,-32.88617268181427,-36.138239477859074,-39.6864455166197,-42.460966820246185,-35.818914909635424,-44.617141593098886
BLUEFIELD,-18.618754292970138,-44.15980244435556,-44.95939023344229,-42.96012897330678,-29.642743093385235,-62.7147094946306
BYU,35.99094272628244,38.849678750033945,40.254254942654114,40.84777628283128,37.764302325290444,43.08438112231458
Baldwin Wallace,6.3173896978263855,7.954570081141734,9.105522205366665,10.425240982782869,7.405005012259313,10.66785095555808
Ball State,6.058419598531067,6.552545605349923,6.990416281167619,6.449304583023327,5.763573381116814,4.879034728874203
Bates,-7.066519418120864,-6.980977975213456,-6.851441973722112,-6.745145039769637,-6.98306034937797,-6.73268314314952
Baylor,24.277503034002457,25.40569889356167,26.6263145579956,27.75278567710351,25.0382372134288,27.320439751708033
Belhaven,-4.474473003658026,-6.642532699451146,-8.393678880695086,-9.040000751343783,-5.651088083261393,-9.180933322071366
Beloit,-35.31953020467578,-39.46656134011657,-40.73577471672064,-42.097255221697786,-38.390111833897315,-47.60185672156199
Bemidji State,-6.159379267017526,-6.801609247890687,-7.560508612406336,-8.659741788227732,-6.08248425221062,-5.851799207789956
Benedict College,1.9132236015382384,1.2204520242131476,0.33493530687321993,-0.8081579595945515,1.711307545612079,1.1055593778337323
Benedictine University,-9.412386175917153,-9.939688707887209,-9.601658539186854,-9.005186012536054,-8.86657516352776,-7.229142126359635
Bentley,-4.433115766224674,-3.8489469952108077,-3.3882673162511843,-4.181900501644375,-4.113856551445277,-3.156078907107183
Berry College,13.802734875220164,14.951769646814768,17.968620382599276,21.458310415053123,15.166525974984499,19.257899274277587
Bethany (WV),-39.42111422392068,-44.28638799828565,-48.14616038248065,-51.901500525460314,-42.12908496538481,-50.252997189777126
Bethel (MN),12.762926320411347,16.313624913916783,21.28222597312586,25.93284628996238,16.10180818427351,26.118453775860083
Bethel University Tennessee,8.031390643944858,8.02766027068491,8.04817857968711,8.174755007417067,8.135877235919175,8.449337011842108
Bethune-Cookman,3.75212994446101,3.0586030971477127,2.281464470269272,0.8618954895175479,2.857860171041729,0.17505085078389548
Biddeford,-5.173097745694147,-4.021907166861096,-2.972957005442929,-2.539957967141831,-4.684043191322921,-3.216879528209251
Black Hills State,-10.199438357257494,-9.908130336704941,-9.533737757072858,-9.152497812108336,-10.153136013156235,-10.014228980852424
Bloomsburg,-7.057653347420567,-7.038120832372728,-7.86610191195652,-8.855772134202109,-7.2452794239335,-7.808157653472051
Bluefield State,-18.716179765852353,-20.885640462593386,-22.61296540122373,-24.29216760009229,-21.10980527146682,-28.290681788310295
Bluffton,-19.9760649223723,-20.07281446325974,-20.586549557993436,-21.230529051742206,-20.342379857642285,-21.44132466345226
Boise State,25.01861659344766,25.425412333311797,25.81441304564749,26.56962838507603,25.7707779848981,28.02726215924956
Boston College,10.631568804447145,11.232609194768646,11.41715068152571,11.229867941830012,11.668480741163643,14.779216551313239
Bowdoin,-11.89116136297518,-11.869693146612436,-12.196678884251499,-12.835233208880254,-12.201294971577843,-13.131695797385966
Bowie State,-11.25501574575006,-11.972218548513842,-13.021635307027378,-14.060146734562688,-11.584081069326684,-12.57127704005675
Bowling Green,10.019704045450554,10.688488186802804,11.128134066067615,11.158566746994465,10.402543073890019,11.551060159208552
Brevard College,-11.774737178277844,-12.531308314557842,-13.231874887548917,-13.557017882643034,-12.23229196194017,-13.604956312927076
Bridgewater (VA),-12.449686076414183,-12.194526864665871,-10.972483980137898,-9.375303003624293,-12.030863230804933,-10.774394693977271
Bridgewater State,-18.510485614163077,-18.485117258645992,-18.938070454074953,-19.59686526425351,-18.608040994395544,-18.900707135092986
Brockport,1.666024027694288,4.961770072847369,6.511855011804732,7.44928713422901,4.107890330861018,11.433489240361144
Brown,4.626543854697254,5.274841520073017,5.493405397152452,5.339134677591385,4.958391071791004,5.953932723072351
Bryant,-3.140542676966776,-4.378879920525484,-5.198554581216016,-5.870505238112377,-3.022369028047936,-2.6678480812913907
Bucknell,-3.52345696631968,-3.88249185000337,-4.798930530847285,-6.43799622766338,-4.358859812614157,-6.865068351497497
Buena Vista,-25.527724341287403,-25.46939385362248,-25.3788563290949,-25.298010639222248,-25.920987596400195,-27.10077736173865
Buffalo,12.20578523394076,12.324899448719124,12.56558621378505,13.609957984367153,12.462273424125648,13.231737994680536
Buffalo State,-28.3940755822485,-28.146953159015652,-30.283390349224398,-32.94888897975377,-29.53565950303811,-32.960411265406876
Butler,4.6797223283793965,5.173018874730651,5.615112825400065,6.096576372739255,5.069108705977486,6.237267838771905
CENTENARY,-32.93211809684856,-32.957178383204976,-34.09540976360721,-35.887551817462885,-34.72125272839555,-40.088656623036485
CSU Pueblo,11.78015017382548,13.696925094577727,16.20185539472269,18.184510756457676,13.061077647354242,16.9038600679404
Cal Poly,11.032602114470844,11.902674866535257,12.289094159341257,12.578140584724714,11.151884902604134,11.509733267004309
California,17.452327164409827,18.134127081511984,18.586342182892285,19.004318580659152,18.09770356502929,20.033832766887624
California Lutheran University,-7.701098412540283,-7.461719517747396,-7.353548264528459,-7.171742347840432,-7.583508610529767,-7.230739204498282
Calvin University,-7.131422902641763,-8.362484845997917,-9.413554460982414,-10.470809315410687,-6.342067008347784,-3.973999325466007
Campbell,-1.4085283586081694,-3.5039068251161662,-5.410091505506573,-6.603187463529931,-2.5394466822775605,-5.932201653285755
Capital,-16.54921202930324,-17.300052615729836,-18.188882927671763,-19.068223811666176,-18.08179988501707,-22.67956345215849
Carleton,-0.8510229141680394,-0.1984354698254034,0.6970029457149636,2.0911830516624104,-0.3360049495658064,1.2090489442409194
Carnegie Mellon,8.47162158318008,10.509568151860941,12.919902827850075,15.176707703648185,9.487415502901602,12.534797262066224
Carroll University (WI),-9.96290070880136,-11.552203382289882,-12.432642576566145,-12.801564523413084,-10.5744048134659,-12.40891712745945
Carson-Newman College,14.652122968186083,15.26497002473442,16.18266351963901,16.960805660780604,14.948765772613202,15.838694185894514
Carthage,-11.660911247513576,-10.777482622341028,-10.601951065851491,-10.959671953284237,-12.160989372500644,-13.661223747461914
Case Western Reserve,-2.699893392465494,0.31784361364978864,3.782033016054374,5.49686747146356,-1.3861794928807374,2.554962205873414
Castleton,-27.119139091953393,-27.45892761816253,-28.850179480950086,-30.71887885092562,-28.240356727260746,-31.604009633182837
Catawba,6.117166272245331,6.752753383248477,7.767433048685573,9.187387273926836,6.705941111888437,8.472265630817644
Catholic,-20.28234939251704,-20.872702363010124,-23.348647115157803,-25.567888458103045,-21.978804276756627,-27.06816892947534
Central Arkansas,4.9455367679330475,3.846694222234125,2.2594529690409675,0.21971274267854612,3.8252889334705937,0.4645454300831693
Central College,2.131037381343713,2.358502670691559,2.8665925330687756,3.4166118684794995,2.2934355763234056,2.7806301612624846
Central Connecticut,5.787535767522533,5.523148479430672,4.856370394114925,3.7738694364363887,5.06967473142359,2.9160916231269858
Central Methodist,-38.01928082591762,-38.342807584398656,-39.65376917047358,-41.05571710897754,-41.51779349411094,-52.013331498690654
Central Michigan,14.097915572113466,14.575271832287388,15.034637924617625,15.311335489406842,13.955626427044187,13.528758991836499
Central Missouri,2.795984883304829,4.0477460404636485,5.5305655602397445,6.923007769800518,3.7485656540291643,6.606307966202338
Central Oklahoma,4.473525139846814,5.18095880696316,5.741811129773548,6.639653480207926,5.059269238784137,6.81650153559592
Central State (OH),-14.972752658684591,-15.535277296323702,-16.256999571027976,-16.91060629455257,-15.482105154547279,-17.010162642135235
Central Washington,15.96505948667238,19.896747652233266,23.08981335244945,24.970939184933783,17.866640060039284,23.571381780140122
Centre College Kentucky,-7.0741922443476355,-5.958608333895197,-5.070686021648819,-4.0694125805355466,-6.326120705372789,-4.0819060884483
Chadron St,1.958185881318898,1.9215872901056847,1.8352164631834178,2.1348121058223866,2.3713632355005965,3.6108952980455187
Chapman,-0.051325107215437704,1.0120389561927698,2.1890271621844626,3.503314550882158,0.8337476034545475,3.488965735464501
Charleston Southern,2.192411814410111,2.1485436245707454,1.502836919114336,0.8295854446680986,1.7748746032173068,0.5222629696390104
Charlotte,1.3273471489064246,1.8261011481548248,1.63229633155251,0.8320730406137891,1.4951863714111795,1.998704038925295
Chattanooga,4.518373537737213,4.954812911094763,5.146011211814327,4.963982369897407,5.2851571067899705,7.585507813948377
Chicago,-8.075387214168892,-8.499426658042989,-7.903687060293532,-6.9841347321770595,-6.900047618759798,-3.374028832532515
Chowan,-14.33472473726046,-14.97566277324715,-15.944599138316478,-17.091995569943478,-15.205434619377701,-17.817564265729434
Christopher Newport,10.43015308656773,13.446019246605562,17.019308539377363,19.675827555555564,12.827392812804712,20.01911199151571
Cincinnati,27.64449620144341,30.952381786352653,31.734771261570906,32.29424564375029,29.29603086373961,34.25063485062833
Claremont-Mudd-Scripps College,-12.044708426523925,-11.577993028619549,-11.204983443236149,-10.962124055149099,-11.687101389533971,-10.61428027856429
Clarion,0.8989502745911526,2.0007022327627,2.5467471235065684,2.443034960926777,0.7565746460865412,0.32944776057257563
Clark Atlanta,-12.842945933297495,-13.060606057585046,-13.293051626045527,-13.473875857698555,-13.12461014945958,-13.969602797945651
Clemson,24.722476892418392,25.798904832263553,27.587858385393854,29.83274553075351,25.470972796760872,27.716460509788714
Coast Guard,-1.8835760992001358,-0.9882430285372248,-0.2654067811919436,0.540528279418865,-1.5971204244640465,-0.7377534002559969
Coastal Carolina,15.406415844747539,15.235099681741948,14.167677839097855,13.147920153109872,14.701961398510159,12.58859805979805
Coe College,2.778940703062169,6.557676241042538,9.966299436157259,12.094833641398761,4.194350086653854,8.440578237429
Colby College,0.8497693359132494,0.8712375522759608,0.8863570777947896,0.9056974900081176,0.6448988852052864,0.030287533081367002
Colgate,5.199502812222983,4.961797840460417,4.589681862049792,3.988695448406687,4.6573511020275955,3.0308959714415504
College Of New Jersey,-0.7417221673604644,-2.4359167156802446,-2.807127933751156,-2.6718964179059235,-0.5324479438174592,0.0953747268116345
Colorado,21.260719945352324,20.708009500411837,19.84336973227424,19.64248915007463,21.576623218354307,22.524333037360403
Colorado Mesa,-1.9371336319436754,-1.8289251614918443,-1.4813564071163894,-1.1410347364515934,-1.7160674168759336,-1.052868771672558
Colorado School Of Mines,2.3191266390656686,2.937760656526005,3.702994170863202,4.62225399867328,2.842114851839152,4.411079490159448
Colorado State,11.200887718751037,11.552590527870748,12.10753152331008,12.723244734009253,11.777959501100081,13.509174848147357
Columbia,-2.931141408292725,-3.597866523108549,-4.72631393239625,-5.88213025809477,-3.536651444453004,-5.353181552933931
Concord University,-14.139517602642488,-14.628361453736648,-15.47757450991428,-16.36475467443685,-14.722667493009784,-16.472117164111634
Concordia Moorhead,-6.741201341285176,-6.9822978860301514,-7.4804992037821645,-7.151283796134955,-6.6072093691517395,-6.205233452751436
Concordia University Chicago,-28.757427756014863,-27.363343320479174,-27.456333434843486,-27.81864646664182,-29.73251377261859,-32.65777182242975
Concordia University St Paul,-17.937473356563178,-18.789293860395258,-19.56084729201125,-19.939136708557132,-18.947351776748654,-21.976987037305193
Concordia-Wisconsin,-7.80449880876471,-8.16049133428041,-7.973470530889232,-7.416848999131685,-7.963544157413539,-8.440680203360204
Cornell,1.8295294542584095,2.0990309223995256,1.6251375364975478,0.8274958051486694,1.8410356731565964,1.8755543298511625
Cornell College (IA),-24.101186379690024,-26.10752850170685,-28.466745191060763,-30.380095255564424,-25.436538985298718,-29.44259680212489
Cortland,10.441559590001557,11.497135227506993,13.798089878665161,16.442652770348154,12.361929000622006,18.1230372324834
Crown College,-19.474083862414062,-20.161391976900106,-21.0672074003949,-22.023056318977286,-20.630225803767473,-24.09865162782779
Cumberland (TN),-8.604923675711483,-25.572348914654125,-36.31862587422127,-35.04505462217371,-17.035413974680374,-42.32688487158735
Curry College,-6.9913336107362,-5.330579814629395,-4.72005052538427,-5.500520808046316,-5.80641375922238,-2.251654204681035
Dakota State University,-6.120471625309937,-6.0371981267007,-5.972124466181454,-5.938206706166373,-6.0722687338342425,-5.927660059407204
Dartmouth,12.962894689807484,14.08107632269572,15.2104815819579,16.114896442285726,13.38655071352472,14.657518784676435
Davenport,4.243010631838571,4.675159639475114,5.415275431137702,6.080065700938427,4.499121665476959,5.2674547663920235
Davidson,-13.183037323042374,-14.11369376353326,-16.888181270343804,-19.911165641946752,-15.046775928151185,-20.637991743477606
Dayton,5.908222942470179,6.516239816852682,7.444518718044208,7.866903043377439,5.948468099032562,6.069203568719747
Dean College,-45.38533383808485,-47.95427289627992,-50.3887172218582,-52.464427009415104,-46.728319914097625,-50.757278142136315
Delaware,10.523510186015374,10.866740469261172,11.088035859505128,11.48078664605827,10.755217140096663,11.45033800234066
Delaware State,5.022162596793082,4.739830200295746,4.840006645763877,5.2914939317929734,5.108763166710491,5.368564876462681
Delaware Valley,-3.4720004497347166,-2.156077890534535,-0.5966994990652275,0.894261935167707,-2.719320989801675,-0.4612826100024616
Delta State,9.033310698953159,9.761476355034764,11.146908804194572,13.33349628584816,10.288253484179508,14.053081839858722
Denison University,-8.01801529587394,-8.219901139199994,-8.089540581394049,-8.18975343595449,-7.905033171400522,-7.566086797980358
Depauw,4.777034500458393,7.350662538517659,7.6852958769061654,8.095725614274965,6.023896945090064,9.76448427898486
Dickinson (PA),-3.5231139926276622,-6.3034281526581735,-7.900160241969875,-8.530288445951488,-4.426218818418269,-7.1355332957901485
Drake,11.802539833546845,11.914718930965812,12.006796082581843,12.317852481848815,12.594382157347152,14.969909128748341
Dubuque,-11.644664079864514,-10.763215092594644,-10.343542575853098,-10.158388395457829,-11.322726076192925,-10.356912065178005
Duke,27.037167080771216,27.840089283030995,28.758965379202273,29.991972777397812,27.90294861475203,30.50029321669446
Duquesne,6.438430834157466,7.727614587979186,8.205394113274961,7.389723398479954,6.115574532315926,5.147005626791458
ERSKINE,-19.769922483574625,-20.266946259514654,-22.3956810997904,-24.497007202992823,-20.645323276376008,-23.271525654780138
East Carolina,26.919657505179522,27.76420764326163,29.19991495170177,30.703173897794414,28.25073207136703,32.24395576992972
East Central (OK),2.425458548522057,1.9353092530089366,1.5376148525468132,1.0894751168741177,1.5086798452712173,-1.241656264481433
East Stroudsburg University,4.3174950262862275,4.540317060821902,4.634469440099355,4.6313899535530005,4.47957630109185,4.9658201255086745
East Tennessee State,9.633060298440313,8.83455775873886,8.194664354397023,8.534591478380104,9.275282494181967,8.201949081407061
East Texas A&M,3.0095155851992637,0.35622129793971524,-0.7384505531647676,-1.2718457882297045,1.576229000823444,-2.723630752303853
East Texas Baptist University,-7.798263484331226,-7.607587380799093,-6.712818944384806,-6.120362720504897,-8.034314363311829,-8.742467000253537
Eastern Illinois,-0.5957124109828023,-1.0125572702927226,-2.05773001373335,-3.3254375088250594,-1.0168904453357737,-2.280424548394423
Eastern Kentucky,5.588395103089832,4.717266913350453,3.047156030304688,1.0768292905288757,5.5937514069640475,5.609820318586844
Eastern Michigan,4.1421520380320835,4.440064707641717,4.68457305090719,4.9690981689080616,4.369635799244303,5.05208708288102
Eastern New Mexico,-10.609473220277799,-13.92439213820384,-14.560788210582807,-14.857918487624211,-11.726005170966525,-15.075601023032608
Eastern Oregon,-8.143799041638303,-8.070814844465811,-8.028700342618322,-7.981011431423701,-8.0955386883676,-7.950757628555511
Eastern University,0.8042780769355851,1.1222432675276686,2.0681399330416905,3.3221256309948757,1.3092646698016583,2.824224448399976
Eastern Washington,3.878803689675701,3.618708766624847,2.595229937690167,0.9602548563123445,3.0034093094200953,0.3772261686532641
Edinboro University,0.22558559268470013,0.7588554520197359,1.1512795523706494,1.3300978583799488,0.2308073227588494,0.24647251298141803
Edward Waters,-4.45807228842931,-4.82677325282431,-5.239170942999758,-5.743726982077252,-4.624780105308645,-5.124903555946674
Elizabeth City State,-9.841925003189898,-10.574788860914492,-10.744522139727156,-11.130077761967328,-9.998014038985243,-10.466281146371102
Elmhurst,-29.249511166153795,-30.989665359630482,-32.30557040873205,-33.14383602828836,-31.30159883866048,-37.45786185618067
Elon,6.215949588631023,7.44314713092318,8.142959573191428,8.32763338204731,6.451730225934869,7.159072137846456
Emory & Henry College,16.625753953506724,17.29666907390609,17.79749917517861,18.151957158026732,16.97885598083832,18.038162062833198
Emporia State University,-0.2777297636834879,0.3748857557566687,1.71552325529672,2.488640869802053,0.004231937079036463,0.8501170393665927
Endicott College,6.599988227257999,9.007369773513497,12.656400855124684,15.57106590975938,8.457321847940415,14.029322709987756
Eureka College,-38.57338463122258,-41.74859125134958,-45.269629337413946,-49.09622736301927,-41.39538313858017,-49.861378660653074
FDU-Florham,-25.030787670548612,-25.313920097862052,-27.19154527606345,-29.2742077412681,-25.020630879041583,-24.990160504520354
Fairmont State,-9.111070212959277,-8.801722951261402,-8.839811484008393,-8.925695717016037,-9.357638669180073,-10.097344037842587
Fayetteville State,5.530300050937911,5.029156619813815,4.646063021373097,4.783882556785951,5.562814884702526,5.660359385996335
Ferris State,21.346566494849487,25.005060692825598,27.878625159856586,29.22009686599978,23.97951392296053,31.87835620729373
Ferrum,-20.62145262521474,-20.686804473706452,-22.906821023844188,-25.875356855064908,-21.518195007705938,-24.20842215517967
Findlay,13.07399217557245,12.943863638874356,12.868033721866535,12.766358031175475,12.922190654858529,12.466786092716701
Fitchburg State,-23.483328541447946,-22.576939197637795,-22.402128746969613,-22.409645606785887,-23.447530633166163,-23.34013690832067
Florida,25.99043837979128,27.827976456565533,29.945449961978703,32.0417984270896,27.645792013842666,32.611852915997076
Florida A&M,-4.327732631788141,-6.0340412958053005,-7.866092118543456,-9.235286861731819,-5.380949953264388,-8.54060191769323
Florida Atlantic,9.719621023183288,11.227932010502641,12.551958460083487,13.47998062447044,10.03795306631324,10.99294919570301
Florida International,9.140297001450554,9.760550827946656,10.0534190054132,10.456275202082633,9.045734694799805,8.762047774847556
Florida Memorial University,-6.589565035189962,-6.622709376807065,-6.664349314422477,-6.701145883564685,-6.636514758509404,-6.777363928467619
Florida State,29.455611499810345,33.11870865849035,35.8261066456363,37.71261076351539,32.20916040874144,40.46980713553462
Fordham,-6.755475017002305,-6.593472424373902,-6.6453403521976195,-6.8482982180376535,-7.457697777409568,-9.564366058631528
Fort Hays State,2.2985358400312985,2.8191355178786837,3.313049822038516,3.3699644272674565,2.1985868726464446,1.8987399704916443
Fort Lewis,-13.989197123846694,-13.088551044398452,-12.577138138529516,-12.310944448618525,-14.15074195696638,-14.635376456325433
Fort Valley State,-8.210754472090866,-8.503523524166235,-8.967944149321088,-9.403358009394923,-8.454595507358626,-9.186118613161856
Framingham State,-18.41477419460867,-18.268641818537617,-18.575644570988445,-18.999927962093125,-18.4748622555528,-18.655126438385036
Franklin,-13.2884668292495,-12.725484858007363,-13.306316103560373,-14.049542233333844,-13.005509762326035,-12.156638561555646
Franklin & Marshall,2.4687716475936963,1.959262132378134,2.235381491713417,3.0050179222944227,2.369782517559825,2.0728151274581137
Franklin Pierce,-3.4960903004558403,-2.591400492919501,-1.5453193088309192,-0.7281839014334679,-3.6682355728989346,-4.184671390228242
Fresno State,16.057303190231632,16.41852770531919,17.205844361710508,17.636177732718163,16.87171041781978,19.314932100584343
Frostburg State,2.0071791700440347,2.388263427635568,2.9325147247825516,3.505775161357846,2.0705289664785678,2.2605783557820374
Furman,4.132948682314646,4.059717992204044,3.9085835493044936,3.891998452719792,3.5667781648626105,1.8682666125064573
Gallaudet,-30.38279031486227,-34.865870806128285,-38.30835473581229,-41.5684388090265,-33.34345732953965,-42.2254583735719
Gannon,-10.159611500355037,-9.862566024889343,-10.299938612520606,-10.951807510072324,-10.546797030750739,-11.708353621937913
Gardner-Webb,8.255278545353313,8.283765416536202,8.13045007755588,7.547583704156995,7.830465298446196,6.556025557724934
Geneva,-12.032183604198883,-13.767264176532105,-15.55695767317675,-16.761278962053307,-11.994651316535595,-11.88205445354584
Georgetown,-0.1696938593413122,-0.9261406957505611,-2.317387469414508,-3.4250814629848017,-1.255240023888975,-4.511878517532044
Georgia,37.1035665953021,38.18351880810477,39.59178111795583,41.372024569419764,38.412730997577505,42.340224204403846
Georgia Southern,12.740073974303444,13.174050333127676,13.586737330629184,14.038179601537351,12.740839801710994,12.743137283933716
Georgia State,4.8178707666665,4.65128528071256,4.291583335353899,4.026303803904897,4.027703031911971,1.657199827648423
Georgia Tech,30.67938089230698,31.17265911132608,31.851671447864195,33.05504284249555,31.68525707553792,34.70288562523086
Gettysburg,-22.057463012757744,-23.81874286496188,-25.69107655363515,-27.860812186111254,-22.498830114257355,-23.82293141875629
Glenville State,-5.155271314280546,-5.254497860106709,-5.664840254972962,-6.044856425735208,-5.373311588031479,-6.02743240928439
Grambling,7.045926201505191,5.838718330950394,5.7195841382634445,5.912279347361933,6.015131304028361,2.9227466115978693
Grand Valley State University,11.707784237040915,12.093398824997509,12.434820205795864,12.552142975115045,12.485271486499363,14.817733234874709
Greeneville,-13.917584472415864,-13.603797037693342,-14.388698613450778,-15.945304784671793,-14.099638076013882,-14.645798886807913
Greensboro College,-26.379648087284565,-28.53181208266946,-30.453907126424987,-31.361592619232695,-27.44398345763664,-30.636989568692844
Greenville,-22.471202398673,-22.797194710814004,-23.181397525983005,-23.567956306489588,-23.145247664429988,-25.167383461701128
Grinnell,-28.05239772887252,-29.6674832342511,-30.973449034404226,-31.894878928285706,-29.580672586526276,-34.16549715948767
Grove City College,1.0347474429929253,0.7459775044021946,0.20205744269102333,-0.7139155379929836,1.88819171049051,4.44852451298323
Guilford College,-24.109896929043096,-25.670376719773298,-27.629402670886073,-28.92609277737126,-24.89713888607303,-27.25886475716294
Gustavus Adolphus,-8.496293418089067,-6.827878678510368,-5.404356213230299,-4.254950147818237,-7.278926945662515,-3.6268275283828473
Hamilton,-9.621902207566443,-10.27320286992224,-11.801561605272987,-13.353159408162597,-10.459495770402523,-12.972276458910875
Hamline University,-29.442156103357018,-31.8762658838295,-34.85727457408567,-38.45760003503148,-32.10580042529325,-40.096733391101935
Hampden-Sydney,5.9925347850699815,11.582629343341164,13.321521593533078,13.903652523849045,8.092584071039191,14.392731928946796
Hampton,-8.732858635921106,-11.224324860885378,-12.450874732077255,-13.013847134726017,-9.59637379895363,-12.186919288050959
Hanover College,0.488385275237901,5.605213911189326,8.737905624301256,11.248822799330734,3.0068631148346174,10.562296633624756
Hardin-Simmons,15.516119910371657,16.96810891063183,18.64708411081967,21.508972032763417,17.413396271398966,23.105225354480986
Harding University,24.01329949071048,27.19748903682133,31.03736267255867,34.23094978871743,27.22028944998493,36.84125932780819
Hartwick,-24.100795753702577,-26.529958898338524,-29.713826816322197,-31.596266066629127,-25.204073224234193,-28.513905635829033
Harvard,27.168720958931367,29.95040460455869,32.75868302215862,34.32168392307391,28.108377722799847,30.92734801440521
Hawai'i,16.84643863174438,17.124049898791874,17.460162353209945,17.775248559003348,17.03202794915748,17.58879590139694
Heidelberg,-6.584640595248674,-6.583715544263833,-6.034633165194997,-4.930761537469909,-5.870891332083804,-3.7296435425893453
Henderson State,5.139553099564781,5.419266372514828,6.045950806981139,6.955851189546138,6.060858612110879,8.824775149748996
Hendrix College,-9.90842784555114,-10.24163188914488,-9.240445189417247,-8.048299064984299,-9.43237841501182,-8.00423012339404
Hilbert College,-35.96310921869304,-37.40119915488811,-40.192079434201986,-42.907685678182794,-38.154933434772666,-44.730406083011545
Hillsdale,0.6404853912721142,0.7138005090536572,1.8912839946141977,2.9310355594164728,0.829080294760268,1.3948650052247211
Hiram College,-27.922361774619915,-31.13691056380358,-33.492815823510014,-34.947397161392516,-30.01044983780632,-36.27471402736556
Hobart College,-7.597176220691353,-7.0289146947646834,-5.808208303976119,-4.785963794567341,-6.993588004503735,-5.18282335594083
Holy Cross,1.3468305155068787,0.9864025869749429,0.3352653233517948,-0.5307025205697586,1.122159841550666,0.44814781968205963
Hope College,9.070864823660772,12.900812572828285,16.82954075207055,19.95398495797432,11.613602955556113,19.241817351242148
Houston,27.68185198391086,28.921750085817642,29.350888770891604,29.544526787488742,28.26500700953973,30.01447208642635
Houston Christian,-5.668770441489942,-6.288031011186323,-6.9104774624168925,-7.719247535890549,-4.631612791511323,-1.520139841575464
Howard,-1.6621585564144352,-2.5944397764761336,-3.9597347012020307,-5.4011666455589085,-2.602385532639423,-5.423066461314283
Howard Payne,-10.52333552392832,-10.082901284677572,-9.771631821967786,-10.133933226894024,-10.656585543292602,-11.056335601385458
Huntingdon College (AL),-11.57695632703512,-12.746287234137654,-13.560828140433644,-14.12535569957405,-11.574527088190798,-11.567239371657996
Husson,-19.388037880094767,-19.137466889125324,-19.26421829060861,-19.856815352569225,-18.995690882053502,-17.818649887929702
Idaho,11.811555015414529,11.770936581579482,11.814686273616843,12.302207700445297,12.08537528194488,12.906836081535882
Idaho State,7.19741946601812,9.462855810457565,9.451251961977059,9.367541047746206,8.291948183464882,11.57553433580538
Illinois,32.055126176137094,33.23571438423936,34.64841414274875,35.83609835931058,33.45745533928185,37.66444282871612
Illinois College,-8.841157084415244,-7.328844703280464,-7.2490696488272715,-7.328213647504885,-7.7867357824219745,-4.623471876442195
Illinois State,13.041688147818848,13.05180183491832,13.064726834034893,12.582145340395778,13.054009588091947,13.090973908911273
Illinois Wesleyan,-3.2434637910793214,-2.5244532989668222,-2.247945706372686,-2.2106769825309307,-3.5925454413260205,-4.639790392066136
Incarnate Word,4.86251040436945,4.806344380857348,3.7643071160571333,2.1625054532447185,5.148189752452135,6.005227796700353
Indiana,44.95014148024467,48.12643058874263,51.48689799831356,54.165743956773795,48.88339472747124,60.68315446915085
Indiana State,7.820194616654806,6.7885977747235895,5.69462140744705,4.849475517129566,6.837899214494912,3.8910130080152743
Indiana-Pennsylvania,14.997372105709207,16.842154844075093,18.06308749881261,18.454415697592673,15.599226988315596,17.404791636134707
Indianapolis,17.1061840961781,18.464524988583563,20.646029173724216,22.628608812376974,18.884354509068885,24.21886574774137
Iowa,31.89809989498439,33.266209297469885,34.79688090966582,37.39437084293229,33.72543636085712,39.2074457584752
Iowa State,28.508510105060708,29.648115790861322,30.410828948305717,31.154761078666933,29.725555386836298,33.37669123216308
Ithaca College,-1.980164212368626,-1.8002382731690556,-1.1615225758796157,-0.7591402609104403,-0.8819519071780224,2.412685008393769
Jackson State,14.437691503181679,13.574869203295965,13.10774062309525,13.60116061662658,14.02999865598522,12.806920114395965
Jacksonville State,13.468871645100464,13.917168790383093,14.094569332449783,14.54698490514097,13.794013292244301,14.769438233675707
James Madison,30.90152669855529,31.291554042857662,31.646258298335308,32.38590584309683,31.48989711746839,33.25500837420773
Jamestown College,-17.778247947664305,-18.558093194608798,-20.206005343362357,-21.79196384124026,-18.02482498444011,-18.764556094767528
John Carroll University,6.5464176677758665,9.638327640720162,13.501882481342175,16.833117848393005,8.73138362665212,15.28628150328096
Johns Hopkins University,21.055284392455988,23.649433064392603,28.178666416491097,31.746174701250276,22.499939917744832,26.83390649361155
Johnson C Smith,9.399346774490212,8.880692337783294,9.38851813972305,11.139224514040174,10.493131235983403,13.774484620463113
Juniata College,-27.006079150702988,-28.74513609194261,-32.03439256527817,-35.001590905259825,-28.77682866927606,-34.08907722499533
Kalamazoo,-17.130215008779945,-17.34075300396068,-18.42730088164276,-19.697587907422033,-16.990581376715575,-16.57168048052238
Kansas,23.989949696362988,25.246435287464486,25.975168221437045,26.78696958866225,25.117084999429935,28.498490908630654
Kansas State,27.528791362898364,28.91265708572756,30.088284549836008,31.085067467257055,28.451158567480242,31.21826018122595
Kean,-20.301506677328284,-22.750580175599715,-24.42234914130116,-25.210720247767455,-20.698011593489788,-21.887526341974198
Kennesaw State,22.46076146483128,23.140125172767053,23.9017865880278,24.596262554148424,22.525712980920854,22.720567529189694
Kent State,7.352583903601387,5.457610234514139,4.669258170448707,4.0404342362416,6.526564969511345,4.04850816724122
Kentucky,20.71722397146497,21.688438291696517,22.88218532291836,24.134473959980067,21.786606096874788,24.994752473104228
Kentucky Christian,-9.984702382532909,-10.571584922995608,-11.18894490543195,-11.643068237375154,-10.33623716859493,-11.390841526781017
Kentucky State,1.8446175728468028,1.570571211761108,1.851631752281674,2.184993997836326,1.5032258793465454,0.4790507988457602
Kentucky Wesleyan,-19.250915530030447,-20.47325299057899,-22.403469674969084,-24.282278868952638,-20.37788152963104,-23.758779528432676
Kenyon,-26.45139287411652,-27.03181689983701,-27.28878270296311,-27.342156375343144,-27.602666290373946,-31.056486539146245
Keystone,-20.3668552916823,-22.676087780946922,-25.137333796673612,-27.085371674247604,-21.994557525271304,-26.877664226038412
Kings College (PA),-7.024471764127048,-6.386372692571954,-6.3990923384825535,-7.027851133661849,-6.693779995213402,-5.701704688472379
Knox College,-36.39770168185329,-38.692602458154425,-41.38269917008485,-43.96254857006593,-39.141766777956164,-47.373962066264866
Kutztown University,24.92626030289128,25.917119279036022,29.359557594416973,33.05987918024479,26.64744864888595,31.811013686869714
LSU,30.96843147767208,32.59275980939246,34.92024685823547,37.32375744615236,32.49116197163239,37.05935345351344
LYONCOLL,-26.098480812915145,-26.95227323387924,-27.900535239495277,-28.982165216497307,-27.784853641786366,-32.84397212840014
La Verne,-23.155299097578734,-23.720357475873918,-24.573979855364854,-25.395277186713272,-23.619916901183824,-25.013770311999224
Lafayette,6.602205939012488,7.169275196302616,7.436088064258176,7.8322341401896916,6.474388416149326,6.090935847559827
Lagrange College,-0.9558176263171632,-1.3416908273181347,-2.2101988285599514,-2.810479214868,-1.5276967879920829,-3.2433342730167745
Lake Erie,-13.798345451160197,-14.483123638672371,-16.3175808771726,-18.353261623252692,-14.840078732586417,-17.965278576864993
Lake Forest College,-7.923556379360518,-5.234265457962601,-2.4665723607689056,-0.9728702003057847,-5.5887118803566915,1.4158216166546698
Lakeland,-17.93321119893686,-17.856977806808807,-17.368841601822815,-16.901984152383868,-18.19263748898483,-18.970916359128925
Lamar,12.531476580912798,11.516464957338894,10.807725331008793,10.133735197763384,11.925967798046745,10.109441449448676
Lane College,-25.415181005938273,-26.13330305363322,-28.11955344608987,-30.19844820644339,-26.562454875457792,-30.004276484016263
Langston University,-12.500641620458087,-17.283121758558757,-19.30347738744414,-20.832242008512072,-15.471162843538824,-24.382726512781105
Lawrence University,-39.201604722723864,-46.986221254975256,-51.92989566000979,-54.563887830422544,-43.54382985245291,-56.57050524164014
Lebanon Valley,-3.8610609165033516,-3.477505804851054,-2.8927352326420035,-2.3872237904578064,-3.6529103341254263,-3.028458586991615
Lehigh,22.282953438168686,22.215083386674713,21.747961472764338,21.07663178985831,22.18653696061175,21.89728752794096
Lenoir-Rhyne,6.547694220344853,7.24715544809657,8.076319792262773,8.472978730237966,7.249128275269104,9.353430440041961
Lewis & Clark College,-6.318738038876976,-5.365682904790486,-4.247897863452254,-2.730150002410981,-5.8723920571811155,-4.533354112093526
Liberty,15.170984669088227,15.718928569539086,16.188092593400125,16.75921733250808,15.441065489089363,16.251307949092833
Lincoln (CA),-24.859245341138646,-31.362214899508103,-33.025184602952336,-35.4351326176982,-29.38028137066515,-42.94338945924463
Lincoln (MO),-17.284553420498575,-19.028745254764843,-21.034260744021505,-23.472055816917628,-18.463888528972003,-22.001893854392314
Lincoln (PA),-26.123400291515704,-27.110725251959,-28.995534452748906,-31.18213057816868,-28.092488158777346,-33.99975176056238
Lindenwood,2.3913103468065344,2.2830606589407427,2.138452982243221,2.1241537946949354,2.1487666363451883,1.4211355049611036
Linfield College,0.5448983765146309,1.0152225557333638,1.363487909813779,1.7690033863742025,0.863156616654881,1.8179313370757395
Little Rock,-20.410019788412924,-20.68736349198715,-20.991007103708373,-21.35945870952898,-22.41914513887633,-28.446521190266626
Livingstone,-10.352712927062845,-11.209051529890047,-12.771217622454701,-14.973866684894272,-11.186172360330026,-13.686550660131555
Lock Haven University,0.05635592883893992,0.22225147239683452,-0.899120340081577,-1.812904982383472,0.005325143262705723,-0.14776721346616384
Long Island University,0.2929745634031109,-0.556485526649305,-1.6099536004336725,-2.871552150858096,-0.3934726627679166,-2.4528143412808587
Loras College,-16.14712401544625,-16.894561620215423,-17.357238301670584,-17.32328606469671,-16.622355123859787,-18.0480484491004
Louisiana,12.594215735550724,12.787080570673421,12.363883603961225,12.020961389452314,12.571105495720003,12.50177477622768
Louisiana College,-14.170108813817105,-14.231976212183842,-15.257134351152196,-16.747605524933537,-14.826364023126335,-16.795129651054026
Louisiana Tech,22.021240410280708,22.668496909682986,23.881604543441526,25.198221465158568,22.89525754441049,25.517308946799815
Louisville,33.78461369960798,34.906389772675595,36.38104448096402,37.79624210983538,34.710967849959516,37.49003030101417
Luther,-36.67610473834578,-39.57149132356209,-42.338205086530444,-44.918830034199814,-37.573607745515574,-40.26611676702487
Lycoming,-7.370687710165028,-9.534249102559128,-10.940345605070885,-11.10318776203258,-8.23304998253375,-10.820136799639974
MIT,-10.53417197259471,-11.167616853683825,-11.222203904685326,-10.561732602945268,-10.018604040489691,-8.471900244174519
Macalester,-17.64661965296378,-21.447875170305824,-23.056817987271327,-24.05989033285426,-19.7106180955224,-25.90261342319824
Madonna University (Mich.),-15.208040606479322,-15.77206390545448,-16.12869128098624,-16.49686338872153,-15.257938582961312,-15.407632512407439
Maine,6.150272992950079,7.2838430795711435,7.876885535164561,8.408167718006933,5.879675933178717,5.0678847538648135
Maine Maritime,-44.032603730408496,-50.94085037830141,-56.059900744097376,-58.972483837709426,-48.66649277704982,-62.568159916973755
Manchester,-37.715901749885916,-40.599164694481026,-41.23175583862562,-42.11765539609688,-39.483825636184875,-44.78759729508177
Marian College,-9.724150117781688,-12.344647697818743,-17.177563288651662,-22.2323105068321,-7.942660276979748,-2.598190754573775
Marietta,-9.191633982424044,-8.804917787870565,-9.038487241519102,-9.571786509439827,-9.638211433842098,-10.977943788096159
Marist,-4.099546273673792,-4.799190519559188,-5.865515726466013,-7.0625934379053525,-4.500482476859011,-5.703291086414417
Mars Hill,1.20588851076302,1.6328727893122923,1.9389598898056997,2.2162729437817417,1.171326164390139,1.0676391252715192
Marshall,18.577192908600765,19.277964734059804,20.07257627406221,20.472177937216614,18.5286480387922,18.383013429366617
Martin Luther,-23.09761732736864,-24.696826199436323,-25.815165994401944,-26.30955513374827,-24.26378863318589,-27.762302550637692
Mary Hardin-Baylor,4.685412206913326,4.645573759257087,4.771590341179838,5.501841736890254,5.257057680766152,6.9719941023246825
Maryland,24.523560880146064,26.468259366143045,28.971102720160555,31.436745879772992,25.360284410925036,27.87045500326184
Maryville College (TN),5.549591126835233,5.494135588451967,5.846687346347762,6.837997490207131,5.777299485817442,6.460424562764004
Mass Maritime,-19.649795767184578,-19.74389123509096,-20.106550854110363,-20.15844150768766,-19.786906133822825,-20.198237233737615
Massachusetts,-4.3536792961648505,-4.339004679884365,-4.066243434396773,-4.011976281112188,-4.710443853102133,-5.780737523913913
Mayville State,-20.26132875707488,-20.218740683892552,-20.24629910624739,-20.146516982087782,-20.280915275080144,-20.339674829095795
McDaniel College,-18.578748749556738,-21.65220867256239,-24.52403554680106,-25.736160998544662,-21.11132067491085,-28.70903645097319
McKendree,-9.650088961592637,-9.900024757718663,-10.599874457461317,-11.588113917217244,-10.31324634964391,-12.302718513797704
McMurry,-9.625338937729786,-8.857596678929102,-8.018801239490385,-7.5638984313168445,-8.65957911172202,-5.762299633698787
McNeese,1.0473043274521014,0.10602759789154881,-0.08758953212632115,-0.29511704219903123,1.5268034954260408,2.9653009993478108
Memphis,30.238937900453752,30.56855340960584,31.56153969705955,33.15342603578344,30.960910823307405,33.12682959186842
Mercer,20.157185877426137,21.832319388704274,23.30830045866344,24.338409321449966,20.98902322090389,23.484535251337185
Merchant Marine Academy,-8.149652211694246,-8.32164988983573,-7.887355327993129,-7.467390742342856,-7.403075075451328,-5.1633436667225965
Mercyhurst,-0.7241661143023124,-0.5140664783989695,-1.2331211650251053,-2.4721926278529587,-1.128985746758591,-2.3434446441273504
Merrimack,3.2083715207515997,3.3689236783923495,3.53091684467342,3.460842369400501,2.96162558946321,2.2213877955982566
Methodist,-28.90201132170914,-29.443381096568096,-29.96496719925407,-30.1890503577833,-29.240572201091112,-30.25625483923683
Miami,37.499263645503625,38.585496759585276,40.08905310576,42.24471773407237,39.17324913392834,44.195205599202396
Miami (OH),15.93743794935424,16.454062923390932,16.768428411586527,17.078157705475228,16.55836788056776,18.421157674208494
Michigan,31.150165932052698,32.58882384008872,34.46425252697873,36.38989665166156,33.073642793367014,38.844073377309954
Michigan State,17.175394305606808,18.962335935138587,20.575087711867816,22.098184789617378,18.589023544138797,22.829911259734768
Michigan Tech,9.529390847111063,9.586842494564813,9.766981086846137,9.806720054754688,10.043097456948933,11.5842172864625
Middle Tennessee,3.9795421232513988,4.485751537608692,4.830497938571838,5.011831393670107,4.08986896615378,4.420849494860985
Middlebury,2.618095525872647,2.767710195324627,2.821731322674138,2.852513382484716,2.621463061434735,2.6315656681208335
Midland Lutheran College,-12.338522788140313,-11.614823199317785,-11.460702398619121,-11.788513730077621,-12.718909923017716,-13.860071327650065
Midwestern State,-14.362647988186783,-16.211545390865517,-17.703621124534312,-19.907370124477755,-14.546988603003333,-15.100010447452963
Miles College,-15.950411145455295,-16.343813088051327,-17.795887515737338,-19.170839893033296,-16.618712303071135,-18.623615775918644
Millersville,-18.855544935119504,-20.016999790848494,-21.55468742736138,-22.827159530458893,-19.466974842398002,-21.30126456423354
Millikin,-19.795474454868874,-20.168364804161563,-20.833721620308523,-22.017123608920475,-20.233640704672577,-21.548139454083703
Millsaps,-4.7056608096705475,-4.808006646587379,-5.091622617496906,-4.918547963166019,-4.508289202153333,-3.9161743796019035
Minnesota,20.686005969728225,23.389448332224603,23.352579780616065,23.58921576914582,21.888518134560428,25.496054629056978
Minnesota Duluth,14.666031655161909,16.47956624762012,18.30476410059566,19.88692236615124,15.298599316952131,17.196302302322795
Minnesota Morris,-27.59944742658766,-27.501930898061886,-27.75974339644754,-28.31647679886577,-28.541271228429913,-31.366742633956648
Minnesota State Mankato,15.633304018234654,15.620802543478323,15.765643353488247,16.49392885129528,15.933189949029922,16.8328477414155
Minnesota State Moorhead,5.574037289520758,5.001071760738496,5.194422629991031,5.279060670216942,6.058197862326562,7.51067958074394
Minot State,-9.019825434910667,-9.629833291161063,-10.403634595518907,-11.2082922180551,-9.041647643650894,-9.107114269871621
Misericordia,-2.8259620794008082,-1.722295006189178,0.5303580356345492,2.7482627121157694,-2.5417693988831687,-1.689191357330289
Mississippi State,26.57242260068994,28.456829537827904,30.33407533956212,31.71552795273034,28.043284414645548,32.45586985651255
Mississippi Valley State,-11.14700061836033,-13.622874111275506,-16.184071404605582,-18.51804269274905,-12.671166304322943,-17.243663362210764
Missouri,31.399595966833978,31.966196868384163,33.79237242020044,35.796088354589,33.28891292348764,38.956863793448626
Missouri S&T,-7.181961028135254,-7.528489447004925,-8.82377736354332,-10.185152631576411,-7.434081770145042,-8.190443996174302
Missouri Southern State,-4.593254213554933,-5.001880437421933,-5.6057523358482175,-6.488296302781799,-5.004614481737095,-6.238695286283562
Missouri State,14.833110066985661,15.703850105856578,16.199726003112218,16.58310746070876,14.3800740315403,13.020965925204347
Missouri Western,-4.325855775481083,-3.2834245907088104,-2.9803560373211866,-2.841564276612649,-4.363944420974544,-4.47821035745485
Monmouth,17.484660024837414,17.4078819474691,17.22127440845323,16.90469996553987,17.323315191206664,16.83928069031446
Monmouth (IL),4.360367318037897,8.644226984273425,8.944922097254366,9.243756835898404,7.3557425226130135,16.34186813633832
Montana,27.637421948780812,28.256361136095844,30.168381224573437,32.025916339467834,28.19059466436227,29.850112811106598
Montana State,26.620698305690254,26.66082537716352,26.65565809403391,26.877368701335996,27.91141309317713,31.783557455637965
Montclair State,-8.951797656800649,-9.000990149546336,-8.78500580809909,-8.789429710995506,-8.756568042054836,-8.170879197817587
Moravian,-22.326996168687035,-23.491434202612606,-25.39977879392228,-27.11182915751504,-23.335882660230318,-26.36254213486027
Morehead State,-5.9266934868527406,-8.069736452383673,-10.258376989911639,-11.93252748590738,-7.021063611104829,-10.304173983861116
Morehouse College,-14.356321012428117,-14.807765218653593,-15.462848785637197,-16.52107271305892,-14.901677362350496,-16.537746412117617
Morgan State,-2.0241727366066438,-4.201003975826972,-5.69325839420372,-5.636627854262185,-2.993774382622708,-5.902579320670873
Mount St. Joseph,-4.855678153698005,-3.4324454259506094,-3.489485606161299,-3.7589807306602534,-4.2250543506372065,-2.333182941454954
Muhlenberg,5.722480614029928,7.354099373495982,9.199530286264315,10.347970659751097,6.325332950047949,8.133889958101918
Murray State,-9.111005344873154,-9.14569651527956,-9.46156589065617,-10.435245440344087,-9.256014486253376,-9.691041910394054
Muskingum University,-11.255714855490549,-10.76167546817014,-11.378411140192588,-12.00583864599154,-11.488348717260166,-12.186250302568972
NC State,24.157881154009566,25.93589960929434,27.79502077232649,29.101631932955016,25.30867986441068,28.761075995614124
NEWBERG,-14.497794338215687,-14.182544035165924,-14.137887204883244,-14.412454066215409,-14.356830237316586,-13.933937934619411
Navy,21.47528976968407,21.81444488653901,22.53268579087091,23.244608576931952,22.175516364903718,24.27619615056264
Nebraska,25.974463192547205,28.69875732293975,31.20778850918667,33.6288131931768,28.52304811865126,36.16880289696334
Nebraska Wesleyan,-23.50861710651323,-23.06993425888929,-22.698863243622736,-22.478234520344227,-23.746531985402974,-24.460276622072122
Nebraska-Kearney,6.086252548779006,6.6592236553655,7.06840821297469,7.327281531753997,6.337323110465745,7.090534795525765
Nevada,6.046733175457346,5.84969004699849,5.1374758051139375,4.045378391468343,6.2817914764618665,6.9869663794755
New England College,-44.660755117299516,-47.89651865726819,-52.93034766537747,-57.32177808484784,-48.93945708795255,-61.7755629999117
New Hampshire,8.16784327927947,8.24241252589566,8.163904986085392,7.858152608856522,7.881704280504283,7.02328728417866
New Haven,-7.313467244703257,-6.015031365653703,-5.3402493919502945,-5.535162156681361,-6.707261079786427,-4.888642585035657
New Mexico,20.159660607714383,20.83271744557627,21.201058670278364,21.55453404087821,20.75770353710992,22.551832325296395
New Mexico Highlands,-9.402617476185371,-10.303998079917633,-11.23507554358311,-11.92908887995363,-9.876325171415692,-11.29744825710676
New Mexico State,8.1030064631418,8.462381465528203,8.647187510605525,8.805767118352282,8.07956778728337,8.009251759708041
Newberry,6.98043440860424,8.395669791235814,9.734458149003256,10.89656205965344,7.84670729315103,10.445525946791529
Nicholls,1.8879072256431702,1.864564392060325,1.1962772839182816,0.13292354865968647,2.0070338543798973,2.3644137405900425
Nichols College,-28.490245702571364,-30.98188791463823,-34.80061212334556,-38.71329998006877,-30.27146627272947,-35.615127983203784
Norfolk State,-8.725532252288962,-9.126408463050826,-9.782635425731316,-11.175136861905324,-9.467550198506853,-11.69360403716046
North Alabama,-0.49938217566765,-0.9615547598359662,-1.4678998937971333,-3.185059902549635,-0.87963201829404,-2.020381546173202
North Carolina,14.503689137910857,14.87168765132881,14.770061971345427,14.538577588665463,15.054953943396226,16.708748359852446
North Carolina A&T,-5.720060867702349,-8.419739424643252,-10.571474803006396,-11.91133357111466,-7.728182693224378,-13.752548169790296
North Carolina Central,11.555417945315737,10.80337382032015,11.451810619460122,12.347707593999314,11.147071856856861,9.92203359148028
North Carolina Wesleyan,-12.884491788901501,-12.772932610196145,-12.083205236933654,-11.218962242428796,-12.739735484463957,-12.305466571151342
North Central College,22.847430677450365,28.003537207786216,31.594981985544905,34.05845603727938,27.57519716869681,41.75849664243614
North Dakota,24.558320034057527,25.72322144244131,27.863157912243537,30.71349813212802,25.13404651597129,26.861225961712705
North Dakota State,34.48811673969276,36.23954833187166,38.150431951338405,39.35543609146323,35.65735293056957,39.16506150320015
North Greenville,0.8594939918583702,0.9009289107549154,1.0046398018731448,0.7669158602790329,0.7234543817496064,0.3153355514233507
North Park,-13.167772204552179,-13.254810702400384,-13.625210985721292,-14.036999570206076,-14.381634615160483,-18.023221846985308
North Texas,30.68785781541886,32.7618420317126,34.84441001475251,36.71351385639424,32.507494016462665,37.96640261959419
Northeastern State,1.5193028103546304,3.4325934613411158,2.223941519910829,1.1776401668802476,2.546709725532623,5.628930471066652
Northern Arizona,9.931942930016364,10.128919025434335,9.87145517799844,9.530537906120903,10.122016545143595,10.69223739052536
Northern Colorado,6.464928861504571,6.671891372825211,6.5968157378584635,6.601675663442773,6.326257365077307,5.910242875795497
Northern Illinois,7.314062853596074,7.978227187196552,8.634677566051746,9.085701579437906,7.752046079803897,9.065995758427242
Northern Iowa,1.3668631546626213,0.8283670574268553,0.511226747395968,0.17801321228414668,1.4779830255748885,1.8113426383116846
Northern Michigan,-9.66442396689576,-10.055904549815706,-10.193373737068994,-10.377730383155548,-9.640988918341499,-9.570683772678798
Northern State,8.042895310220048,8.131073641462937,8.980770223031081,10.188622153706666,8.385569200159583,9.413590869978139
Northwest Missouri St,18.549369477191025,18.89676908516777,19.17285193272322,19.395433521588885,19.29896980341472,21.547770782085703
Northwestern,22.539168137524673,23.490926879421245,24.267143412899948,25.63959881531724,23.710429897398434,27.224215177019822
Northwestern (MN),-21.889716400311222,-22.83694991085654,-24.35596569484884,-25.777797867186308,-23.007567645926407,-26.361121382771984
Northwestern Oklahoma State,-18.611635492058326,-21.00965426933729,-24.51675366020249,-28.4620143171804,-20.418049512007805,-25.83729157185642
Northwestern State,-10.600617037775724,-16.11353225668502,-17.284533449491512,-18.53853285747703,-13.362335653546019,-21.64749150085688
Northwood (MI),10.582315853784719,11.797217350942862,13.89688141860156,15.953456891370887,10.973223933068303,12.145948170919093
Norwich,-31.90206073267284,-31.715616395439078,-32.77217564536849,-35.07075268450357,-32.737909054510695,-35.245454020024326
Notre Dame,40.47940856458557,41.39996375354842,43.09112110675038,44.94439673926648,41.94099800176505,46.325766313303724
Oberlin,-38.16120239026479,-43.83926973484142,-47.94319047800765,-52.10437808429577,-44.156586699165715,-62.14273962586865
Ohio,19.436080366248987,19.963914280639862,20.33526625112671,20.54642293192817,19.939922600869558,21.45144930473137
Ohio Dominican,-1.3977051411171701,-1.4020917520010814,-1.547139359244003,-1.3847445146849777,-1.6616357086462514,-2.453427411233579
Ohio Northern,2.4035618228177054,3.6077430078045847,5.55947997102478,7.85515470307533,3.607830496076046,7.220636515851114
Ohio State,45.37278848861011,46.937666226170165,48.586316049953744,50.29866719822083,47.7827486538871,55.01262914971791
Ohio Wesleyan,-16.982832617561407,-17.166465317544482,-17.85848360659736,-18.06098732710241,-16.757708984702244,-16.08233808612472
Oklahoma,34.51562721046235,35.019170945413755,36.213189521085866,38.6485401083892,36.132340313919705,40.982479624291614
Oklahoma Baptist,-10.791977814193901,-11.955614355039497,-13.463566806258735,-14.40041447270862,-11.802379159267296,-14.83358319448742
Oklahoma Panhandle St,-23.379758227773582,-23.341576864453824,-24.454012763725853,-25.625217276328694,-23.422125518132585,-23.549227389209715
Oklahoma State,6.662652140747905,7.246539874345409,6.7144429193217725,5.950545805137796,6.297490259866564,5.202004617222663
Old Dominion,24.264295515914604,26.000600471696323,28.31264302220171,30.752651924569754,25.14723334079336,27.796046815429644
Ole Miss,35.126179893813614,35.67012913945284,36.44237538552342,37.50539746878552,36.731082790173346,41.54579147925259
Olivet College,-27.77914495040332,-30.90059448949311,-32.84887917250704,-34.83974472185566,-28.056614603060268,-28.889023561031188
Oregon,39.20308212745178,42.97889005433395,46.43010102249899,49.559410929540334,42.37151584323952,51.87681699060279
Oregon State,12.116825838203486,13.292142037595223,13.003184349789219,12.46297151386595,12.761984765725641,14.697461548292146
Otterbein,-26.784663309464186,-28.16286812612544,-29.70094113543835,-31.99685205484221,-28.722588522805054,-34.53636416282756
Ouachita Baptist,11.028342310979879,11.624732279424025,12.345497363231244,13.010142405994657,11.400764976334518,12.518032972398478
Pace,-21.45829737314165,-21.22132233737791,-20.855665084510697,-20.818673592324195,-21.684962037274445,-22.36495602967291
Pacific (OR),-15.825216281903188,-16.26343206335462,-16.908357740612544,-17.58987536292111,-15.569449586797031,-14.802149501478802
Pacific Lutheran,-9.839125607388645,-9.33078857388879,-9.319968031177329,-8.582234220722816,-9.800316659780776,-9.68388981695719
Penn State,27.8146844534406,29.007231154145455,30.072730184356118,31.923264090255472,29.598161868092056,34.948594112046386
PennWest California,7.042305392690409,7.684504812463496,8.633002171294178,9.399959449990586,7.33477652598541,8.212189925870316
Pennsylvania,10.234547276445122,10.23998685403306,9.975633127551692,9.55663097604879,10.162642185643174,9.9469269132376
Phoenix,-21.62477686202764,-22.65001413313509,-24.042087581104504,-25.479387151428792,-22.4948389785688,-25.105025328192415
Pikeville,-1.273757503301793,-1.3098916469585653,-0.9705057714734107,-0.013276670809657887,-1.043018362313724,-0.3508009393495879
Pittsburg St,14.938401625603163,15.674792354497992,16.26805933680628,16.56665623093465,15.355505558329986,16.60681735651044
Pittsburgh,31.262363469984308,32.715349958172496,35.05797112237553,37.01106832668019,32.912315906206125,37.862173214871575
Plymouth State,-14.8952441895968,-15.533929285529073,-16.66126238449712,-17.702655608476594,-15.432142891462885,-17.04283899706123
Point University,-18.34533306361857,-19.43360430302252,-20.956683543740972,-22.463393146379943,-19.25539195394194,-21.985568624912176
Pomona Pitzer,-12.991871089248683,-12.757593249594109,-12.603888532688515,-12.380647623340053,-12.842631039455467,-12.394910890075952
Portland State,-2.5891962612865544,-4.423123631586938,-5.588068812504355,-6.59685224291154,-3.955908140485242,-8.056043778081277
Post University,-16.77303050919423,-18.08788176346325,-19.210200539450593,-19.910227010810583,-17.97691158118645,-21.58855479716314
Prairie View A&M,4.494627130765718,3.4901674221654346,3.409627285131773,3.5281010848544074,3.9283820707713204,2.22964689078813
Presbyterian,12.211579920989792,12.649370242046917,13.864202228933655,15.900790345902582,12.434271692663527,13.102347007684711
Princeton,6.046738499744359,6.686987430959962,7.023399848459483,7.036045414296187,6.211039728456266,6.703943414591864
Puget Sound,-28.7600900856325,-28.905998971456462,-29.146569050065132,-29.27722395642987,-29.109959280697037,-30.15956686589082
Purdue,17.31544064420326,18.183658651362293,19.02095997016429,20.347718763192006,18.40359717895532,21.668066783211422
Quincy,-7.463857166398993,-8.024811293428847,-9.15211092048495,-10.220461736047286,-8.221015348348049,-10.492489894195149
Randolph-Macon,6.079690310439409,6.240469734257882,8.121921266232576,10.306054918180394,6.934839452636956,9.500286879229575
Reading,-28.749651842770607,-30.869853718338092,-33.67171408438088,-35.92217449910932,-29.381338964721564,-31.2764003305744
Redlands,-9.056473747147377,-8.808230586388706,-8.67411803401109,-8.54463586109766,-8.895109551347366,-8.411016963947311
Rensselaer,2.2501236271397147,3.940737583610412,5.3584404760650575,6.4268251784050126,3.9070253987635795,8.877730713635245
Rhode Island,12.490293650392085,12.249598201775946,12.270348470614204,11.90165354131473,12.524157161277461,12.625747693933537
Rhodes College,-23.344699820539596,-24.46181190080261,-25.351194546772863,-26.117654204563888,-24.71077914510085,-28.80901711878471
Rice,10.299633654593874,10.72475026500047,9.978079679848612,9.287220998549614,10.152422593860155,9.710789411658913
Richmond,3.6969035041254905,3.4532378711129965,2.8537346432286776,2.084599927276887,3.1112703930700123,1.3543710599036898
Ripon,-22.316292096612848,-23.51004281806368,-24.07042473904446,-24.455749970263945,-22.271289980765047,-22.136283633221698
Roanoke College,-13.73933796745731,-14.073090488693376,-14.3950137006298,-14.548589193654339,-13.889933428462545,-14.341719811478445
Robert Morris,-5.723206077408782,-6.845801558972564,-8.087878762382186,-9.365022925334815,-6.54523339235723,-9.011315337202834
Rockford,-38.348422408307144,-41.81932813011787,-43.855417510170255,-46.40552057606048,-40.39389184999048,-46.530300175040786
Roosevelt,-16.93087639140385,-19.138196698228278,-21.57468337707303,-23.15501974229859,-18.63546533593617,-23.749232169533173
Rose-Hulman,-21.407349756993476,-22.42051774263398,-25.11034120766557,-28.016180227156248,-21.554300940488424,-21.995154490973142
Rowan,5.169920030866177,6.048488524426235,7.397134271191334,8.724606256638717,6.290226183738124,9.651144642353966
Rutgers,19.662850059757915,19.708558811606327,19.678661469596463,20.39909912359279,20.790527927527762,24.17356153083739
SE Louisiana,17.063558670605538,18.713380314954037,21.139797688948963,23.07355068344916,18.461584835814254,22.65566333144039
SMU,29.850758715250425,31.17170207490003,32.52180767026071,33.94985328075394,30.298778599093694,31.642838250623534
SUNY Maritime,-6.252057402496565,-5.929571359578322,-4.659228729881834,-3.424787070426916,-5.423013918463575,-2.935883466364521
SUNY Morrisville,-23.62213642169297,-25.620445893434372,-26.692811745966242,-26.906713467128313,-24.497457077974964,-27.123419046820963
Sacramento State,15.048768403634979,15.045589903257639,14.73148695404177,14.608619008778215,14.917301338112075,14.522900141543381
Sacred Heart,5.25310981774275,5.129616445323437,4.3756321777249525,3.3388810289897357,5.015318153427152,4.3019431604805485
Saginaw Valley State,2.489905772802867,3.0821014252931844,4.222392066351109,5.335383184636207,2.9204587817501544,4.212117808592076
Saint John's (MN),11.37616026031079,15.830809838999828,18.505945988785026,21.574889083530127,15.064849134883575,26.130915758601994
Saint Vincent,-25.62115712489968,-24.972010821799245,-25.68931210407078,-26.953623683517208,-26.9072991377888,-30.76572517645615
Saint Xavier (IL),-13.130216532022855,-12.078345691059168,-13.05639583838236,-17.839541782966236,-14.704272941046238,-19.42644216811643
Salisbury,13.36326917413199,14.51392919964087,16.367837484591618,18.939217007049077,15.319100358757842,21.18659391263537
Salve Regina,-6.993412665713052,-6.935307444904112,-6.735247502662441,-6.455481371075026,-6.626457845318489,-5.525593384134931
Sam Houston,-1.7142340385858077,-1.438518257067443,-2.3126671925150752,-3.174618518182733,-2.3014401563286064,-4.063058509556779
Samford,-10.033724245651587,-10.21161890118538,-11.603630721737263,-13.143264827908535,-10.460407897715067,-11.740458853905285
San Diego,6.368502023206823,6.503781543177918,6.203807676248954,5.504166959616171,6.3672159413992935,6.363357695976794
San Diego State,27.24247717447019,28.205439266558642,29.339654024751788,30.405861315665167,28.266575935506225,31.338872218614107
San José State,13.751811069956794,14.146541078263201,14.622681288406019,14.829595675715925,14.18567580833427,15.487270023466737
Savannah St,-9.03409845187181,-9.264012392889615,-9.628235257488337,-9.991210005857647,-9.693315571617127,-11.670966930853073
Seton Hill,-6.468885023834636,-6.428721001552036,-7.340861989986628,-8.50117917610067,-6.781268789990126,-7.718420088456681
Sewanee,-13.87526752582184,-14.215434715189994,-13.598585593390279,-12.594874360885584,-14.024846647407063,-14.473584012162888
Shaw,-17.386008839210525,-18.282624292779072,-20.517085746753867,-23.03170089417828,-19.263035793220517,-24.89411665525072
Shenandoah,-6.61350571115412,-6.762185499687551,-6.387833353373329,-6.174708386081457,-6.176742407162385,-4.866452495187205
Shepherd,2.444556146187816,2.3489718376311384,2.354802311707928,2.340314545927738,2.5500662030511876,2.866596373641059
Shippensburg,-13.409984991451424,-13.937830671423082,-14.67821663423462,-15.801061064317286,-14.440904281119382,-17.53366215012327
Shorter,-14.099086174748107,-13.175917651196299,-13.458895622913175,-14.598346230786023,-14.49832184663286,-15.69602886228698
Simpson College (IA),-5.386981438863431,-5.508379840398511,-6.262445784653103,-7.0100453048184175,-4.780586883478785,-2.9614032173247846
Simpson University (Ca),-23.798022289184907,-23.702084393143743,-23.747965363998176,-24.574573951769302,-23.790415065618784,-23.76759339492045
Sioux Falls,7.257171159213873,6.224793739740565,5.577595022317453,5.3364315566567635,7.404464964626638,7.846346380864822
Slippery Rock,10.775297214614891,11.956417750469598,13.74128034404122,15.231812777115142,11.378616111641518,13.188572802721243
South Alabama,10.434277308141425,10.554793376128792,10.6123253161179,10.885098483011365,10.514664920663632,10.755827758230145
South Carolina,23.96549088627608,24.683940670121103,25.893833511620635,27.27850312959007,25.12841888155779,28.617202867402867
South Carolina State,8.333838792592989,7.886520894411429,7.731157645864073,8.035467315202089,7.905832880853235,6.6218151456340255
South Dakota,13.614550526730902,13.772097140383682,14.395358285215163,14.963682729774298,13.14007752566048,11.716658522449343
South Dakota Mines,-13.43567644272899,-13.317611994186986,-13.556252740378927,-14.223670844683536,-14.030728960385872,-15.815886513356654
South Dakota State,21.189799687295,21.351161168101317,21.15651778826557,20.43867716306722,21.726274038000266,23.335697090116035
South Florida,32.397031386412394,33.172402971339004,34.50371627424103,35.59154570674023,33.58163850056109,37.13545984300721
Southeast Missouri State,2.383910172674673,2.308372999094166,2.652169367515553,2.5926514941997922,2.3909370294994563,2.4120175999739217
Southeastern Oklahoma State,-2.645708557841358,-1.9657616205334474,-1.2390187699777098,-0.5649524857186208,-2.2234016266187986,-0.9564808329512484
Southern,-12.436464285849762,-13.353063968032425,-14.521189499761523,-15.596601545258721,-13.611065562655705,-17.134869393073338
Southern Arkansas,4.786090455501528,4.779793283830513,5.349886582608951,6.226623755890563,5.146996806076938,6.22971585780301
Southern Connecticut State,-15.599518508583024,-16.260873948691085,-16.82400647240602,-18.023414456300877,-16.604502910946756,-19.619456118038002
Southern Illinois,16.154388010203334,15.981056842154144,16.59562068461488,18.16756967677179,16.650374953984922,18.138335785329627
Southern Miss,22.232113318977234,22.456099962320636,22.635674877145536,22.987793802632495,22.359163603886657,22.740314458615014
Southern Nazarene,-15.962311551831888,-16.109929786041338,-16.33184104732921,-16.57761319890492,-16.301088182946422,-17.317418076290163
Southern Oregon,-7.7507864486250435,-8.00383542700153,-7.997936697947421,-7.969268151843557,-7.799520306525205,-7.945721880225851
Southern Utah,14.185085828111632,14.523633150769294,14.359878331669918,14.054618539209486,14.450644326792945,15.247319822836964
Southern Virginia,-8.997951426135433,-8.97192409156856,-8.230308485122883,-7.036229451307744,-9.227852370840033,-9.917555204953763
Southwest Baptist,-8.645352737324318,-9.148748681190938,-10.005228788512627,-11.273841354864478,-9.242648169249726,-11.034534465026063
Southwest Minnesota State,-18.885952435936996,-20.385547222647826,-23.22352807625467,-25.566911668250786,-20.21330354430325,-24.19535686940192
Southwestern Assemblies Of God,-8.569605722975744,-9.938458378432735,-11.317402138836908,-12.485073615428162,-9.405913515151575,-11.914836891678931
Southwestern Oklahoma State,4.384428199742583,4.569173601541824,4.1836323829997095,3.8106737152433983,4.230919392001606,3.77039296877855
Southwestern University,-12.59014825762308,-12.165047043296374,-11.76541205432099,-11.626914428283275,-12.795687576704387,-13.41230553394847
Springfield,3.779882372743213,2.907909752460606,2.437155623364008,2.6265454041525462,4.6684516339910935,7.3341594177347265
St John Fisher University,-8.79350597039352,-8.703777495382322,-8.325290170122237,-7.925257459018404,-8.52362094225383,-7.7139658578349355
St. Anselm,-10.608255177534515,-10.505810799428414,-10.198129015141905,-10.184076578646206,-10.921620540330494,-11.861716628718419
St. Francis (PA),-15.994033500897876,-17.981689602850384,-19.87470926543287,-21.705113052077888,-17.217999668778166,-20.88989817241893
St. Lawrence,-22.691093341923438,-23.16838651850004,-25.206520650858337,-27.163346140534706,-23.343885596944595,-25.302262362008207
St. Norbert,-12.067642866822595,-12.553382948088531,-11.562871432773395,-10.506962902220248,-11.722462575317131,-10.686921700800818
St. Olaf,-17.833518811181527,-19.62766667219499,-20.639643422097663,-20.522753714270678,-18.5654470152676,-20.761231627525753
St. Scholastica,-20.301524611771864,-21.054460030346974,-21.801837982031074,-23.081571848780033,-21.035003737194067,-23.2354411134608
St. Thomas (MN),11.344328501277442,11.693527389564514,12.740877956094238,14.59038592666251,12.356130002294773,15.39153450534673
Stanford,13.928243374124548,15.195785314869571,16.38358206004801,17.363249663674015,14.827673777258068,17.52596498665879
Stephen F. Austin,17.247802518006907,20.055521180932757,20.417333279618582,20.692067604475056,18.009065054964452,20.292852665837074
Stetson,-9.787497998125286,-11.022965151459797,-12.25715526041482,-13.201195780709337,-11.162225212684852,-15.286406856363609
Stevenson,-5.064539596617255,-4.840365279174099,-3.5700550409044514,-2.176629462220081,-4.748661560827287,-3.8010274534574098
Stonehill,-2.724009827392092,-3.1767406374067595,-4.04721306994656,-5.634553830384489,-3.289460686005401,-4.985813261845238
Stony Brook,7.296180775975747,7.552203185435737,7.592764526680387,7.509158321077147,7.066007704326708,6.375488489379487
Sul Ross State,-24.35415045704736,-32.053903975736475,-34.47224665627576,-35.548274176373624,-28.726338297881405,-41.84290182038348
Susquehanna,9.670198767342043,12.179442960481563,15.20300564662252,17.254659060787986,12.206490521926517,19.81536578567989
Syracuse,15.713634223020872,16.438095216976897,17.740732452993083,18.779656982103276,16.56152224330917,19.10518630417414
TCU,29.974211616053278,31.3988293109037,32.54184279684546,33.65763071005878,30.660720906223865,32.72024877673574
Tarleton State,25.45964524331857,25.65041719544471,26.48916039136692,27.515409203743246,26.765754266398666,30.684081335639075
Temple,16.368491484984908,16.632216716972767,16.949894891022872,17.800138592396202,17.200971115718133,19.698410007917897
Tennessee,32.01228146916811,34.568495251501744,37.151110000221955,39.41683632833805,33.66877897912953,38.63827150901368
Tennessee State,-4.6513508777623525,-6.7528187244552225,-8.195423259475557,-9.027564300772974,-5.692273423504712,-8.815041060731811
Tennessee Tech,22.225410538248365,22.236823771748124,22.50496658815454,23.815864697035394,23.041600811368205,25.49017163072765
Texas,32.82354501569038,33.95305959817896,35.681481615662335,37.855683014825985,34.50171048957085,39.53620691121229
Texas A&M,39.73496903351294,40.788591073286824,42.6118099334105,44.606132586177,40.78225126937439,43.92409797695899
Texas A&M-Kingsville,-2.467531174292191,-2.685668174852863,-1.8583760004500272,-1.2613289435867296,-2.113300644296867,-1.0506090543109219
Texas Lutheran,-4.901674530475488,-3.9797907787999183,-2.7062143697314793,-1.282563003794274,-4.323647827105597,-2.589567716995976
Texas Southern,-1.0474538002872649,-1.8951128533610486,-1.5264243904858077,-1.0966614886508594,-1.0796083686957445,-1.176072073921059
Texas State,16.58712665725632,16.974344496046935,17.696786288098647,18.708813738774126,16.838893816603743,17.594195294645985
Texas Tech,39.93673906981817,44.260965019953105,47.53943740426348,48.991983047738785,41.90170505202231,47.796602998634825
Texas Wesleyan,-12.417675096593811,-15.15130398077157,-18.947347858330325,-21.303971225779097,-13.096017292455215,-15.131043880039392
The Citadel,6.567289236291591,6.887743910870309,6.95084146544803,6.814065041617761,6.1620658045794565,4.94639550944309
Thiel,-28.6988926515848,-33.23811339286644,-35.83533430333418,-36.94029967499374,-31.016531311508952,-37.9694472912815
Thomas More College,-14.865910659149936,-16.208476251769326,-17.678854976628934,-19.264705695658034,-15.717678864586448,-18.272983480895856
Tiffin,8.642209512081639,9.836871291310105,10.737943784993586,11.231610509912798,9.119719575008599,10.552249763789552
Toledo,20.68550433224549,22.940362261029698,25.455367331986274,27.07855210279927,22.16381518916078,26.598747759906562
Towson,5.144805468227873,5.310925219773015,5.2697698359089,5.033797874536838,5.528023315022896,6.677676855408097
Trine University,-8.500722976620878,-5.7075572847791785,-4.905657858776678,-4.798400846982344,-7.205380747833028,-3.3193540614693706
Trinity (CT),11.947776740857005,11.905171730675104,12.795577297383858,13.951073316004532,12.760068761544947,15.196944823608655
Trinity University TX,8.24839673585089,10.093323476973897,12.466290018660258,14.921550465123696,10.573232183032871,17.54773852457877
Troy,17.340007553999655,17.485554325204106,17.66595047824165,18.089874002095016,17.44138896627824,17.745533203114043
Truman State,9.123619620113224,9.22239022759672,9.969386810590152,10.989541617780658,9.335165105860426,9.969801563102
Tufts,-2.4861748968913417,-3.8102444379657268,-4.5456969948267325,-5.304388619226701,-2.48280736132927,-2.4727047546431784
Tulane,23.412218167829096,23.914535766027125,24.51957949427714,25.283725409818793,23.94518749424842,25.544095473506466
Tulsa,9.873913049706712,10.263314404935425,10.643985974465199,10.78431102305224,10.045311736508967,10.559507796915986
Tuskegee,-11.024848135897752,-11.519443051687379,-12.136048660198423,-12.997217367267776,-11.289555288955825,-12.083676748130078
UAB,9.053845328036815,8.500430596720129,7.211270754544909,5.832576043026206,9.40754938060484,10.468661538308998
UAlbany,-7.137416029576605,-6.6827597429448415,-7.777293257819547,-9.042933743121118,-7.506196988456106,-8.612539865094522
UC Davis,18.025313256033403,18.047152616461197,17.145726737016126,16.132055631538428,17.45155241299141,15.730269883865521
UCF,21.014258433849726,22.918400301633113,24.161535933266382,25.01524927705072,22.409518346651883,26.595298085058346
UCLA,18.929270381705475,19.97028444029936,20.539045586464173,21.07015558582393,19.536413114623972,21.357841313379534
UConn,19.871396264082183,20.60529043294182,21.689353080331152,23.347871523980388,20.74988894681782,23.385366995024764
UL Monroe,5.272441050195365,4.274119058857662,3.1258995960172165,2.6737361203759864,4.287204927725236,1.3314965603148874
UMass Dartmouth,-16.89704386429361,-15.67695273374264,-15.003676668755404,-14.899650999899473,-16.752135785435833,-16.317411548862538
UNC Pembroke,8.928121535456512,9.462509273465695,10.137330894558904,10.8759046117581,9.248069694336115,10.20791417097496
UNLV,18.401925247861413,19.672807197174524,20.29423945523662,21.004650988176557,18.832963732907743,20.12607918804693
USC,34.646477269223126,36.14422552874652,38.13552918480423,40.14667215226487,36.77956041720728,43.17880986115982
UT Martin,1.2944247966049645,0.6769008099334997,-0.3802809186998779,-1.896218720692735,1.0244659248546508,0.21458930960372768
UT Permian Basin,9.440608841673798,10.191747710063854,11.518109211922503,12.842579059431225,10.090522319259144,12.040262752015177
UT Rio Grande Valley,12.601071545203098,18.916407917461196,20.872928514350328,21.201579161764823,15.560439025835853,24.43854146773429
UTEP,8.472750536040966,8.668849413964402,8.969629271321946,9.776639269768909,8.676503497505937,9.28776238190084
UTSA,20.530241412384985,21.056688043584185,22.432818534340562,24.267235213029057,21.32934968324453,23.72667449582327
UVA Wise,-9.915348600086407,-9.265936187267544,-9.571386123752188,-10.4367313120143,-9.958871815677158,-10.089441462449264
Union (NY),-3.3089829726298916,-2.29017881904727,-0.8560547312985083,0.5136515114612745,-3.066668031392659,-2.33972320768099
University Of Charleston (WV),2.871292292822644,2.5233303842303147,2.7174906240451095,3.2074054172685678,3.1078933229237,3.8176964132266864
University of Mary,-3.5081885741802754,-2.805650512915239,-2.637109936242986,-2.927594410868215,-3.891895136968846,-5.043014825334646
University of Mount Union,18.823587472247166,20.289892500825868,21.760564597727498,23.356286837154062,21.343342046846537,28.902605770644662
University of Rio Grande,-9.483767719110517,-19.804111993576903,-27.44496730251948,-29.640822453209616,-18.847500863088356,-46.938700295021675
University of Rochester (NY),-9.244448460186039,-9.218132070990366,-9.01437405379319,-9.224861384936137,-9.071033704535846,-8.550789437585308
Upper Iowa University,5.242772974459664,5.5609441438432725,6.802008959037726,8.098930941949646,6.012563927969262,8.321936788498
Ursinus,0.3878618022231777,0.09102043988177044,1.8281473873434013,3.3856253222023582,0.5133936420238729,0.8899891614259143
Utah,40.08166471267939,42.961979012106156,45.97583792356542,47.928228690422074,42.37628462583515,49.26014436530235
Utah State,15.873933615101517,15.982634135460165,16.512190751776014,17.223278897532907,16.74954386193061,19.376374602417762
Utah Tech,0.413343012651056,0.33050286967022324,-0.22474825433611084,-1.2198216534180253,0.3759279642919988,0.26368281921476366
Utica,5.7485167256305925,6.242861543615954,8.987891876520065,11.67703150362104,6.317443104728488,8.0242222420222
VMI,-8.573997198322648,-9.745856157882397,-11.952434595745846,-14.168426479658528,-9.9464720919444,-14.063896772809713
Valdosta State,0.5666200693571729,1.2670257518724437,2.2780425351759668,3.3028975325439855,1.1772636849079468,3.0091945315605124
Valley City State,-4.263151789835931,-4.478872770865914,-4.755059305187796,-5.061533958161254,-4.44410959339655,-4.986983004078169
Valparaiso,-12.94859645238868,-14.54035023757088,-16.347508453686647,-18.770967217348577,-13.383719164420851,-14.689087300517397
Vanderbilt,33.96234454827638,35.079153799397744,37.446934935541535,39.87483508085363,35.66335940118127,40.76640395989592
Villanova,13.751437027581982,15.923649794278171,16.511669699260555,15.995068370587592,13.614790329344068,13.204850234630255
Virginia,31.298505501215487,32.75791501708474,34.876721747741186,36.82503181559735,32.46209425585458,35.952860519771974
Virginia St,-2.0296614590972952,-2.644933242636285,-3.2711494022891094,-3.582198372429448,-2.5376928912507486,-4.061787187711195
Virginia Tech,17.66305425999474,17.638529166520318,18.085925568249706,18.538401064019187,18.513067721508158,21.063108106048503
Virginia Union,10.029178412504503,9.626565594545614,10.062179335772871,10.637787178266633,11.382184747651014,15.441203753090637
Virginia University Of Lynchburg,-30.276611340352932,-33.5247877103438,-36.81133743062462,-39.94465552684235,-33.060884421917955,-41.413703666612825
Wabash College,6.462327850756559,6.98326147313194,7.879041144653083,9.392031643846282,7.305440921089483,9.834780132088245
Wagner,-5.799385054523752,-6.268156930897602,-7.4860348261584395,-9.451029048857967,-6.697020122901714,-9.38992532803548
Wake Forest,23.465636272607732,24.438202259926022,25.86233594048759,27.155853608834253,24.12535657402215,26.104517478265365
Walsh,0.9778632965549132,0.845727811389876,0.40254185605492865,-0.11352741132726751,0.20103866576365315,-2.129435226610066
Warner University,-19.21666675632635,-20.602212283565855,-22.28872479427671,-23.930160255478953,-20.20702469624296,-23.17809851599277
Wartburg,9.898846272371166,11.176314572059042,12.283307468446251,13.473355034440555,10.428400624661723,12.017063681533438
Washburn,-2.2084647574814316,-1.6433156212640014,-1.1085453962807632,-0.6157033141714257,-1.867116677701155,-0.8430724383604469
Washington,33.68097716780353,34.79738310885753,36.408887879632026,38.088609497074145,35.56005316324983,41.19728114958882
Washington & Jefferson,4.467679536683672,7.616751519681571,10.847473002824913,13.296193524734303,6.509519456088391,12.635039214302378
Washington State,22.651385395177144,22.575532647163783,22.676686628705973,22.935054708808984,22.991498780196885,24.011838935256026
Washington University (St. Louis),0.5618205885393319,2.5218578186612906,4.065241016873507,4.570334370432011,1.3470477274980226,3.7027291443740626
Washington and Lee,-3.768526328840112,-4.022744469073606,-3.499239937536645,-2.78554203987799,-3.0867427263334335,-1.0413919188135914
Wayland Baptist,-14.321380584298417,-14.237788650848003,-14.183587999884514,-14.255657535906682,-14.34505680927267,-14.416085484195456
Wayne State (MI),-13.018260045792845,-13.687643302800144,-14.091030538167534,-14.33449760178398,-13.908194289764223,-16.577997021678332
Wayne State (NE),6.298540137681012,8.680779824430982,9.975150204191467,10.693539620285954,6.906553703927965,8.730594402668721
Waynesburg,-21.5257635460191,-24.449848104751894,-26.92678979941823,-29.353935720153938,-23.112776221416535,-27.873814247608877
Webber International,-3.5918132655539408,-3.796635901227164,-4.007244797480171,-4.172776644224617,-3.823135060892229,-4.517100446907058
Weber State,2.9629443133530717,2.3927116680692464,1.1538697992700175,-0.4482761344378474,2.4022445364114606,0.7201452055866095
Wesleyan University (CT),8.54091853148913,9.2351556265704,9.967666456437046,10.649478264531378,8.800578973229689,9.579560298451286
West Alabama,1.8650100351029635,1.3178081978334475,1.2785184285333702,1.1824188952762529,1.7428827019135062,1.3765007023451001
West Chester,0.012668215783591563,0.6962695714155984,0.6300817781349295,0.43756510927148895,0.010399219442653873,0.003592230419553033
West Florida,15.368921919877215,15.534156005128988,16.028838076084835,16.79293744087324,15.861766014405571,17.34029829799071
West Georgia,11.212672368432202,11.071857419990629,10.402096161155562,9.327561197900621,11.18816287502965,11.114634394822103
West Liberty,-17.04382136552085,-17.386166232723646,-18.19829855227749,-19.05497688884396,-17.57155562086677,-19.154758386904696
West Texas A&M,2.9538977063063685,4.535980700601253,5.407010122630663,6.258408369859351,2.749456831019803,2.1361342051600145
West Virginia,16.541467892540275,17.737906226293322,17.983783870477446,17.936624010216796,17.44001275227232,20.135647331468448
West Virginia State,-5.0807167561012765,-5.345114778111105,-6.510007280493678,-7.838517440713373,-6.00890778471821,-8.793480870569152
West Virginia Wesleyan,-32.349367945690595,-34.681680417698836,-38.83688466330378,-42.87695183434678,-34.122622861013,-39.44238760698028
Western Carolina,9.128717052256222,9.194932044431694,9.068256599679756,8.846670049111086,9.293239268051408,9.786805915437018
Western Colorado,14.155017680119663,14.193805139498739,14.652803812088818,15.716615001315361,14.739697229985559,16.493735879583113
Western Connecticut St,-13.04842753840452,-15.135027880716478,-16.290369850770205,-16.306676618846634,-13.70684384264463,-15.682092755365124
Western Illinois,-3.2181271231195616,-3.3893101461527833,-3.9619024729703574,-5.361482327758856,-4.32001365375688,-7.625673245668793
Western Kentucky,16.0920161974219,17.283680803802525,17.801573887356028,18.10746447871847,16.69810313969735,18.51636396652369
Western Michigan,18.003704098141178,18.448978205004973,19.013080197619697,19.982453978899983,18.796695473661632,21.175669600223053
Western New England,-9.053468996759845,-8.275191217315044,-7.44030357437763,-6.810101552116542,-8.096231339801223,-5.2245183689253345
Western New Mexico,-21.188825289669097,-24.83230928514506,-27.928227533296944,-29.940913731765356,-23.382014205958026,-29.961580954824754
Western Oregon,1.2084744434938288,-0.31290602729597006,-0.2635152147873505,-0.05622483462418604,0.9162328580312782,0.039508101643720206
Westfield State,-27.242744243806058,-27.700860290808823,-29.147947947365264,-30.615747738059497,-27.28845396135347,-27.425583113995884
Westminster (PA),-2.075430081897677,-0.4652683205345056,0.05893585857006123,0.16390198601267159,-1.1256690475082465,1.7236140556598407
Westminster College (MO),-27.963824597317174,-28.6713029913648,-28.84753538298169,-29.071853100886734,-29.10945317623419,-32.54633891298531
Wheaton,11.3518576402813,14.000922650795665,17.892605949815945,20.26182187194344,13.895694792569296,21.527206249433114
Wheeling,-9.087131266786255,-9.88211911570872,-11.128130944499958,-12.448564945288169,-9.718638256194243,-11.613159224418277
Whitworth,-2.8727455470629306,-2.490653857340511,-2.245858214768684,-1.9494881600027112,-2.610344386079876,-1.823140903130648
Widener,-17.605636560116398,-16.801251593436962,-15.6380008923995,-15.193333010538366,-17.732853530362444,-18.114504441100664
Wilkes,-6.972314550283856,-7.499366612285826,-8.267503754583034,-8.942435233095033,-7.303136020018427,-8.29560042922202
Willamette,-29.165471947536577,-29.539770619798908,-30.207171249836993,-30.7790397132647,-29.484562793926735,-30.441835333097465
William & Mary,8.782573382555555,8.483702290417817,8.309208574188427,7.998716926640288,8.317472317733607,6.92216912326778
William Jewell,-12.188011861357497,-12.40239161122325,-13.468434770645977,-14.622675749040283,-12.608653972057555,-13.870580304157771
William Paterson,-15.555120750117199,-16.518238563412602,-18.00478482792242,-19.366204835163284,-16.47447475223036,-19.23253675856993
Williams,4.018906438705963,3.9122282019794703,3.828949558161879,3.7224318468054722,4.262548573810342,4.993474979123496
Wilmington (OH),-15.676107398090162,-14.851948239259201,-14.931251563910326,-14.712344825935952,-16.925891844326006,-20.675245183033446
Wilson,-18.317506391742644,-18.307573560000844,-18.924318180253227,-20.278507096934618,-19.183067106261127,-21.779749249816412
Wingate,14.811383806967322,17.174672943604538,18.246848870762967,18.590136125724946,15.80476725005279,18.78491757930918
Winona State,-4.789436913536273,-4.684635020918183,-4.759654650532282,-5.093945963486039,-4.662084795672001,-4.280028442079221
Winston-Salem,-3.1360172887895135,-3.614660041631586,-4.1859552373290665,-4.740646240679247,-3.146828823828206,-3.1792634289444504
Wisconsin,17.309381375380923,18.746168115315253,19.924675707146925,20.273849862268037,18.40128307919277,21.6769881906284
Wisconsin-Eau Claire,-4.874811893403003,-3.84899958242796,-2.4978174165889397,-1.3778043918877074,-5.183271631626249,-6.108650846295983
Wisconsin-Lacrosse,15.839621705187712,16.891938120065298,17.99493153673209,19.66380978186836,16.308183517623185,17.713868954929502
Wisconsin-Lutheran,-18.017607963618033,-18.047302454582894,-17.838421107815346,-17.173855035417617,-18.39921769746475,-19.544046899004954
Wisconsin-Oshkosh,3.4761873457244628,4.705213478205565,5.769740744821134,6.399367022503253,4.178059317046818,6.283675231013994
Wisconsin-Platteville,16.797490944663686,19.644491834618904,22.146860080268745,25.042931111063375,18.43830286089278,23.360738609580267
Wisconsin-River Falls,20.73744646160736,22.67861451607382,24.938223100555227,27.87522158536863,23.47794052099676,31.699422699165016
Wisconsin-Stevens Pt,-5.747974803327821,-4.9049709909232355,-4.409794846750037,-4.696217417527358,-6.325197311050742,-8.056864834219507
Wisconsin-Stout,2.973247696221284,4.388077173659806,5.844732009286993,7.225997245512838,3.3359801558811277,4.4241775348604975
Wisconsin-Whitewater,17.69313209811407,18.725681544351275,19.760797279438723,21.011732378050503,18.366044907084802,20.384783333996985
Wittenberg,-10.492035231396837,-10.779754606253055,-10.46920604431659,-10.17922444580144,-9.91567079272727,-8.186577476718583
Wofford,6.039284785670395,6.011027031046211,5.845962570035778,5.673494952375798,5.82995071036597,5.201948484452726
Wooster,-16.507775134218235,-16.006105256418248,-16.12068411410533,-17.181579915648044,-17.208160385789235,-19.30931614050212
Worcester Polytechnic Institute,-21.969107738225627,-21.656885565019863,-21.920893027315497,-22.31483518003073,-21.785187473353673,-21.23342667873774
Worcester St,-27.95376937407989,-28.012598766620787,-28.436458957191416,-28.945060248270636,-28.265540071914234,-29.200852165417288
Wyoming,15.401560245465074,15.274468435040461,15.205412271790467,15.422334376832058,15.911511624353235,17.441365761017757
Yale,17.457263835827142,17.454147528656083,17.226875930216625,17.325803327794713,17.657596799531433,18.258595690644412
Youngstown State,13.386849773035301,14.542046451481461,15.269593681150592,15.516151663640713,14.05107625450812,16.043755698926674
