game_id,season,week,game_spread,over_under,home_favorite,home_team_spread,game_spread_available,odds_source
401767509,2025,1,29.5,52.5,false,29.5,true,core_odds_api
401767130,2025,1,-11.5,57.5,true,-11.5,true,core_odds_api
401767224,2025,2,32.5,49.5,false,32.5,true,core_odds_api
401767217,2025,3,-31.5,54.5,true,-31.5,true,core_odds_api
401767131,2025,3,-21.5,57.5,true,-21.5,true,core_odds_api
401767132,2025,4,-15.5,59.5,true,-15.5,true,core_odds_api
401767510,2025,5,-25.5,50.5,true,-25.5,true,core_odds_api
401767073,2025,5,-18.0,57.5,true,-18.0,true,core_odds_api
401767438,2025,6,2.5,55.5,true,-2.5,false,default
401767511,2025,7,-20.0,58.5,true,-20.0,true,core_odds_api
401767133,2025,7,8.5,55.5,false,8.5,true,core_odds_api
401767449,2025,8,33.5,56.5,false,33.5,true,core_odds_api
401767123,2025,8,-15.0,54.5,true,-15.0,true,core_odds_api
401767101,2025,9,6.0,61.5,false,6.0,true,core_odds_api
401767512,2025,9,9.0,45.5,false,9.0,true,core_odds_api
401767513,2025,10,-26.5,60.5,true,-26.5,true,core_odds_api
401767066,2025,10,8.5,59.5,false,8.5,true,core_odds_api
401767507,2025,11,10.5,53.5,false,10.5,true,core_odds_api
401767129,2025,11,20.5,59.5,false,20.5,true,core_odds_api
401767514,2025,12,-34.0,47.5,true,-34.0,true,core_odds_api
401767096,2025,12,-7.0,59.5,true,-7.0,true,core_odds_api
401767515,2025,13,-33.5,51.5,true,-33.5,true,core_odds_api
401767134,2025,13,-5.0,63.5,true,-5.0,true,core_odds_api
401836198,2025,15,2.5,55.5,true,-2.5,false,default
401756846,2025,1,-2.5,51.5,true,-2.5,true,core_odds_api
401760371,2025,1,-30.5,67.5,true,-30.5,true,core_odds_api
401756847,2025,1,-14.5,50.5,true,-14.5,true,core_odds_api
401757218,2025,1,-10.5,60.5,true,-10.5,true,core_odds_api
401754516,2025,1,-1.5,50.5,true,-1.5,true,core_odds_api
401762522,2025,1,5.5,60.5,false,5.5,true,core_odds_api
401752794,2025,1,-15.5,53.5,true,-15.5,true,core_odds_api
401762790,2025,1,-21.5,53.5,true,-21.5,true,core_odds_api
401754373,2025,1,-13.5,61.5,true,-13.5,true,core_odds_api
401756848,2025,1,-20.5,52.5,true,-20.5,true,core_odds_api
401757219,2025,1,-30.5,55.5,true,-30.5,true,core_odds_api
401761588,2025,1,-30.5,47.5,true,-30.5,true,core_odds_api
401762789,2025,1,4.5,47.5,false,4.5,true,core_odds_api
401752674,2025,1,-39.5,53.5,true,-39.5,true,core_odds_api
401754517,2025,1,2.5,50.5,false,2.5,false,default
401756876,2025,1,2.5,56.5,false,2.5,false,default
401752793,2025,1,-16.5,41.5,true,-16.5,true,core_odds_api
401756852,2025,1,-23.5,54.5,true,-23.5,true,core_odds_api
401762430,2025,1,-21.5,53.5,true,-21.5,true,core_odds_api
401752796,2025,1,5.5,50.5,false,5.5,true,core_odds_api
401762791,2025,1,-18.5,41.5,true,-18.5,true,core_odds_api
401760357,2025,1,2.5,53.5,false,2.5,false,default
401752795,2025,1,-48.5,63.5,true,-48.5,true,core_odds_api
401762432,2025,1,-14.5,47.5,true,-14.5,true,core_odds_api
401752802,2025,1,-22.5,50.5,true,-22.5,true,core_odds_api
401754374,2025,1,-18.5,51.5,true,-18.5,true,core_odds_api
401761589,2025,1,19.5,55.5,false,19.5,true,core_odds_api
401756854,2025,1,-45.5,57.5,true,-45.5,true,core_odds_api
401752667,2025,1,-1.5,56.5,true,-1.5,true,core_odds_api
401754375,2025,1,3.5,50.5,false,3.5,true,core_odds_api
401766898,2025,1,-26.5,54.5,true,-26.5,true,core_odds_api
401757224,2025,1,8.5,60.5,false,8.5,true,core_odds_api
401760358,2025,1,-14.5,51.5,true,-14.5,true,core_odds_api
401752677,2025,1,-1.5,46.5,true,-1.5,true,core_odds_api
401752807,2025,1,-43.5,54.5,true,-43.5,true,core_odds_api
401752671,2025,1,-5.5,55.5,true,-5.5,true,core_odds_api
401752669,2025,1,-38.5,51.5,true,-38.5,true,core_odds_api
401752804,2025,1,-28.5,55.5,true,-28.5,true,core_odds_api
401752665,2025,1,13.5,46.5,false,13.5,true,core_odds_api
401756850,2025,1,-29.5,52.5,true,-29.5,true,core_odds_api
401752808,2025,1,-34.5,49.5,true,-34.5,true,core_odds_api
401752668,2025,1,-46.5,56.5,true,-46.5,true,core_odds_api
401754521,2025,1,-50.5,64.5,true,-50.5,true,core_odds_api
401756855,2025,1,-27.5,55.5,true,-27.5,true,core_odds_api
401752675,2025,1,-38.5,60.5,true,-38.5,true,core_odds_api
401752678,2025,1,-23.5,59.5,true,-23.5,true,core_odds_api
401752806,2025,1,-23.5,53.5,true,-23.5,true,core_odds_api
401752672,2025,1,-33.5,61.5,true,-33.5,true,core_odds_api
401756853,2025,1,-13.5,47.5,true,-13.5,true,core_odds_api
401756877,2025,1,2.5,62.5,false,2.5,false,default
401752676,2025,1,-13.5,51.5,true,-13.5,true,core_odds_api
401752673,2025,1,15.5,59.5,false,15.5,true,core_odds_api
401752797,2025,1,-13.5,59.5,true,-13.5,true,core_odds_api
401752801,2025,1,-16.5,48.5,true,-16.5,true,core_odds_api
401752803,2025,1,-6.5,45.5,true,-6.5,true,core_odds_api
401754520,2025,1,-39.5,58.5,true,-39.5,true,core_odds_api
401762434,2025,1,-42.5,54.5,true,-42.5,true,core_odds_api
401762792,2025,1,2.5,55.5,true,-2.5,false,default
401752670,2025,1,-9.5,48.5,true,-9.5,true,core_odds_api
401754518,2025,1,-34.5,52.5,true,-34.5,true,core_odds_api
401756878,2025,1,-43.5,58.5,true,-43.5,true,core_odds_api
401757167,2025,1,-29.5,51.5,true,-29.5,true,core_odds_api
401754519,2025,1,-37.5,57.5,true,-37.5,true,core_odds_api
401760359,2025,1,-30.5,53.5,true,-30.5,true,core_odds_api
401762456,2025,1,2.5,48.5,false,2.5,true,core_odds_api
401762793,2025,1,-13.5,48.5,true,-13.5,true,core_odds_api
401757220,2025,1,-25.5,50.5,true,-25.5,true,core_odds_api
401752666,2025,1,-45.5,62.5,true,-45.5,true,core_odds_api
401762433,2025,1,-30.5,55.5,true,-30.5,true,core_odds_api
401752799,2025,1,-39.5,48.5,true,-39.5,true,core_odds_api
401754616,2025,1,-13.5,54.5,true,-13.5,true,core_odds_api
401761590,2025,1,-27.5,54.5,true,-27.5,true,core_odds_api
401752679,2025,1,-38.5,50.5,true,-38.5,true,core_odds_api
401757222,2025,1,-16.5,53.5,true,-16.5,true,core_odds_api
401757226,2025,1,-27.5,60.5,true,-27.5,true,core_odds_api
401761591,2025,1,-15.5,59.5,true,-15.5,true,core_odds_api
401761593,2025,1,-28.5,50.5,true,-28.5,true,core_odds_api
401761595,2025,1,-16.5,46.5,true,-16.5,true,core_odds_api
401752798,2025,1,-36.5,60.5,true,-36.5,true,core_odds_api
401757221,2025,1,-14.5,50.5,true,-14.5,true,core_odds_api
401757225,2025,1,-4.5,58.5,true,-4.5,true,core_odds_api
401756851,2025,1,-44.5,62.5,true,-44.5,true,core_odds_api
401761592,2025,1,-9.5,48.5,true,-9.5,true,core_odds_api
401761594,2025,1,-13.5,56.5,true,-13.5,true,core_odds_api
401762435,2025,1,-27.5,62.5,true,-27.5,true,core_odds_api
401762457,2025,1,-5.5,59.5,true,-5.5,true,core_odds_api
401757223,2025,1,-19.5,52.5,true,-19.5,true,core_odds_api
401760361,2025,1,1.5,51.5,false,1.5,true,core_odds_api
401752947,2025,1,-16.5,50.5,true,-16.5,true,core_odds_api
401752936,2025,1,2.5,48.5,false,2.5,true,core_odds_api
401756849,2025,1,-15.5,55.5,true,-15.5,true,core_odds_api
401752800,2025,1,6.5,48.5,false,6.5,true,core_odds_api
401752805,2025,1,-22.5,51.5,true,-22.5,true,core_odds_api
401754522,2025,1,2.5,50.5,false,2.5,true,core_odds_api
401752680,2025,1,-7.5,51.5,true,-7.5,true,core_odds_api
401754523,2025,1,3.5,54.5,false,3.5,true,core_odds_api
401754528,2025,2,-15.5,56.5,true,-15.5,true,core_odds_api
401752817,2025,2,-30.5,48.5,true,-30.5,true,core_odds_api
401752826,2025,2,-16.5,44.5,true,-16.5,true,core_odds_api
401760363,2025,2,-33.5,60.5,true,-33.5,true,core_odds_api
401752815,2025,2,-51.5,64.5,true,-51.5,true,core_odds_api
401752811,2025,2,-41.5,53.5,true,-41.5,true,core_odds_api
401752687,2025,2,-36.5,49.5,true,-36.5,true,core_odds_api
401752685,2025,2,-46.5,56.5,true,-46.5,true,core_odds_api
401754641,2025,2,-54.5,64.5,true,-54.5,true,core_odds_api
401752824,2025,2,-28.5,55.5,true,-28.5,true,core_odds_api
401752693,2025,2,-36.5,52.5,true,-36.5,true,core_odds_api
401754637,2025,2,-29.5,51.5,true,-29.5,true,core_odds_api
401752691,2025,2,-42.5,54.5,true,-42.5,true,core_odds_api
401752825,2025,2,2.5,49.5,false,2.5,true,core_odds_api
401752688,2025,2,5.5,58.5,false,5.5,true,core_odds_api
401752684,2025,2,-18.5,58.5,true,-18.5,true,core_odds_api
401754621,2025,2,-43.5,56.5,true,-43.5,true,core_odds_api
401752690,2025,2,-3.5,44.5,true,-3.5,true,core_odds_api
401752822,2025,2,-3.5,43.5,true,-3.5,true,core_odds_api
401754525,2025,2,-2.5,65.5,true,-2.5,true,core_odds_api
401752694,2025,2,-34.5,57.5,true,-34.5,true,core_odds_api
401752686,2025,2,7.5,51.5,false,7.5,true,core_odds_api
401752681,2025,2,-34.5,50.5,true,-34.5,true,core_odds_api
401752692,2025,2,-40.5,58.5,true,-40.5,true,core_odds_api
401752812,2025,2,-35.5,51.5,true,-35.5,true,core_odds_api
401756885,2025,2,-47.5,59.5,true,-47.5,true,core_odds_api
401756887,2025,2,-42.5,52.5,true,-42.5,true,core_odds_api
401752813,2025,2,2.5,51.5,false,2.5,false,default
401754524,2025,2,-2.5,52.5,true,-2.5,true,core_odds_api
401754529,2025,2,-21.5,48.5,true,-21.5,true,core_odds_api
401754618,2025,2,-7.5,57.5,true,-7.5,true,core_odds_api
401757227,2025,2,6.5,50.5,false,6.5,true,core_odds_api
401762462,2025,2,-27.5,45.5,true,-27.5,true,core_odds_api
401760366,2025,2,-17.5,60.5,true,-17.5,true,core_odds_api
401752689,2025,2,-6.5,49.5,true,-6.5,true,core_odds_api
401752937,2025,2,-1.5,44.5,true,-1.5,true,core_odds_api
401754622,2025,2,-37.5,58.5,true,-37.5,true,core_odds_api
401756880,2025,2,-21.5,46.5,true,-21.5,true,core_odds_api
401756881,2025,2,-23.5,49.5,true,-23.5,true,core_odds_api
401761596,2025,2,-29.5,54.5,true,-29.5,true,core_odds_api
401761603,2025,2,-4.5,64.5,true,-4.5,true,core_odds_api
401762458,2025,2,-22.5,58.5,true,-22.5,true,core_odds_api
401762461,2025,2,12.5,56.5,false,12.5,true,core_odds_api
401762794,2025,2,-37.5,48.5,true,-37.5,true,core_odds_api
401752820,2025,2,-28.5,44.5,true,-28.5,true,core_odds_api
401756883,2025,2,3.5,58.5,false,3.5,true,core_odds_api
401760367,2025,2,-13.5,45.5,true,-13.5,true,core_odds_api
401754620,2025,2,-17.5,59.5,true,-17.5,true,core_odds_api
401752818,2025,2,-15.5,45.5,true,-15.5,true,core_odds_api
401752682,2025,2,-24.5,61.5,true,-24.5,true,core_odds_api
401760365,2025,2,-9.5,55.5,true,-9.5,true,core_odds_api
401761602,2025,2,-13.5,52.5,true,-13.5,true,core_odds_api
401762816,2025,2,-16.5,52.5,true,-16.5,true,core_odds_api
401754530,2025,2,-44.5,54.5,true,-44.5,true,core_odds_api
401757228,2025,2,-7.5,53.5,true,-7.5,true,core_odds_api
401761599,2025,2,-21.5,48.5,true,-21.5,true,core_odds_api
401762459,2025,2,-30.5,55.5,true,-30.5,true,core_odds_api
401762460,2025,2,-21.5,50.5,true,-21.5,true,core_odds_api
401754527,2025,2,16.5,49.5,false,16.5,true,core_odds_api
401756882,2025,2,-16.5,48.5,true,-16.5,true,core_odds_api
401756884,2025,2,13.5,38.5,false,13.5,true,core_odds_api
401756886,2025,2,-37.0,51.5,true,-37.0,true,core_odds_api
401757232,2025,2,-7.5,56.5,true,-7.5,true,core_odds_api
401760364,2025,2,-34.5,52.5,true,-34.5,true,core_odds_api
401761598,2025,2,15.5,57.5,false,15.5,true,core_odds_api
401761601,2025,2,13.5,51.5,false,13.5,true,core_odds_api
401762795,2025,2,-21.5,53.5,true,-21.5,true,core_odds_api
401752683,2025,2,-42.5,52.5,true,-42.5,true,core_odds_api
401752695,2025,2,-2.5,46.5,true,-2.5,true,core_odds_api
401752810,2025,2,-33.5,47.5,true,-33.5,true,core_odds_api
401752814,2025,2,-28.5,62.5,true,-28.5,true,core_odds_api
401752816,2025,2,-3.5,45.5,true,-3.5,true,core_odds_api
401752819,2025,2,-22.5,52.5,true,-22.5,true,core_odds_api
401761597,2025,2,-27.5,48.5,true,-27.5,true,core_odds_api
401752823,2025,2,2.5,54.5,false,2.5,true,core_odds_api
401761600,2025,2,-19.5,49.5,true,-19.5,true,core_odds_api
401757229,2025,2,3.5,53.5,false,3.5,true,core_odds_api
401757231,2025,2,-7.5,49.5,true,-7.5,true,core_odds_api
401756879,2025,2,-31.5,56.5,true,-31.5,true,core_odds_api
401752948,2025,2,-2.5,46.5,true,-2.5,true,core_odds_api
401754526,2025,2,-20.5,43.5,true,-20.5,true,core_odds_api
401752821,2025,2,-29.5,54.5,true,-29.5,true,core_odds_api
401757230,2025,2,-7.5,48.5,true,-7.5,true,core_odds_api
401754531,2025,3,7.5,52.5,false,7.5,true,core_odds_api
401752836,2025,3,2.5,60.5,false,2.5,false,default
401754532,2025,3,-37.5,64.5,true,-37.5,true,core_odds_api
401756893,2025,3,-3.5,45.5,true,-3.5,true,core_odds_api
401756888,2025,3,1.5,56.5,false,1.5,true,core_odds_api
401752837,2025,3,-15.5,52.5,true,-15.5,true,core_odds_api
401752827,2025,3,-28.5,49.5,true,-28.5,true,core_odds_api
401752835,2025,3,-47.5,56.5,true,-47.5,true,core_odds_api
401752699,2025,3,-5.5,47.5,true,-5.5,true,core_odds_api
401752831,2025,3,24.5,50.5,false,24.5,true,core_odds_api
401754535,2025,3,-17.5,56.5,true,-17.5,true,core_odds_api
401752705,2025,3,3.5,50.5,false,3.5,true,core_odds_api
401752706,2025,3,-40.5,52.5,true,-40.5,true,core_odds_api
401752707,2025,3,-7.5,48.5,true,-7.5,true,core_odds_api
401752829,2025,3,-27.5,50.5,true,-27.5,true,core_odds_api
401752704,2025,3,-2.5,48.5,true,-2.5,true,core_odds_api
401754623,2025,3,2.5,49.5,false,2.5,true,core_odds_api
401752703,2025,3,24.5,51.5,false,24.5,true,core_odds_api
401756890,2025,3,20.5,55.5,false,20.5,true,core_odds_api
401752700,2025,3,-4.5,60.5,true,-4.5,true,core_odds_api
401752696,2025,3,-18.5,45.5,true,-18.5,true,core_odds_api
401756895,2025,3,24.5,47.5,false,24.5,true,core_odds_api
401752938,2025,3,-23.5,61.5,true,-23.5,true,core_odds_api
401752839,2025,3,-27.5,42.5,true,-27.5,true,core_odds_api
401752697,2025,3,-26.5,55.5,true,-26.5,true,core_odds_api
401752702,2025,3,-27.5,46.5,true,-27.5,true,core_odds_api
401752828,2025,3,-46.5,57.5,true,-46.5,true,core_odds_api
401752838,2025,3,-28.5,53.5,true,-28.5,true,core_odds_api
401754619,2025,3,-29.5,52.5,true,-29.5,true,core_odds_api
401756891,2025,3,-52.5,64.5,true,-52.5,true,core_odds_api
401761608,2025,3,4.5,51.5,false,4.5,true,core_odds_api
401762817,2025,3,24.5,47.5,false,24.5,true,core_odds_api
401762818,2025,3,-2.5,46.5,true,-2.5,true,core_odds_api
401757168,2025,3,9.5,51.5,false,9.5,true,core_odds_api
401752833,2025,3,-45.5,55.5,true,-45.5,true,core_odds_api
401752834,2025,3,-27.5,56.5,true,-27.5,true,core_odds_api
401752949,2025,3,-6.5,58.5,true,-6.5,true,core_odds_api
401754615,2025,3,28.5,59.5,false,28.5,true,core_odds_api
401754638,2025,3,6.5,54.5,false,6.5,true,core_odds_api
401754639,2025,3,-24.5,47.5,true,-24.5,true,core_odds_api
401756892,2025,3,2.5,56.5,false,2.5,false,default
401762467,2025,3,-21.5,62.5,true,-21.5,true,core_odds_api
401762819,2025,3,-33.5,54.5,true,-33.5,true,core_odds_api
401757256,2025,3,6.5,51.5,false,6.5,true,core_odds_api
401757258,2025,3,-9.5,49.5,true,-9.5,true,core_odds_api
401752701,2025,3,2.5,54.5,false,2.5,false,default
401757235,2025,3,-17.5,44.5,true,-17.5,true,core_odds_api
401761606,2025,3,-17.5,51.5,true,-17.5,true,core_odds_api
401762464,2025,3,-2.5,65.5,true,-2.5,true,core_odds_api
401752832,2025,3,20.5,59.5,false,20.5,true,core_odds_api
401754536,2025,3,-5.5,50.5,true,-5.5,true,core_odds_api
401757234,2025,3,-3.5,57.5,true,-3.5,true,core_odds_api
401761605,2025,3,-31.5,63.5,true,-31.5,true,core_odds_api
401761607,2025,3,2.5,56.5,false,2.5,true,core_odds_api
401762466,2025,3,-29.5,48.5,true,-29.5,true,core_odds_api
401752698,2025,3,-26.5,50.5,true,-26.5,true,core_odds_api
401752830,2025,3,-35.5,44.5,true,-35.5,true,core_odds_api
401757257,2025,3,-10.5,42.5,true,-10.5,true,core_odds_api
401761604,2025,3,7.5,56.5,false,7.5,true,core_odds_api
401754534,2025,3,1.5,53.5,false,1.5,true,core_odds_api
401756894,2025,3,-41.5,58.5,true,-41.5,true,core_odds_api
401762465,2025,3,13.5,53.5,false,13.5,true,core_odds_api
401757233,2025,3,-1.5,56.5,true,-1.5,true,core_odds_api
401762463,2025,3,-13.5,59.5,true,-13.5,true,core_odds_api
401760368,2025,3,3.5,51.5,false,3.5,true,core_odds_api
401760369,2025,3,-35.5,50.5,true,-35.5,true,core_odds_api
401752840,2025,3,3.5,39.5,false,3.5,true,core_odds_api
401754533,2025,3,13.5,46.5,false,13.5,true,core_odds_api
401756889,2025,3,-18.5,61.5,true,-18.5,true,core_odds_api
401760370,2025,3,-36.5,54.5,true,-36.5,true,core_odds_api
401762468,2025,4,1.5,41.5,false,1.5,true,core_odds_api
401756900,2025,4,-10.5,54.5,true,-10.5,true,core_odds_api
401752844,2025,4,2.5,46.5,false,2.5,true,core_odds_api
401752710,2025,4,-48.5,60.5,true,-48.5,true,core_odds_api
401752709,2025,4,-8.5,51.5,true,-8.5,true,core_odds_api
401752841,2025,4,-34.5,58.5,true,-34.5,true,core_odds_api
401754541,2025,4,-45.5,56.5,true,-45.5,true,core_odds_api
401752723,2025,4,-39.5,51.5,true,-39.5,true,core_odds_api
401752843,2025,4,-7.5,50.5,true,-7.5,true,core_odds_api
401752714,2025,4,-6.5,47.5,true,-6.5,true,core_odds_api
401752711,2025,4,-11.5,61.5,true,-11.5,true,core_odds_api
401752715,2025,4,-38.5,68.5,true,-38.5,true,core_odds_api
401756901,2025,4,-3.5,58.5,true,-3.5,true,core_odds_api
401754542,2025,4,-24.5,52.5,true,-24.5,true,core_odds_api
401752716,2025,4,-26.5,52.5,true,-26.5,true,core_odds_api
401752846,2025,4,1.5,48.5,false,1.5,true,core_odds_api
401752713,2025,4,-10.5,48.5,true,-10.5,true,core_odds_api
401752848,2025,4,-24.5,51.5,true,-24.5,true,core_odds_api
401752847,2025,4,-18.5,55.5,true,-18.5,true,core_odds_api
401752708,2025,4,7.5,59.5,false,7.5,true,core_odds_api
401752845,2025,4,-10.5,44.5,true,-10.5,true,core_odds_api
401754537,2025,4,-17.5,53.5,true,-17.5,true,core_odds_api
401754617,2025,4,2.5,51.5,false,2.5,false,default
401754636,2025,4,-6.5,63.5,true,-6.5,true,core_odds_api
401754642,2025,4,-25.5,50.5,true,-25.5,true,core_odds_api
401760376,2025,4,1.5,49.5,false,1.5,true,core_odds_api
401762469,2025,4,2.5,50.5,false,2.5,true,core_odds_api
401762470,2025,4,-35.5,58.5,true,-35.5,true,core_odds_api
401762822,2025,4,-30.5,46.5,true,-30.5,true,core_odds_api
401754640,2025,4,-7.5,45.5,true,-7.5,true,core_odds_api
401757169,2025,4,-20.5,53.5,true,-20.5,true,core_odds_api
401757262,2025,4,7.5,46.5,false,7.5,true,core_odds_api
401761610,2025,4,1.5,51.5,false,1.5,true,core_odds_api
401761613,2025,4,-6.5,43.5,true,-6.5,true,core_odds_api
401762820,2025,4,11.5,48.5,false,11.5,true,core_odds_api
401762823,2025,4,-29.5,54.5,true,-29.5,true,core_odds_api
401754538,2025,4,-3.5,57.5,true,-3.5,true,core_odds_api
401752712,2025,4,-24.5,48.5,true,-24.5,true,core_odds_api
401760375,2025,4,-13.5,51.5,true,-13.5,true,core_odds_api
401756899,2025,4,-13.5,54.5,true,-13.5,true,core_odds_api
401757259,2025,4,-5.5,54.5,true,-5.5,true,core_odds_api
401757261,2025,4,4.5,58.5,false,4.5,true,core_odds_api
401762821,2025,4,-10.5,51.5,true,-10.5,true,core_odds_api
401757260,2025,4,-35.5,60.5,true,-35.5,true,core_odds_api
401757264,2025,4,2.5,45.5,false,2.5,true,core_odds_api
401757265,2025,4,-14.5,54.5,true,-14.5,true,core_odds_api
401757268,2025,4,-7.5,54.5,true,-7.5,true,core_odds_api
401760372,2025,4,11.5,51.5,false,11.5,true,core_odds_api
401761609,2025,4,-20.5,57.5,true,-20.5,true,core_odds_api
401761611,2025,4,-14.5,52.5,true,-14.5,true,core_odds_api
401752842,2025,4,20.5,52.5,false,20.5,true,core_odds_api
401754539,2025,4,-16.5,49.5,true,-16.5,true,core_odds_api
401756896,2025,4,-1.5,61.5,true,-1.5,true,core_odds_api
401756898,2025,4,5.5,49.5,false,5.5,true,core_odds_api
401757263,2025,4,-3.5,50.5,true,-3.5,true,core_odds_api
401760377,2025,4,-23.5,62.5,true,-23.5,true,core_odds_api
401761612,2025,4,-32.5,56.5,true,-32.5,true,core_odds_api
401757267,2025,4,-5.5,46.5,true,-5.5,true,core_odds_api
401760373,2025,4,5.5,58.5,false,5.5,true,core_odds_api
401756897,2025,4,-12.5,45.5,true,-12.5,true,core_odds_api
401754540,2025,4,13.5,45.5,false,13.5,true,core_odds_api
401760374,2025,4,2.5,47.5,false,2.5,true,core_odds_api
401762471,2025,5,-3.5,52.5,true,-3.5,true,core_odds_api
401754543,2025,5,6.5,60.5,false,6.5,true,core_odds_api
401756902,2025,5,-2.5,54.5,true,-2.5,true,core_odds_api
401752939,2025,5,11.5,48.5,false,11.5,true,core_odds_api
401752852,2025,5,9.5,52.5,false,9.5,true,core_odds_api
401752854,2025,5,-4.5,52.5,true,-4.5,true,core_odds_api
401752719,2025,5,-3.5,58.5,true,-3.5,true,core_odds_api
401752718,2025,5,-2.5,52.5,true,-2.5,true,core_odds_api
401752724,2025,5,-6.5,51.5,true,-6.5,true,core_odds_api
401752853,2025,5,8.5,47.5,false,8.5,true,core_odds_api
401756904,2025,5,-4.5,48.5,true,-4.5,true,core_odds_api
401752720,2025,5,7.5,63.5,false,7.5,true,core_odds_api
401754546,2025,5,11.5,53.5,false,11.5,true,core_odds_api
401752725,2025,5,-24.5,58.5,true,-24.5,true,core_odds_api
401752721,2025,5,-44.5,56.5,true,-44.5,true,core_odds_api
401752850,2025,5,6.5,62.5,false,6.5,true,core_odds_api
401752717,2025,5,5.5,62.5,false,5.5,true,core_odds_api
401756903,2025,5,6.5,48.5,false,6.5,true,core_odds_api
401752849,2025,5,-3.5,51.5,true,-3.5,true,core_odds_api
401754545,2025,5,3.5,59.5,false,3.5,true,core_odds_api
401754547,2025,5,3.5,52.5,false,3.5,true,core_odds_api
401756905,2025,5,-4.5,57.5,true,-4.5,true,core_odds_api
401756906,2025,5,-5.5,48.5,true,-5.5,true,core_odds_api
401761617,2025,5,-11.5,63.5,true,-11.5,true,core_odds_api
401762825,2025,5,-7.5,49.5,true,-7.5,true,core_odds_api
401762826,2025,5,-3.5,55.5,true,-3.5,true,core_odds_api
401761614,2025,5,-16.5,54.5,true,-16.5,true,core_odds_api
401761616,2025,5,-1.5,55.5,true,-1.5,true,core_odds_api
401752851,2025,5,-6.5,46.5,true,-6.5,true,core_odds_api
401754544,2025,5,-6.5,54.5,true,-6.5,true,core_odds_api
401756907,2025,5,21.5,58.5,false,21.5,true,core_odds_api
401756908,2025,5,12.5,46.5,false,12.5,true,core_odds_api
401757170,2025,5,2.5,51.5,false,2.5,true,core_odds_api
401760380,2025,5,1.5,42.5,false,1.5,true,core_odds_api
401762473,2025,5,-14.5,45.5,true,-14.5,true,core_odds_api
401762824,2025,5,-22.5,49.5,true,-22.5,true,core_odds_api
401762827,2025,5,-22.5,49.5,true,-22.5,true,core_odds_api
401757274,2025,5,-17.5,53.5,true,-17.5,true,core_odds_api
401760378,2025,5,-6.5,52.5,true,-6.5,true,core_odds_api
401762474,2025,5,14.5,52.5,false,14.5,true,core_odds_api
401757270,2025,5,-7.5,54.5,true,-7.5,true,core_odds_api
401757271,2025,5,-14.5,53.5,true,-14.5,true,core_odds_api
401762828,2025,5,-8.5,44.5,true,-8.5,true,core_odds_api
401754548,2025,5,-10.5,56.5,true,-10.5,true,core_odds_api
401757269,2025,5,-5.5,55.5,true,-5.5,true,core_odds_api
401757273,2025,5,3.5,59.5,false,3.5,true,core_odds_api
401762472,2025,5,13.5,62.5,false,13.5,true,core_odds_api
401752950,2025,5,-6.5,48.5,true,-6.5,true,core_odds_api
401754549,2025,5,-3.5,49.5,true,-3.5,true,core_odds_api
401760379,2025,5,-17.5,59.5,true,-17.5,true,core_odds_api
401752722,2025,5,-6.5,46.5,true,-6.5,true,core_odds_api
401761615,2025,5,1.5,48.5,false,1.5,true,core_odds_api
401757272,2025,5,3.5,47.5,false,3.5,true,core_odds_api
401757275,2025,6,1.5,53.5,false,1.5,true,core_odds_api
401756909,2025,6,-19.5,46.5,true,-19.5,true,core_odds_api
401757276,2025,6,-2.5,63.5,true,-2.5,true,core_odds_api
401762475,2025,6,-28.5,54.5,true,-28.5,true,core_odds_api
401760384,2025,6,-2.5,58.5,true,-2.5,true,core_odds_api
401760382,2025,6,-4.5,40.5,true,-4.5,true,core_odds_api
401752859,2025,6,-23.5,42.5,true,-23.5,true,core_odds_api
401754553,2025,6,2.5,54.5,false,2.5,true,core_odds_api
401752729,2025,6,-46.5,53.5,true,-46.5,true,core_odds_api
401752730,2025,6,-17.5,57.5,true,-17.5,true,core_odds_api
401752855,2025,6,24.5,47.5,false,24.5,true,core_odds_api
401752727,2025,6,4.5,42.5,false,4.5,true,core_odds_api
401752726,2025,6,-13.5,58.5,true,-13.5,true,core_odds_api
401756913,2025,6,11.5,51.5,false,11.5,true,core_odds_api
401752728,2025,6,-19.5,49.5,true,-19.5,true,core_odds_api
401756912,2025,6,-1.5,55.5,true,-1.5,true,core_odds_api
401752856,2025,6,-17.5,42.5,true,-17.5,true,core_odds_api
401757165,2025,6,-21.5,63.5,true,-21.5,true,core_odds_api
401752861,2025,6,7.5,55.5,false,7.5,true,core_odds_api
401754554,2025,6,-6.5,61.5,true,-6.5,true,core_odds_api
401754550,2025,6,-6.5,54.5,true,-6.5,true,core_odds_api
401754552,2025,6,15.5,47.5,false,15.5,true,core_odds_api
401756911,2025,6,-4.5,60.5,true,-4.5,true,core_odds_api
401760381,2025,6,-13.5,51.5,true,-13.5,true,core_odds_api
401762476,2025,6,6.5,55.5,false,6.5,true,core_odds_api
401762830,2025,6,14.5,52.5,false,14.5,true,core_odds_api
401754556,2025,6,-4.5,51.5,true,-4.5,true,core_odds_api
401762479,2025,6,6.5,57.5,false,6.5,true,core_odds_api
401754557,2025,6,-41.5,60.5,true,-41.5,true,core_odds_api
401762832,2025,6,12.5,45.5,false,12.5,true,core_odds_api
401756910,2025,6,-23.5,56.5,true,-23.5,true,core_odds_api
401752857,2025,6,5.5,53.5,false,5.5,true,core_odds_api
401752858,2025,6,-13.5,43.5,true,-13.5,true,core_odds_api
401752940,2025,6,-2.5,54.5,true,-2.5,true,core_odds_api
401754555,2025,6,-17.5,56.5,true,-17.5,true,core_odds_api
401757171,2025,6,-6.5,51.5,true,-6.5,true,core_odds_api
401761618,2025,6,18.5,52.5,false,18.5,true,core_odds_api
401762829,2025,6,6.5,47.5,false,6.5,true,core_odds_api
401762831,2025,6,-9.5,53.5,true,-9.5,true,core_odds_api
401762873,2025,6,4.5,39.5,false,4.5,true,core_odds_api
401752860,2025,6,-12.5,49.5,true,-12.5,true,core_odds_api
401761620,2025,6,14.5,63.5,false,14.5,true,core_odds_api
401761619,2025,6,-18.5,53.5,true,-18.5,true,core_odds_api
401760385,2025,6,4.5,53.5,false,4.5,true,core_odds_api
401761621,2025,6,2.5,46.5,false,2.5,true,core_odds_api
401762477,2025,6,-4.5,55.5,true,-4.5,true,core_odds_api
401756914,2025,6,-14.5,56.5,true,-14.5,true,core_odds_api
401756915,2025,6,3.5,52.5,false,3.5,true,core_odds_api
401762478,2025,6,-21.5,52.5,true,-21.5,true,core_odds_api
401754551,2025,6,3.5,55.5,false,3.5,true,core_odds_api
401760383,2025,6,-13.5,46.5,true,-13.5,true,core_odds_api
401757278,2025,7,2.5,52.5,false,2.5,true,core_odds_api
401757277,2025,7,1.5,47.5,false,1.5,true,core_odds_api
401757280,2025,7,5.5,45.5,false,5.5,true,core_odds_api
401762480,2025,7,-6.5,53.5,true,-6.5,true,core_odds_api
401757279,2025,7,7.5,52.5,false,7.5,true,core_odds_api
401761622,2025,7,2.5,60.5,false,2.5,true,core_odds_api
401762481,2025,7,-2.5,68.5,true,-2.5,true,core_odds_api
401752862,2025,7,-9.5,62.5,true,-9.5,true,core_odds_api
401760388,2025,7,5.5,48.5,false,5.5,true,core_odds_api
401752865,2025,7,15.5,51.5,false,15.5,true,core_odds_api
401752870,2025,7,-7.5,51.5,true,-7.5,true,core_odds_api
401752733,2025,7,-32.5,58.5,true,-32.5,true,core_odds_api
401752737,2025,7,-6.5,48.5,true,-6.5,true,core_odds_api
401752736,2025,7,-2.5,43.5,true,-2.5,true,core_odds_api
401752734,2025,7,3.5,50.5,false,3.5,true,core_odds_api
401756921,2025,7,-13.5,58.5,true,-13.5,true,core_odds_api
401752731,2025,7,4.5,45.5,false,4.5,true,core_odds_api
401752732,2025,7,-8.5,44.5,true,-8.5,true,core_odds_api
401752735,2025,7,-10.5,68.5,true,-10.5,true,core_odds_api
401754560,2025,7,-14.5,55.5,true,-14.5,true,core_odds_api
401752868,2025,7,-2.5,57.5,true,-2.5,true,core_odds_api
401754562,2025,7,-24.5,59.5,true,-24.5,true,core_odds_api
401756916,2025,7,2.5,46.5,false,2.5,true,core_odds_api
401756922,2025,7,-8.5,42.5,true,-8.5,true,core_odds_api
401756918,2025,7,2.5,52.5,false,2.5,true,core_odds_api
401754559,2025,7,-11.5,57.5,true,-11.5,true,core_odds_api
401752863,2025,7,-6.5,51.5,true,-6.5,true,core_odds_api
401754561,2025,7,-19.5,55.5,true,-19.5,true,core_odds_api
401756917,2025,7,-10.5,55.5,true,-10.5,true,core_odds_api
401756920,2025,7,14.5,47.5,false,14.5,true,core_odds_api
401761625,2025,7,-18.5,45.5,true,-18.5,true,core_odds_api
401762483,2025,7,-17.5,44.5,true,-17.5,true,core_odds_api
401762833,2025,7,11.5,47.5,false,11.5,true,core_odds_api
401762835,2025,7,10.5,45.5,false,10.5,true,core_odds_api
401762836,2025,7,1.5,48.5,false,1.5,true,core_odds_api
401762837,2025,7,-1.5,49.5,true,-1.5,true,core_odds_api
401752866,2025,7,-20.5,46.5,true,-20.5,true,core_odds_api
401752867,2025,7,6.5,47.5,false,6.5,true,core_odds_api
401754563,2025,7,1.5,47.5,false,1.5,true,core_odds_api
401756919,2025,7,2.5,54.5,false,2.5,true,core_odds_api
401760386,2025,7,-7.5,66.5,true,-7.5,true,core_odds_api
401761624,2025,7,2.5,55.5,false,2.5,true,core_odds_api
401761626,2025,7,14.5,57.5,false,14.5,true,core_odds_api
401762834,2025,7,-9.5,42.5,true,-9.5,true,core_odds_api
401762484,2025,7,10.5,52.5,false,10.5,true,core_odds_api
401762482,2025,7,-5.5,65.5,true,-5.5,true,core_odds_api
401752869,2025,7,4.5,37.5,false,4.5,true,core_odds_api
401760391,2025,7,1.5,49.5,false,1.5,true,core_odds_api
401761623,2025,7,2.5,45.5,false,2.5,true,core_odds_api
401752864,2025,7,-7.5,49.5,true,-7.5,true,core_odds_api
401754558,2025,7,13.5,54.5,false,13.5,true,core_odds_api
401762485,2025,7,-9.5,48.5,true,-9.5,true,core_odds_api
401761627,2025,7,-7.5,53.5,true,-7.5,true,core_odds_api
401760387,2025,7,-15.5,57.5,true,-15.5,true,core_odds_api
401760390,2025,7,6.5,42.5,false,6.5,true,core_odds_api
401760389,2025,7,1.5,57.5,false,1.5,true,core_odds_api
401757282,2025,8,-11.5,48.5,true,-11.5,true,core_odds_api
401761628,2025,8,-8.5,57.5,true,-8.5,true,core_odds_api
401757281,2025,8,-9.5,55.5,true,-9.5,true,core_odds_api
401757283,2025,8,2.5,55.5,false,2.5,true,core_odds_api
401757284,2025,8,3.5,47.5,false,3.5,true,core_odds_api
401762486,2025,8,-16.5,54.5,true,-16.5,true,core_odds_api
401754564,2025,8,-10.5,49.5,true,-10.5,true,core_odds_api
401752872,2025,8,6.5,48.5,false,6.5,true,core_odds_api
401760396,2025,8,-3.5,62.5,true,-3.5,true,core_odds_api
401754371,2025,8,-8.5,47.5,true,-8.5,true,core_odds_api
401752877,2025,8,24.5,41.5,false,24.5,true,core_odds_api
401752878,2025,8,-26.5,49.5,true,-26.5,true,core_odds_api
401752739,2025,8,8.5,57.5,false,8.5,true,core_odds_api
401752742,2025,8,-7.5,56.5,true,-7.5,true,core_odds_api
401752738,2025,8,-8.5,60.5,true,-8.5,true,core_odds_api
401756923,2025,8,8.5,52.5,false,8.5,true,core_odds_api
401752876,2025,8,18.5,61.5,false,18.5,true,core_odds_api
401752745,2025,8,-1.5,48.5,true,-1.5,true,core_odds_api
401754566,2025,8,-3.5,61.5,true,-3.5,true,core_odds_api
401752871,2025,8,-10.5,60.5,true,-10.5,true,core_odds_api
401752744,2025,8,4.5,43.5,false,4.5,true,core_odds_api
401756924,2025,8,5.5,49.5,false,5.5,true,core_odds_api
401752740,2025,8,1.5,43.5,false,1.5,true,core_odds_api
401752951,2025,8,-16.5,56.5,true,-16.5,true,core_odds_api
401762490,2025,8,-20.5,72.5,true,-20.5,true,core_odds_api
401752743,2025,8,13.5,45.5,false,13.5,true,core_odds_api
401762487,2025,8,23.5,59.5,false,23.5,true,core_odds_api
401756926,2025,8,23.5,57.5,false,23.5,true,core_odds_api
401752873,2025,8,-4.5,50.5,true,-4.5,true,core_odds_api
401754569,2025,8,2.5,58.5,false,2.5,true,core_odds_api
401756925,2025,8,2.5,47.5,false,2.5,true,core_odds_api
401756927,2025,8,-3.5,67.5,true,-3.5,true,core_odds_api
401762488,2025,8,-10.5,44.5,true,-10.5,true,core_odds_api
401762839,2025,8,-3.5,44.5,true,-3.5,true,core_odds_api
401762841,2025,8,-11.5,47.5,true,-11.5,true,core_odds_api
401756928,2025,8,-6.5,47.5,true,-6.5,true,core_odds_api
401762842,2025,8,-25.5,48.5,true,-25.5,true,core_odds_api
401762840,2025,8,16.5,47.5,false,16.5,true,core_odds_api
401752874,2025,8,-3.5,46.5,true,-3.5,true,core_odds_api
401761633,2025,8,5.5,45.5,false,5.5,true,core_odds_api
401754565,2025,8,-5.5,49.5,true,-5.5,true,core_odds_api
401760392,2025,8,-3.5,56.5,true,-3.5,true,core_odds_api
401760393,2025,8,-13.5,61.5,true,-13.5,true,core_odds_api
401761629,2025,8,-10.5,47.5,true,-10.5,true,core_odds_api
401761631,2025,8,-3.5,47.5,true,-3.5,true,core_odds_api
401761632,2025,8,2.5,65.5,false,2.5,true,core_odds_api
401762489,2025,8,9.5,46.5,false,9.5,true,core_odds_api
401762838,2025,8,-1.5,43.5,true,-1.5,true,core_odds_api
401762843,2025,8,-11.5,42.5,true,-11.5,true,core_odds_api
401762491,2025,8,-3.5,63.5,true,-3.5,true,core_odds_api
401752741,2025,8,-9.5,51.5,true,-9.5,true,core_odds_api
401761668,2025,8,4.5,54.5,false,4.5,true,core_odds_api
401752875,2025,8,-3.5,41.5,true,-3.5,true,core_odds_api
401752879,2025,8,-4.5,52.5,true,-4.5,true,core_odds_api
401760394,2025,8,-2.5,53.5,true,-2.5,true,core_odds_api
401761630,2025,8,-6.5,58.5,true,-6.5,true,core_odds_api
401754568,2025,8,8.5,54.5,false,8.5,true,core_odds_api
401760395,2025,8,-14.5,49.5,true,-14.5,true,core_odds_api
401752941,2025,8,-21.5,55.5,true,-21.5,true,core_odds_api
401754567,2025,8,17.5,55.5,false,17.5,true,core_odds_api
401757285,2025,9,2.5,49.5,false,2.5,true,core_odds_api
401757286,2025,9,-4.5,48.5,true,-4.5,true,core_odds_api
401757287,2025,9,-9.5,55.5,true,-9.5,true,core_odds_api
401757288,2025,9,2.5,51.5,false,2.5,true,core_odds_api
401761634,2025,9,5.5,54.5,false,5.5,true,core_odds_api
401762492,2025,9,25.5,60.5,false,25.5,true,core_odds_api
401754372,2025,9,-6.5,50.5,true,-6.5,true,core_odds_api
401760397,2025,9,20.5,51.5,false,20.5,true,core_odds_api
401752885,2025,9,-27.5,53.5,true,-27.5,true,core_odds_api
401752748,2025,9,1.5,49.5,false,1.5,true,core_odds_api
401752751,2025,9,12.5,47.5,false,12.5,true,core_odds_api
401752886,2025,9,-31.5,45.5,true,-31.5,true,core_odds_api
401754571,2025,9,-17.5,53.5,true,-17.5,true,core_odds_api
401752750,2025,9,-5.5,52.5,true,-5.5,true,core_odds_api
401754572,2025,9,-28.5,45.5,true,-28.5,true,core_odds_api
401752752,2025,9,-3.5,52.5,true,-3.5,true,core_odds_api
401756931,2025,9,-2.5,49.5,true,-2.5,true,core_odds_api
401756933,2025,9,-35.5,56.5,true,-35.5,true,core_odds_api
401754573,2025,9,12.5,51.5,false,12.5,true,core_odds_api
401752747,2025,9,7.5,54.5,false,7.5,true,core_odds_api
401762494,2025,9,3.5,58.5,false,3.5,true,core_odds_api
401754570,2025,9,-25.5,54.5,true,-25.5,true,core_odds_api
401756930,2025,9,-3.5,69.5,true,-3.5,true,core_odds_api
401752749,2025,9,8.5,49.5,false,8.5,true,core_odds_api
401752880,2025,9,-3.5,54.5,true,-3.5,true,core_odds_api
401756929,2025,9,-7.5,47.5,true,-7.5,true,core_odds_api
401752881,2025,9,13.5,47.5,false,13.5,true,core_odds_api
401752883,2025,9,-7.5,44.5,true,-7.5,true,core_odds_api
401752884,2025,9,-2.5,60.5,true,-2.5,true,core_odds_api
401752942,2025,9,5.5,52.5,false,5.5,true,core_odds_api
401756932,2025,9,-3.5,55.5,true,-3.5,true,core_odds_api
401761635,2025,9,-12.5,60.5,true,-12.5,true,core_odds_api
401762846,2025,9,7.5,46.5,false,7.5,true,core_odds_api
401762848,2025,9,13.5,60.5,false,13.5,true,core_odds_api
401752746,2025,9,-2.5,55.5,true,-2.5,true,core_odds_api
401762844,2025,9,-10.5,48.5,true,-10.5,true,core_odds_api
401757172,2025,9,9.5,48.5,false,9.5,true,core_odds_api
401760400,2025,9,-2.5,60.5,true,-2.5,true,core_odds_api
401752882,2025,9,-7.5,39.5,true,-7.5,true,core_odds_api
401752952,2025,9,1.5,45.5,false,1.5,true,core_odds_api
401754574,2025,9,-5.5,52.5,true,-5.5,true,core_odds_api
401760399,2025,9,3.5,45.5,false,3.5,true,core_odds_api
401761637,2025,9,-13.5,48.5,true,-13.5,true,core_odds_api
401762493,2025,9,-14.5,63.5,true,-14.5,true,core_odds_api
401762495,2025,9,3.5,52.5,false,3.5,true,core_odds_api
401762845,2025,9,-6.5,42.5,true,-6.5,true,core_odds_api
401762847,2025,9,-17.5,46.5,true,-17.5,true,core_odds_api
401762874,2025,9,-2.5,40.5,true,-2.5,true,core_odds_api
401756935,2025,9,16.5,55.5,false,16.5,true,core_odds_api
401761636,2025,9,-1.5,59.5,true,-1.5,true,core_odds_api
401761638,2025,9,-7.5,47.5,true,-7.5,true,core_odds_api
401760398,2025,9,-5.5,46.5,true,-5.5,true,core_odds_api
401756934,2025,9,-14.5,50.5,true,-14.5,true,core_odds_api
401757289,2025,10,-12.5,53.5,true,-12.5,true,core_odds_api
401761639,2025,10,7.5,55.5,false,7.5,true,core_odds_api
401757292,2025,10,4.5,54.5,false,4.5,true,core_odds_api
401757291,2025,10,-3.5,50.5,true,-3.5,true,core_odds_api
401761640,2025,10,7.5,55.5,false,7.5,true,core_odds_api
401762443,2025,10,5.5,54.5,false,5.5,true,core_odds_api
401762497,2025,10,13.5,48.5,false,13.5,true,core_odds_api
401754575,2025,10,-1.5,45.5,true,-1.5,true,core_odds_api
401757290,2025,10,-16.5,48.5,true,-16.5,true,core_odds_api
401752889,2025,10,-17.5,45.5,true,-17.5,true,core_odds_api
401752887,2025,10,21.5,50.5,false,21.5,true,core_odds_api
401752755,2025,10,6.5,50.5,false,6.5,true,core_odds_api
401752756,2025,10,-13.5,56.5,true,-13.5,true,core_odds_api
401754579,2025,10,4.5,58.5,false,4.5,true,core_odds_api
401752758,2025,10,-3.5,48.5,true,-3.5,true,core_odds_api
401754581,2025,10,6.5,46.5,false,6.5,true,core_odds_api
401754583,2025,10,30.5,55.5,false,30.5,true,core_odds_api
401756941,2025,10,7.5,51.5,false,7.5,true,core_odds_api
401752757,2025,10,-2.5,55.5,true,-2.5,true,core_odds_api
401754576,2025,10,5.5,52.5,false,5.5,true,core_odds_api
401754580,2025,10,10.5,52.5,false,10.5,true,core_odds_api
401756942,2025,10,-9.5,58.5,true,-9.5,true,core_odds_api
401752890,2025,10,-22.5,48.5,true,-22.5,true,core_odds_api
401756938,2025,10,-12.5,49.5,true,-12.5,true,core_odds_api
401752892,2025,10,4.5,58.5,false,4.5,true,core_odds_api
401752891,2025,10,-12.5,63.5,true,-12.5,true,core_odds_api
401754577,2025,10,-4.5,55.5,true,-4.5,true,core_odds_api
401756936,2025,10,-3.5,58.5,true,-3.5,true,core_odds_api
401757173,2025,10,-10.5,61.5,true,-10.5,true,core_odds_api
401760401,2025,10,1.5,48.5,false,1.5,true,core_odds_api
401762499,2025,10,-6.5,68.5,true,-6.5,true,core_odds_api
401762849,2025,10,-2.5,44.5,true,-2.5,true,core_odds_api
401756939,2025,10,-8.5,48.5,true,-8.5,true,core_odds_api
401762498,2025,10,5.5,58.5,false,5.5,true,core_odds_api
401760404,2025,10,-4.5,60.5,true,-4.5,true,core_odds_api
401752888,2025,10,-5.5,44.5,true,-5.5,true,core_odds_api
401754582,2025,10,13.5,52.5,false,13.5,true,core_odds_api
401757293,2025,10,-3.5,52.5,true,-3.5,true,core_odds_api
401757294,2025,10,-7.5,54.5,true,-7.5,true,core_odds_api
401760402,2025,10,-17.5,47.5,true,-17.5,true,core_odds_api
401761641,2025,10,16.5,55.5,false,16.5,true,core_odds_api
401761642,2025,10,-3.5,52.5,true,-3.5,true,core_odds_api
401752753,2025,10,-5.5,66.5,true,-5.5,true,core_odds_api
401756940,2025,10,-24.5,53.5,true,-24.5,true,core_odds_api
401762850,2025,10,-5.5,43.5,true,-5.5,true,core_odds_api
401756937,2025,10,3.5,51.5,false,3.5,true,core_odds_api
401760405,2025,10,-10.5,41.5,true,-10.5,true,core_odds_api
401752754,2025,10,-11.5,44.5,true,-11.5,true,core_odds_api
401752943,2025,10,3.5,47.5,false,3.5,true,core_odds_api
401754578,2025,10,-12.5,50.5,true,-12.5,true,core_odds_api
401761643,2025,10,-7.5,52.5,true,-7.5,true,core_odds_api
401760403,2025,10,-2.5,55.5,true,-2.5,true,core_odds_api
401762851,2025,11,-12.5,51.5,true,-12.5,true,core_odds_api
401762852,2025,11,-2.5,50.5,true,-2.5,true,core_odds_api
401762853,2025,11,-3.5,48.5,true,-3.5,true,core_odds_api
401762854,2025,11,-15.5,41.5,true,-15.5,true,core_odds_api
401761644,2025,11,-4.5,61.5,true,-4.5,true,core_odds_api
401762500,2025,11,-13.5,66.5,true,-13.5,true,core_odds_api
401752896,2025,11,-14.5,54.5,true,-14.5,true,core_odds_api
401756946,2025,11,-1.5,47.5,true,-1.5,true,core_odds_api
401762501,2025,11,-3.5,53.5,true,-3.5,true,core_odds_api
401752897,2025,11,30.5,49.5,false,30.5,true,core_odds_api
401752893,2025,11,13.5,50.5,false,13.5,true,core_odds_api
401752763,2025,11,6.5,48.5,false,6.5,true,core_odds_api
401752759,2025,11,-10.5,49.5,true,-10.5,true,core_odds_api
401752762,2025,11,9.5,56.5,false,9.5,true,core_odds_api
401752761,2025,11,-52.5,63.5,true,-52.5,true,core_odds_api
401756945,2025,11,-13.5,55.5,true,-13.5,true,core_odds_api
401752898,2025,11,4.5,42.5,false,4.5,true,core_odds_api
401757166,2025,11,-30.5,54.5,true,-30.5,true,core_odds_api
401754589,2025,11,-7.5,48.5,true,-7.5,true,core_odds_api
401754585,2025,11,-18.5,49.5,true,-18.5,true,core_odds_api
401752764,2025,11,-5.5,46.5,true,-5.5,true,core_odds_api
401754587,2025,11,-28.5,47.5,true,-28.5,true,core_odds_api
401752899,2025,11,10.5,44.5,false,10.5,true,core_odds_api
401754584,2025,11,10.5,54.5,false,10.5,true,core_odds_api
401756947,2025,11,-6.5,51.5,true,-6.5,true,core_odds_api
401761646,2025,11,13.5,52.5,false,13.5,true,core_odds_api
401761647,2025,11,6.5,54.5,false,6.5,true,core_odds_api
401762503,2025,11,-7.5,45.5,true,-7.5,true,core_odds_api
401757299,2025,11,-7.5,51.5,true,-7.5,true,core_odds_api
401762855,2025,11,-3.5,49.5,true,-3.5,true,core_odds_api
401762502,2025,11,-1.5,51.5,true,-1.5,true,core_odds_api
401752894,2025,11,-1.5,56.5,true,-1.5,true,core_odds_api
401757295,2025,11,5.5,57.5,false,5.5,true,core_odds_api
401757296,2025,11,-1.5,50.5,true,-1.5,true,core_odds_api
401757297,2025,11,1.5,46.5,false,1.5,true,core_odds_api
401762504,2025,11,-29.5,56.5,true,-29.5,true,core_odds_api
401762505,2025,11,-4.5,60.5,true,-4.5,true,core_odds_api
401754590,2025,11,7.5,62.5,false,7.5,true,core_odds_api
401756943,2025,11,-6.5,56.5,true,-6.5,true,core_odds_api
401756944,2025,11,-7.5,58.5,true,-7.5,true,core_odds_api
401757298,2025,11,11.5,52.5,false,11.5,true,core_odds_api
401761645,2025,11,-7.5,56.5,true,-7.5,true,core_odds_api
401754588,2025,11,-8.5,41.5,true,-8.5,true,core_odds_api
401761648,2025,11,3.5,63.5,false,3.5,true,core_odds_api
401760406,2025,11,-6.5,68.5,true,-6.5,true,core_odds_api
401754586,2025,11,-1.5,57.5,true,-1.5,true,core_odds_api
401752760,2025,11,5.5,44.5,false,5.5,true,core_odds_api
401760409,2025,11,-9.5,52.5,true,-9.5,true,core_odds_api
401752895,2025,11,-2.5,45.5,true,-2.5,true,core_odds_api
401760407,2025,11,4.5,61.5,false,4.5,true,core_odds_api
401752944,2025,11,-21.5,52.5,true,-21.5,true,core_odds_api
401760408,2025,11,6.5,47.5,false,6.5,true,core_odds_api
401762856,2025,12,-7.5,49.5,true,-7.5,true,core_odds_api
401762857,2025,12,-1.5,46.5,true,-1.5,true,core_odds_api
401762858,2025,12,-2.5,44.5,true,-2.5,true,core_odds_api
401762859,2025,12,8.5,43.5,false,8.5,true,core_odds_api
401762860,2025,12,6.5,44.5,false,6.5,true,core_odds_api
401761649,2025,12,-9.5,53.5,true,-9.5,true,core_odds_api
401752904,2025,12,-26.5,45.5,true,-26.5,true,core_odds_api
401754591,2025,12,-2.5,50.5,true,-2.5,true,core_odds_api
401752900,2025,12,-32.5,46.5,true,-32.5,true,core_odds_api
401752901,2025,12,-27.5,43.5,true,-27.5,true,core_odds_api
401752772,2025,12,-16.5,49.5,true,-16.5,true,core_odds_api
401752765,2025,12,-6.5,46.5,true,-6.5,true,core_odds_api
401752766,2025,12,-3.5,50.5,true,-3.5,true,core_odds_api
401756953,2025,12,-24.5,48.5,true,-24.5,true,core_odds_api
401752769,2025,12,-11.5,53.5,true,-11.5,true,core_odds_api
401754597,2025,12,12.5,54.5,false,12.5,true,core_odds_api
401756950,2025,12,-2.5,51.5,true,-2.5,true,core_odds_api
401756949,2025,12,9.5,61.5,false,9.5,true,core_odds_api
401754595,2025,12,-16.5,54.5,true,-16.5,true,core_odds_api
401754592,2025,12,16.5,61.5,false,16.5,true,core_odds_api
401752907,2025,12,-6.5,48.5,true,-6.5,true,core_odds_api
401752905,2025,12,10.5,42.5,false,10.5,true,core_odds_api
401754593,2025,12,-5.5,60.5,true,-5.5,true,core_odds_api
401752771,2025,12,-41.5,60.5,true,-41.5,true,core_odds_api
401762510,2025,12,8.5,62.5,false,8.5,true,core_odds_api
401756951,2025,12,-6.5,56.5,true,-6.5,true,core_odds_api
401756952,2025,12,19.5,50.5,false,19.5,true,core_odds_api
401757174,2025,12,-7.5,64.5,true,-7.5,true,core_odds_api
401762507,2025,12,17.5,57.5,false,17.5,true,core_odds_api
401762861,2025,12,2.5,48.5,false,2.5,true,core_odds_api
401752768,2025,12,-4.5,58.5,true,-4.5,true,core_odds_api
401752945,2025,12,-1.5,50.5,true,-1.5,true,core_odds_api
401756948,2025,12,-9.5,46.5,true,-9.5,true,core_odds_api
401752767,2025,12,-22.5,52.5,true,-22.5,true,core_odds_api
401761651,2025,12,9.5,59.5,false,9.5,true,core_odds_api
401762506,2025,12,17.5,69.5,false,17.5,true,core_odds_api
401757304,2025,12,-7.5,48.5,true,-7.5,true,core_odds_api
401760411,2025,12,-15.5,53.5,true,-15.5,true,core_odds_api
401752903,2025,12,6.5,49.5,false,6.5,true,core_odds_api
401752906,2025,12,-15.5,51.5,true,-15.5,true,core_odds_api
401757303,2025,12,-13.5,51.5,true,-13.5,true,core_odds_api
401760413,2025,12,9.5,49.5,false,9.5,true,core_odds_api
401761652,2025,12,-19.5,54.5,true,-19.5,true,core_odds_api
401761653,2025,12,4.5,50.5,false,4.5,true,core_odds_api
401761654,2025,12,-3.5,65.5,true,-3.5,true,core_odds_api
401762508,2025,12,-2.5,57.5,true,-2.5,true,core_odds_api
401762509,2025,12,-17.5,61.5,true,-17.5,true,core_odds_api
401754596,2025,12,-3.5,37.5,true,-3.5,true,core_odds_api
401757301,2025,12,4.5,53.5,false,4.5,true,core_odds_api
401761650,2025,12,-3.5,58.5,true,-3.5,true,core_odds_api
401752902,2025,12,-14.5,51.5,true,-14.5,true,core_odds_api
401757300,2025,12,13.5,56.5,false,13.5,true,core_odds_api
401760414,2025,12,-4.5,68.5,true,-4.5,true,core_odds_api
401754594,2025,12,-13.5,53.5,true,-13.5,true,core_odds_api
401752770,2025,12,-7.5,50.5,true,-7.5,true,core_odds_api
401757302,2025,12,3.5,55.5,false,3.5,true,core_odds_api
401752953,2025,12,-10.5,43.5,true,-10.5,true,core_odds_api
401760410,2025,12,-2.5,43.5,true,-2.5,true,core_odds_api
401760412,2025,12,-2.5,40.5,true,-2.5,true,core_odds_api
401762862,2025,13,-2.5,47.5,true,-2.5,true,core_odds_api
401762864,2025,13,6.5,38.5,false,6.5,true,core_odds_api
401762863,2025,13,-34.5,53.5,true,-34.5,true,core_odds_api
401762865,2025,13,2.5,38.5,false,2.5,true,core_odds_api
401762866,2025,13,7.5,50.5,false,7.5,true,core_odds_api
401761655,2025,13,-2.5,54.5,true,-2.5,true,core_odds_api
401754598,2025,13,6.5,59.5,false,6.5,true,core_odds_api
401760418,2025,13,-2.5,64.5,true,-2.5,true,core_odds_api
401752912,2025,13,-28.5,54.5,true,-28.5,true,core_odds_api
401752781,2025,13,-53.5,58.5,true,-53.5,true,core_odds_api
401752776,2025,13,-42.5,53.5,true,-42.5,true,core_odds_api
401752911,2025,13,-12.5,60.5,true,-12.5,true,core_odds_api
401752778,2025,13,-4.5,42.5,true,-4.5,true,core_odds_api
401754604,2025,13,-36.5,50.5,true,-36.5,true,core_odds_api
401752773,2025,13,-54.5,59.5,true,-54.5,true,core_odds_api
401756955,2025,13,2.5,57.5,false,2.5,true,core_odds_api
401756960,2025,13,-18.5,52.5,true,-18.5,true,core_odds_api
401754603,2025,13,17.5,48.5,false,17.5,true,core_odds_api
401752782,2025,13,-6.5,53.5,true,-6.5,true,core_odds_api
401754601,2025,13,-2.5,61.5,true,-2.5,true,core_odds_api
401752780,2025,13,-10.5,57.5,true,-10.5,true,core_odds_api
401752914,2025,13,13.5,46.5,false,13.5,true,core_odds_api
401752775,2025,13,3.5,57.5,false,3.5,true,core_odds_api
401752915,2025,13,8.5,41.5,false,8.5,true,core_odds_api
401756957,2025,13,1.5,55.5,false,1.5,true,core_odds_api
401762515,2025,13,7.5,54.5,false,7.5,true,core_odds_api
401756956,2025,13,6.5,47.5,false,6.5,true,core_odds_api
401752909,2025,13,-4.5,41.5,true,-4.5,true,core_odds_api
401754602,2025,13,-3.5,50.5,true,-3.5,true,core_odds_api
401754606,2025,13,-17.5,48.5,true,-17.5,true,core_odds_api
401756958,2025,13,-3.5,55.5,true,-3.5,true,core_odds_api
401762512,2025,13,-9.5,43.5,true,-9.5,true,core_odds_api
401752954,2025,13,-15.5,45.5,true,-15.5,true,core_odds_api
401756954,2025,13,-6.5,60.5,true,-6.5,true,core_odds_api
401761657,2025,13,10.5,62.5,false,10.5,true,core_odds_api
401752774,2025,13,-26.5,49.5,true,-26.5,true,core_odds_api
401757306,2025,13,-6.5,54.5,true,-6.5,true,core_odds_api
401760419,2025,13,-6.5,40.5,true,-6.5,true,core_odds_api
401762867,2025,13,-28.5,45.5,true,-28.5,true,core_odds_api
401761656,2025,13,3.5,57.5,false,3.5,true,core_odds_api
401757175,2025,13,5.5,64.5,false,5.5,true,core_odds_api
401757307,2025,13,1.5,45.5,false,1.5,true,core_odds_api
401757308,2025,13,-6.5,53.5,true,-6.5,true,core_odds_api
401757309,2025,13,-4.5,45.5,true,-4.5,true,core_odds_api
401762511,2025,13,22.5,68.5,false,22.5,true,core_odds_api
401752913,2025,13,-17.5,43.5,true,-17.5,true,core_odds_api
401754600,2025,13,6.5,50.5,false,6.5,true,core_odds_api
401757305,2025,13,-2.5,56.5,true,-2.5,true,core_odds_api
401761658,2025,13,2.5,53.5,false,2.5,true,core_odds_api
401762513,2025,13,2.5,61.5,false,2.5,true,core_odds_api
401756959,2025,13,-12.5,47.5,true,-12.5,true,core_odds_api
401761660,2025,13,-10.5,51.5,true,-10.5,true,core_odds_api
401752779,2025,13,-24.5,50.5,true,-24.5,true,core_odds_api
401754605,2025,13,-43.5,55.5,true,-43.5,true,core_odds_api
401761659,2025,13,-20.5,60.5,true,-20.5,true,core_odds_api
401752908,2025,13,-7.5,45.5,true,-7.5,true,core_odds_api
401760415,2025,13,3.5,53.5,false,3.5,true,core_odds_api
401760416,2025,13,-17.5,46.5,true,-17.5,true,core_odds_api
401754599,2025,13,4.5,47.5,false,4.5,true,core_odds_api
401762514,2025,13,18.5,56.5,false,18.5,true,core_odds_api
401752777,2025,13,-25.5,53.5,true,-25.5,true,core_odds_api
401752910,2025,13,10.5,51.5,false,10.5,true,core_odds_api
401760417,2025,13,-1.5,50.5,true,-1.5,true,core_odds_api
401760420,2025,13,-9.5,51.5,true,-9.5,true,core_odds_api
401762868,2025,14,14.5,44.5,false,14.5,true,core_odds_api
401762869,2025,14,9.5,49.5,false,9.5,true,core_odds_api
401762516,2025,14,-3.5,57.5,true,-3.5,true,core_odds_api
401752924,2025,14,28.5,54.5,false,28.5,true,core_odds_api
401752792,2025,14,2.5,54.5,false,2.5,true,core_odds_api
401752786,2025,14,15.5,59.5,false,15.5,true,core_odds_api
401752788,2025,14,7.5,62.5,false,7.5,true,core_odds_api
401756964,2025,14,10.5,59.5,false,10.5,true,core_odds_api
401756961,2025,14,2.5,47.5,false,2.5,true,core_odds_api
401752916,2025,14,5.5,38.5,false,5.5,true,core_odds_api
401762870,2025,14,7.5,45.5,false,7.5,true,core_odds_api
401762871,2025,14,-5.5,44.5,true,-5.5,true,core_odds_api
401760421,2025,14,2.5,47.5,false,2.5,true,core_odds_api
401760426,2025,14,1.5,41.5,false,1.5,true,core_odds_api
401762442,2025,14,-20.5,65.5,true,-20.5,true,core_odds_api
401760422,2025,14,1.5,54.5,false,1.5,true,core_odds_api
401752921,2025,14,9.5,43.5,false,9.5,true,core_odds_api
401756968,2025,14,24.5,53.5,false,24.5,true,core_odds_api
401752917,2025,14,6.5,51.5,false,6.5,true,core_odds_api
401752789,2025,14,-11.5,36.5,true,-11.5,true,core_odds_api
401754614,2025,14,33.5,49.5,false,33.5,true,core_odds_api
401752784,2025,14,6.5,48.5,false,6.5,true,core_odds_api
401756963,2025,14,-17.5,46.5,true,-17.5,true,core_odds_api
401754611,2025,14,6.5,49.5,false,6.5,true,core_odds_api
401752791,2025,14,-2.5,66.5,true,-2.5,true,core_odds_api
401752919,2025,14,-21.5,59.5,true,-21.5,true,core_odds_api
401754613,2025,14,-9.5,53.5,true,-9.5,true,core_odds_api
401754609,2025,14,13.5,52.5,false,13.5,true,core_odds_api
401762518,2025,14,-31.5,52.5,true,-31.5,true,core_odds_api
401752787,2025,14,1.5,45.5,false,1.5,true,core_odds_api
401752790,2025,14,-2.5,45.5,true,-2.5,true,core_odds_api
401756962,2025,14,-2.5,57.5,true,-2.5,true,core_odds_api
401756965,2025,14,-16.5,50.5,true,-16.5,true,core_odds_api
401756966,2025,14,13.5,47.5,false,13.5,true,core_odds_api
401762519,2025,14,6.5,66.5,false,6.5,true,core_odds_api
401762872,2025,14,10.5,46.5,false,10.5,true,core_odds_api
401762875,2025,14,-16.5,40.5,true,-16.5,true,core_odds_api
401757310,2025,14,-4.5,55.5,true,-4.5,true,core_odds_api
401757311,2025,14,10.5,50.5,false,10.5,true,core_odds_api
401761663,2025,14,-10.5,61.5,true,-10.5,true,core_odds_api
401757312,2025,14,1.5,56.5,false,1.5,true,core_odds_api
401757314,2025,14,-2.5,45.5,true,-2.5,true,core_odds_api
401761664,2025,14,-28.5,58.5,true,-28.5,true,core_odds_api
401761661,2025,14,1.5,54.5,false,1.5,true,core_odds_api
401754608,2025,14,2.5,54.5,false,2.5,true,core_odds_api
401757315,2025,14,-3.5,51.5,true,-3.5,true,core_odds_api
401761665,2025,14,-10.5,47.5,true,-10.5,true,core_odds_api
401761667,2025,14,-9.5,62.5,true,-9.5,true,core_odds_api
401762517,2025,14,-9.5,56.5,true,-9.5,true,core_odds_api
401752783,2025,14,4.5,54.5,false,4.5,true,core_odds_api
401752918,2025,14,2.5,38.5,false,2.5,true,core_odds_api
401752920,2025,14,14.5,55.5,false,14.5,true,core_odds_api
401754610,2025,14,-2.5,53.5,true,-2.5,true,core_odds_api
401756967,2025,14,-3.5,58.5,true,-3.5,true,core_odds_api
401757313,2025,14,2.5,55.5,false,2.5,true,core_odds_api
401761666,2025,14,-6.5,50.5,true,-6.5,true,core_odds_api
401762441,2025,14,-8.5,50.5,true,-8.5,true,core_odds_api
401761662,2025,14,23.5,53.5,false,23.5,true,core_odds_api
401752785,2025,14,1.5,48.5,false,1.5,true,core_odds_api
401752946,2025,14,-14.5,42.5,true,-14.5,true,core_odds_api
401752923,2025,14,-4.5,48.5,true,-4.5,true,core_odds_api
401762520,2025,14,-28.5,57.5,true,-28.5,true,core_odds_api
401752922,2025,14,-7.5,44.5,true,-7.5,true,core_odds_api
401754612,2025,14,-7.5,49.5,true,-7.5,true,core_odds_api
401760425,2025,14,7.5,52.5,false,7.5,true,core_odds_api
401760423,2025,14,3.5,44.5,false,3.5,true,core_odds_api
401760424,2025,14,-8.5,44.5,true,-8.5,true,core_odds_api
401777324,2025,15,2.5,67.5,false,2.5,true,core_odds_api
401777352,2025,15,-22.5,47.5,true,-22.5,true,core_odds_api
401777325,2025,15,-1.5,58.5,true,-1.5,true,core_odds_api
401777326,2025,15,-3.5,57.5,true,-3.5,true,core_odds_api
401777353,2025,15,-5.5,48.5,true,-5.5,true,core_odds_api
401777351,2025,15,2.5,47.5,false,2.5,true,core_odds_api
401777327,2025,15,-13.5,50.5,true,-13.5,true,core_odds_api
401777328,2025,15,-2.5,58.5,true,-2.5,true,core_odds_api
401777329,2025,15,-2.5,43.5,true,-2.5,true,core_odds_api
401762521,2025,16,-6.0,37.5,true,-6.0,true,core_odds_api
401778302,2025,1,-10.0,55.5,true,-10.0,true,core_odds_api
401778303,2025,1,-3.0,47.5,true,-3.0,true,core_odds_api
401778304,2025,1,-4.0,52.5,true,-4.0,true,core_odds_api
401778305,2025,1,1.5,60.5,false,1.5,true,core_odds_api
401838053,2025,1,-1.5,55.5,true,-1.5,true,core_odds_api
401778306,2025,1,-3.5,47.5,true,-3.5,true,core_odds_api
401778307,2025,1,-3.5,56.5,true,-3.5,true,core_odds_api
401778308,2025,1,-1.5,50.5,true,-1.5,true,core_odds_api
401778309,2025,1,-11.5,44.5,true,-11.5,true,core_odds_api
401778310,2025,1,-2.5,59.5,true,-2.5,true,core_odds_api
401778311,2025,1,6.5,64.5,false,6.5,true,core_odds_api
401778312,2025,1,-1.5,50.5,true,-1.5,true,core_odds_api
401778313,2025,1,-13.5,43.5,true,-13.5,true,core_odds_api
401778314,2025,1,-1.5,44.5,true,-1.5,true,core_odds_api
401778315,2025,1,-7.5,63.5,true,-7.5,true,core_odds_api
401778319,2025,1,-3.5,55.5,true,-3.5,true,core_odds_api
401778322,2025,1,-4.0,43.5,true,-4.0,true,core_odds_api
401778323,2025,1,-1.5,43.5,true,-1.5,true,core_odds_api
401778321,2025,1,7.5,55.5,false,7.5,true,core_odds_api
401778316,2025,1,13.5,51.5,false,13.5,true,core_odds_api
401778317,2025,1,-2.5,47.5,true,-2.5,true,core_odds_api
401778318,2025,1,-7.5,41.5,true,-7.5,true,core_odds_api
401778320,2025,1,-5.5,40.5,true,-5.5,true,core_odds_api
401778324,2025,1,10.0,58.5,false,10.0,true,core_odds_api
401778327,2025,1,4.5,56.5,false,4.5,true,core_odds_api
401778325,2025,1,-10.0,51.5,true,-10.0,true,core_odds_api
401778326,2025,1,3.0,61.5,false,3.0,true,core_odds_api
401778330,2025,1,-4.0,50.5,true,-4.0,true,core_odds_api
401778328,2025,1,-3.0,47.5,true,-3.0,true,core_odds_api
401778331,2025,1,-13.5,51.5,true,-13.5,true,core_odds_api
401778329,2025,1,-4.0,49.5,true,-4.0,true,core_odds_api
401831583,2025,1,-2.5,55.5,true,-2.5,true,core_odds_api
401778332,2025,1,-19.5,55.5,true,-19.5,true,core_odds_api
401778333,2025,1,7.5,57.5,false,7.5,true,core_odds_api
401778334,2025,1,-3.0,52.5,true,-3.0,true,core_odds_api
401779840,2025,1,-2.5,42.5,true,-2.5,true,core_odds_api
401779843,2025,1,-20.5,47.5,true,-20.5,true,core_odds_api
401779842,2025,1,-16.5,57.5,true,-16.5,true,core_odds_api
401779841,2025,1,-3.0,48.5,true,-3.0,true,core_odds_api
401769070,2025,1,-7.5,39.5,true,-7.5,true,core_odds_api
401769072,2025,1,-7.5,46.5,true,-7.5,true,core_odds_api
401769073,2025,1,-6.0,53.5,true,-6.0,true,core_odds_api
401769071,2025,1,-1.5,50.5,true,-1.5,true,core_odds_api
401769075,2025,1,3.0,52.5,false,3.0,true,core_odds_api
401769074,2025,1,-3.0,50.5,true,-3.0,true,core_odds_api
401769076,2025,1,-7.5,47.5,true,-7.5,true,core_odds_api
