id,stage,bonus,cap,multiplier,decayStart,decayStep,games,wins,losses,pushes,passes,winRate,profit,risked,ROI,winRateWilson95,profit2023,wins2023,losses2023,ROI2023,winRate2023,profit2024,wins2024,losses2024,ROI2024,winRate2024,profit2025,wins2025,losses2025,ROI2025,winRate2025,rawProfit,rawWinRate,rawROI
C01,coarse,0,28,1,4,0.25,1858,903,864,0,91,0.5110356536502547,-4740,194370,-0.02438647939496836,"[0.48772958594355603, 0.5342938424134764]",-3760,266,276,-0.0630660852063066,0.4907749077490775,-1050,325,305,-0.015151515151515152,0.5158730158730159,70,312,283,0.0010695187165775401,0.5243697478991597,-5300,0.5102260495156081,-0.025932087288384382
C10,coarse,2.75,21,1.25,4,0.25,1858,906,870,0,82,0.5101351351351351,-5100,195360,-0.026105651105651106,"[0.486889187317661, 0.5333373333207856]",-1670,277,267,-0.027907754010695188,0.5091911764705882,-3350,313,315,-0.048494499131441805,0.4984076433121019,-80,316,288,-0.0012040939193257074,0.5231788079470199,-6770,0.5064585575888052,-0.03312457187591741
C08,coarse,1.5,42,2,4,0.25,1858,926,889,0,43,0.5101928374655648,-5190,199650,-0.02599549211119459,"[0.48719762791216836, 0.5331449917375894]",-2560,278,276,-0.04200853298326222,0.5018050541516246,-3530,320,323,-0.04990810123002969,0.4976671850699845,900,328,290,0.01323918799646955,0.5307443365695793,-6140,0.5080731969860065,-0.030042078481260396
C03,coarse,0,42,1.5,3,0.25,1858,919,883,0,56,0.5099889012208657,-5230,198220,-0.026384824941983655,"[0.48691123710656403, 0.5330240677476672]",-3380,272,278,-0.05586776859504132,0.49454545454545457,-3860,320,326,-0.05432029271038559,0.4953560371517028,2010,327,279,0.030153015301530153,0.5396039603960396,-4250,0.5129171151776103,-0.020794598297289364
C14,coarse,2.75,56,1,3,0.5,1858,924,889,0,45,0.5096525096525096,-5390,199430,-0.02702702702702703,"[0.48664528534851564, 0.5326189161755505]",-2140,280,274,-0.035116508040695764,0.5054151624548736,-3440,322,324,-0.0484097945398255,0.4984520123839009,190,322,291,0.002817736912353552,0.5252854812398042,-6140,0.5080731969860065,-0.030042078481260396
C19,coarse,4,56,1.25,3,0.25,1858,918,889,0,51,0.5080243497509684,-5990,198770,-0.030135332293605675,"[0.48498113823323513, 0.5310335160915483]",-3820,272,282,-0.0626846078109616,0.49097472924187724,-2560,322,316,-0.036477628954117984,0.5047021943573667,390,324,291,0.005764966740576497,0.526829268292683,-5510,0.5096878363832078,-0.026959585086603385
C00,coarse,2.75,28.0,1.25,4,0.25,1858,911,884,0,63,0.5075208913649025,-6140,197450,-0.03109648012154976,"[0.48440160471751365, 0.5306080560102866]",-4350,270,285,-0.07125307125307126,0.4864864864864865,-3250,314,315,-0.04697210579563521,0.49920508744038156,1460,327,284,0.02172295789317066,0.5351882160392799,-6560,0.5069967707212056,-0.032097074077698406
C04,coarse,0,56,2,5,0.25,1858,907,881,0,70,0.5072706935123042,-6210,196680,-0.03157413056741916,"[0.4841066259901133, 0.530403586323599]",-2630,274,273,-0.043709489778959616,0.5009140767824497,-4420,310,322,-0.06357882623705409,0.49050632911392406,840,323,286,0.012539184952978056,0.5303776683087028,-5930,0.5086114101184069,-0.029014580683041392
C02,coarse,0,35,1.25,5,0.125,1858,898,875,0,85,0.5064861816130851,-6450,195030,-0.033071835102291954,"[0.48322567400047667, 0.5297186435050735]",-2280,272,268,-0.03838383838383838,0.5037037037037037,-4210,311,321,-0.06055811277330265,0.4920886075949367,40,315,286,0.000605052185751021,0.5241264559068219,-7190,0.5053821313240043,-0.035179567472355414
C09,coarse,1.5,56,0,5,0.125,1858,909,886,0,63,0.5064066852367688,-6560,197450,-0.03322360091162319,"[0.4832890623371492, 0.5294969449494956]",-1260,280,266,-0.02097902097902098,0.5128205128205128,-4790,314,329,-0.06772232433196664,0.48833592534992226,-510,315,291,-0.00765076507650765,0.5198019801980198,-8030,0.5032292787944026,-0.039289558665231435
C13,coarse,2.75,42,0,5,0.25,1858,906,885,0,67,0.5058626465661642,-6750,197010,-0.034262220191868434,"[0.4827201188930186, 0.5289800788580397]",-3590,271,279,-0.05933884297520661,0.49272727272727274,-4090,310,319,-0.05911258852435323,0.492845786963434,930,325,287,0.013814616755793227,0.5310457516339869,-7190,0.5053821313240043,-0.035179567472355414
C06,coarse,1.5,28,1.25,5,0.25,1858,907,886,0,65,0.5058561070831009,-6760,197230,-0.034274704659534555,"[0.4827264799857744, 0.5289606946933887]",-4210,267,281,-0.06984074319840743,0.48722627737226276,-3520,319,322,-0.0499219968798752,0.49765990639625585,970,321,283,0.014599638771824202,0.5314569536423841,-7400,0.5048439181916039,-0.03620706527057442
C12,coarse,2.75,35,2,3,0.25,1858,921,901,0,36,0.5054884742041712,-7010,200420,-0.03497654924658218,"[0.4825439489230025, 0.5284099046568794]",-1970,285,277,-0.03186670980265286,0.5071174377224199,-5330,313,333,-0.07500703630734591,0.4845201238390093,290,323,291,0.004293751850755108,0.5260586319218241,-6560,0.5069967707212056,-0.032097074077698406
C16,coarse,4,28,2,3,0.5,1858,913,895,0,50,0.5049778761061947,-7150,198880,-0.03595132743362832,"[0.48194566814216716, 0.5279889759252647]",-1520,284,272,-0.02485284499672989,0.5107913669064749,-5020,315,332,-0.07053533792328229,0.4868624420401855,-610,314,291,-0.009166040570999248,0.5190082644628099,-6980,0.5059203444564048,-0.034152069674136414
C22,coarse,6,35,1,5,0.25,1858,912,895,0,51,0.5047039291643608,-7250,198770,-0.03647431704985662,"[0.48166581886522425, 0.5277220819458557]",-3400,274,280,-0.05579258286839514,0.49458483754512633,-4040,316,324,-0.05738636363636364,0.49375,190,322,291,0.002817736912353552,0.5252854812398042,-7610,0.5043057050592035,-0.03723456306879342
C18,coarse,4,42,1,5,0.125,1858,905,891,0,62,0.5038975501113586,-7510,197560,-0.03801376796922454,"[0.48079051738567624, 0.5269879455069238]",-3150,271,275,-0.05244755244755245,0.49633699633699635,-4470,315,327,-0.0632965165675446,0.49065420560747663,110,319,289,0.001644736842105263,0.524671052631579,-7190,0.5053821313240043,-0.035179567472355414
C23,coarse,6,42,1.25,3,0.5,1858,915,902,0,41,0.50357732526142,-7720,199870,-0.03862510631910742,"[0.4806045408744644, 0.5265350153658793]",-4960,265,286,-0.08183468074575152,0.4809437386569873,-2920,325,322,-0.04102852325418013,0.5023183925811437,160,325,294,0.002349831105889264,0.5250403877221325,-8030,0.5032292787944026,-0.039289558665231435
C20,coarse,6,21,2,5,0.125,1858,913,903,0,42,0.5027533039647577,-8030,199760,-0.040198237885462555,"[0.4797757068516022, 0.5257192773139308]",-1200,285,270,-0.019656019656019656,0.5135135135135135,-5660,313,336,-0.0792828127188682,0.48228043143297383,-1170,315,297,-0.017379679144385027,0.5147058823529411,-9290,0.5,-0.045454545454545456
C05,coarse,1.5,21,1,3,0.25,1858,896,888,0,74,0.5022421524663677,-8080,196240,-0.0411740725642071,"[0.4790607609649737, 0.5254139087326835]",-3240,269,274,-0.05424409844299347,0.4953959484346225,-3510,318,321,-0.0499359795134443,0.49765258215962443,-1330,309,293,-0.0200845665961945,0.5132890365448505,-8660,0.5016146393972013,-0.04237205205988844
C15,coarse,4,21,1.5,5,0.25,1858,897,891,0,70,0.5016778523489933,-8310,196680,-0.04225137278828554,"[0.47852346263442314, 0.5248250478995106]",-2220,277,272,-0.03676105315449578,0.5045537340619308,-5820,307,332,-0.08279982927870252,0.48043818466353677,-270,313,287,-0.004090909090909091,0.5216666666666666,-10340,0.49730893433799783,-0.05059203444564048
C07,coarse,1.5,35,1.5,3,0.5,1858,909,903,0,46,0.5016556291390728,-8430,199320,-0.042293798916315475,"[0.4786548316404709, 0.5246494215865131]",-3810,271,281,-0.06274703557312253,0.49094202898550726,-5330,313,333,-0.07500703630734591,0.4845201238390093,710,325,289,0.010512289013917679,0.5293159609120521,-8030,0.5032292787944026,-0.039289558665231435
C17,coarse,4,35,0,4,0.25,1858,899,901,0,58,0.49944444444444447,-9210,198000,-0.046515151515151516,"[0.4763718529643491, 0.522519402145561]",-3720,273,282,-0.060933660933660934,0.4918918918918919,-4450,313,325,-0.0634083784554004,0.49059561128526646,-1040,313,294,-0.015575857420997454,0.515650741350906,-8660,0.5016146393972013,-0.04237205205988844
C21,coarse,6,28,0,3,0.25,1858,906,908,0,44,0.4994487320837927,-9280,199540,-0.046506966021850255,"[0.47646514461023987, 0.5224346494337921]",-3930,272,283,-0.06437346437346438,0.4900900900900901,-3740,319,324,-0.05287713841368585,0.49611197511664074,-1610,315,301,-0.023760330578512397,0.5113636363636364,-8450,0.5021528525296017,-0.04134455426166944
C24,coarse,6,56,1.5,4,0.25,1858,907,910,0,41,0.4991744634012108,-9400,199870,-0.04703056987041577,"[0.476210412473917, 0.5221419976244651]",-4880,268,288,-0.07979071288423806,0.48201438848920863,-3950,318,325,-0.05584617559734201,0.49455676516329705,-570,321,297,-0.008384819064430714,0.5194174757281553,-9290,0.5,-0.045454545454545456
C11,coarse,2.75,28,1.5,5,0.125,1858,886,906,0,66,0.49441964285714285,-11060,197120,-0.056107954545454544,"[0.4713078914185056, 0.5175552680203382]",-3290,274,279,-0.05408515535097814,0.49547920433996384,-6840,299,334,-0.0982335200344679,0.47235387045813587,-930,313,293,-0.01395139513951395,0.5165016501650165,-12440,0.49192680301399355,-0.06086701242783051
