season,period,id,date,home,away,bothFBS,neutral,homeScore,awayScore,actualHomeMargin,priorWeight,provider,providerId,oddsSha256,lineStatus,lineCaveat,homeSpread,marketHomeMargin,modelAvailable,halftime1.25Raw,halftime1.25Prediction,halftime1.25Result,halftime1.25RawResult,halftime1.25Pick,halftime1.25Profit,cap28Raw,cap28Prediction,cap28Result,cap28RawResult,cap28Pick,cap28Profit
2023,regular-12,401532446,2023-11-16T00:00:00.000Z,Ohio,Central Michigan,True,False,34,20,14,0,ESPN BET,58,5467ed80a2e0884a4aeff947f0d4088cb9319559694b0366d79eb6084b7f2175,explicit_close,,-11.5,11.5,True,16.378515068576988,16.5,W,W,Ohio,100,14.964361708320109,15.0,W,W,Ohio,100
2023,regular-12,401531401,2023-11-18T02:00:00.000Z,UTSA,South Florida,True,False,49,21,28,0,ESPN BET,58,f9e45144905b4f0b4b8e4dc1a038dbda46ab94dd08a0c2abf60d88adc08e0597,explicit_close,,-14.5,14.5,True,16.388302617311524,16.5,W,W,UTSA,100,15.08735040390765,15.0,W,W,UTSA,100
2023,regular-12,401520401,2023-11-18T17:00:00.000Z,Alabama,Chattanooga,False,False,66,10,56,0,ESPN BET,58,f608314f1536a84eac8eed805f1b9a3c4d31d988087e4ed201e4ddf9d3dcfaed,explicit_close,,-44.5,44.5,True,49.88733947608593,50.0,W,W,Alabama,100,44.20398072042994,44.0,L,L,Chattanooga,-110
2023,regular-12,401520410,2023-11-18T17:00:00.000Z,Maryland,Michigan,True,False,24,31,-7,0,ESPN BET,58,8b75e4327865b9b786da629f51d16104c71f4b658cf0f8cf51100357479f162c,explicit_close,,17.5,-17.5,True,-20.61264216141452,-20.5,L,L,Michigan,-110,-19.27641777117222,-19.5,L,L,Michigan,-110
2023,regular-12,401520412,2023-11-18T17:00:00.000Z,Mississippi State,Southern Miss,True,False,41,20,21,0,ESPN BET,58,39314d524e8c225fd668e64c7f46fd92a7d5f4deb1726e2b326bf9db3ac72935,explicit_close,,-18.5,18.5,True,16.5233733311615,16.5,L,L,Southern Miss,-110,12.158864907035884,12.0,L,L,Southern Miss,-110
2023,regular-12,401520416,2023-11-18T17:00:00.000Z,Ole Miss,UL Monroe,True,False,35,3,32,0,ESPN BET,58,db6c951d7f163d6146878cbc405f11641447f227e88af6051a9f25cc1b67eb42,explicit_close,,-36.5,36.5,True,36.870256640396605,37.0,L,L,Ole Miss,-110,34.44704136689291,34.5,W,W,UL Monroe,100
2023,regular-12,401520417,2023-11-18T17:00:00.000Z,Penn State,Rutgers,True,False,27,6,21,0,ESPN BET,58,aa59b6bca40429db84db47981f41261b9a4ea5de6d1de2b4e928ce951ae28ea8,explicit_close,,-18.5,18.5,True,24.313018739556043,24.5,W,W,Penn State,100,22.53652335994974,22.5,W,W,Penn State,100
2023,regular-12,401520420,2023-11-18T17:00:00.000Z,Texas A&M,Abilene Christian,False,False,38,10,28,0,ESPN BET,58,a6f9a6610073cd394fc691744bb2f418cf6cc6490182c02a79a292e5e96f9bde,explicit_close,,-40.5,40.5,True,42.46936187103295,42.5,L,L,Texas A&M,-110,36.89570470827128,37.0,W,W,Abilene Christian,100
2023,regular-12,401520421,2023-11-18T17:00:00.000Z,UConn,Sacred Heart,False,False,31,3,28,0,ESPN BET,58,118102ab9e65fd106fc60c1287cb5cc2294661467f12230099e560bb70e6ed89,explicit_close,,-25.5,25.5,True,30.333780752226588,30.5,W,W,UConn,100,29.489645629607615,29.5,W,W,UConn,100
2023,regular-12,401525893,2023-11-18T17:00:00.000Z,BYU,Oklahoma,True,False,24,31,-7,0,ESPN BET,58,dbaebd59877cd225bcef902fadcbf87f287acec877c3590deef4f0247353cbc2,explicit_close,,25.0,-25.0,True,-23.40136080995294,-23.5,W,W,BYU,100,-19.4472585465127,-19.5,W,W,BYU,100
2023,regular-12,401520408,2023-11-18T18:00:00.000Z,Liberty,Massachusetts,True,False,49,25,24,0,ESPN BET,58,be69750125475fe518fdd8b46c7b0955a9fc5e20373c65243ccc527b4a3d9390,explicit_close,,-26.5,26.5,True,31.460081979705773,31.5,L,L,Liberty,-110,28.940239545449536,29.0,L,L,Liberty,-110
2023,regular-12,401532448,2023-11-18T19:00:00.000Z,Ball State,Kent State,True,False,34,3,31,0,ESPN BET,58,04b3750d6f16ab279cfe20ceb9ad97e3d3afc3b4ad3b43b422409451abfeafbf,explicit_close,,-10.5,10.5,True,13.948171917821004,14.0,W,W,Ball State,100,14.738906453914225,14.5,W,W,Ball State,100
2023,regular-12,401532620,2023-11-18T19:00:00.000Z,Wyoming,Hawai'i,True,False,42,9,33,0,ESPN BET,58,e11dbb45104a0991438bc0d491bccf78dadeadc3eb02be06d2a8daa26f2eec06,explicit_close,,-13.5,13.5,True,14.067178837199421,14.0,W,W,Wyoming,100,13.439453283376857,13.5,PASS,L,PASS,0
2023,regular-12,401532621,2023-11-18T20:00:00.000Z,Colorado State,Nevada,True,False,30,20,10,0,ESPN BET,58,de6906e06a4c12852cd3d8bc1c6e204e11df3a1924748a5718c6980dec86ed82,explicit_close,,-12.5,12.5,True,8.523574272153652,8.5,W,W,Nevada,100,9.581713214306742,9.5,W,W,Nevada,100
2023,regular-12,401525442,2023-11-18T20:30:00.000Z,Notre Dame,Wake Forest,True,False,45,7,38,0,ESPN BET,58,bd0c9eb5b81a3ca785c2d198520379b0babc6b7a8bab3eec700c66a5f1715159,explicit_close,,-23.5,23.5,True,27.30700487732676,27.5,W,W,Notre Dame,100,24.164737466423027,24.0,W,W,Notre Dame,100
2023,regular-12,401525897,2023-11-18T20:30:00.000Z,TCU,Baylor,True,False,42,17,25,0,ESPN BET,58,9080622cd74d43067a9793ba71a25ce0debc6b66dc9b16d6d50967cd111381f1,explicit_close,,-13.5,13.5,True,17.077011731303024,17.0,W,W,TCU,100,17.74046926297367,17.5,W,W,TCU,100
2023,regular-12,401531921,2023-11-18T20:30:00.000Z,Troy,Louisiana,True,False,31,24,7,0,ESPN BET,58,b00ecf0108036f5d71a47f96c50cb7a64ae6dcefabe0b94281649f696cb03539,explicit_close,,-16.5,16.5,True,22.252816065037635,22.5,L,L,Troy,-110,22.019036140331778,22.0,L,L,Troy,-110
2023,regular-12,401520404,2023-11-18T21:00:00.000Z,Auburn,New Mexico State,True,False,10,31,-21,0,ESPN BET,58,933dd6c1bbd54a70c129463dcc03ce0dae3cb8d7c73f3c34c33e5f53e9ec934b,explicit_close,,-26.0,26.0,True,19.570502865579215,19.5,W,W,New Mexico State,100,16.446079115766885,16.5,W,W,New Mexico State,100
2023,regular-12,401520415,2023-11-18T21:00:00.000Z,Ohio State,Minnesota,True,False,37,3,34,0,ESPN BET,58,8b45e57e9f3b261fccbcafb8a933220c104d3a988b78c55e15e837c9c52cd1f8,explicit_close,,-27.5,27.5,True,31.587050318743763,31.5,W,W,Ohio State,100,29.2063231326295,29.0,W,W,Ohio State,100
2023,regular-12,401524059,2023-11-18T21:00:00.000Z,Arizona State,Oregon,True,False,13,49,-36,0,ESPN BET,58,e5f20ab16b5e114300ec24127cc1adb9b81b67485a07deb00c8083234740e691,explicit_close,,24.5,-24.5,True,-28.60561068702402,-28.5,W,W,Oregon,100,-23.93766739656992,-24.0,L,L,Arizona State,-110
2023,regular-12,401520402,2023-11-19T00:30:00.000Z,Arkansas,Florida International,True,False,44,20,24,0,ESPN BET,58,3d796be3833c4efd7c31f168d1b87e4bb2f0b2ed4eece5d11d3f4c85369ec30f,explicit_close,,-27.5,27.5,True,28.56463862142251,28.5,L,L,Arkansas,-110,24.48455829620795,24.5,W,W,Florida International,100
2023,regular-12,401520413,2023-11-19T00:30:00.000Z,Missouri,Florida,True,False,33,31,2,0,ESPN BET,58,fbb4b8b59f7dc696417d33cc22c204150bb83696d1054c6f61257cf034bcec25,explicit_close,,-12.5,12.5,True,20.586528368795854,20.5,L,L,Missouri,-110,20.151586561860128,20.0,L,L,Missouri,-110
2023,regular-12,401520409,2023-11-19T01:00:00.000Z,LSU,Georgia State,True,False,56,14,42,0,ESPN BET,58,2de90649c7f0576355c30f2f1f1c760c0a52c53c0fa39add49188b842df2d020,explicit_close,,-32.5,32.5,True,28.545808306841657,28.5,L,L,Georgia State,-110,24.963061289436013,25.0,L,L,Georgia State,-110
2023,regular-12,401532622,2023-11-19T03:30:00.000Z,Fresno State,New Mexico,True,False,17,25,-8,0,ESPN BET,58,626c63110709bea50bb4c4fc7e431dafe51ea4623a7b48c50211f72ab1f52c45,explicit_close,,-22.5,22.5,True,26.934725506346858,27.0,L,L,Fresno State,-110,22.42002279196303,22.5,PASS,W,PASS,0
2023,regular-12,401532623,2023-11-19T03:30:00.000Z,San José State,San Diego State,True,False,24,13,11,0,ESPN BET,58,c457056f3ad319b4101110241321b2702994c26e3ff211aa968c01a042c24630,explicit_close,,-16.0,16.0,True,17.403265891898293,17.5,L,L,San José State,-110,16.25438533800129,16.5,L,L,San José State,-110
2023,regular-13,401520424,2023-11-24T00:30:00.000Z,Mississippi State,Ole Miss,True,False,7,17,-10,0,ESPN BET,58,ae21ba26e46d12419a7a3b37cd6875d38855ff4cf72202de779217f460465c4a,explicit_close,,10.5,-10.5,True,-17.75762832134278,-18.0,L,L,Ole Miss,-110,-14.207268445936919,-14.0,L,L,Ole Miss,-110
2023,regular-13,401525560,2023-11-24T17:00:00.000Z,Boston College,Miami,True,False,20,45,-25,0,ESPN BET,58,9b68cff460a2fe25caf28bd146b62053271db38661f9c70ea021dbe68e35e6ff,explicit_close,,13.5,-13.5,True,-10.544167956149266,-10.5,L,L,Boston College,-110,-8.507376034749988,-8.5,L,L,Boston College,-110
2023,regular-13,401525900,2023-11-24T17:00:00.000Z,Oklahoma,TCU,True,False,69,45,24,0,ESPN BET,58,ced206bbc1ae78c73bf14cf3632a900cadc2108c02ed22eb75d8216e9fe6bd94,explicit_close,,-11.5,11.5,True,15.47843717098418,15.5,W,W,Oklahoma,100,12.570965362974448,12.5,W,W,Oklahoma,100
2023,regular-13,401531394,2023-11-24T17:00:00.000Z,Temple,Memphis,True,False,21,45,-24,0,ESPN BET,58,a03f5b4b49ead79b5af71c7e7b41715e85dff6ca27dfbb3aa8b4c38e51f1b295,explicit_close,,13.5,-13.5,True,-20.90968681691966,-21.0,W,W,Memphis,100,-20.954581926774164,-21.0,W,W,Memphis,100
2023,regular-13,401532452,2023-11-24T17:00:00.000Z,Akron,Ohio,True,False,14,25,-11,0,ESPN BET,58,15bf57d348ee1c2b48a91a1fce947ab818f8694220bb03f009275201c81b7275,explicit_close,,14.5,-14.5,True,-19.78754629366562,-20.0,L,L,Ohio,-110,-17.81387260644067,-18.0,L,L,Ohio,-110
2023,regular-13,401525901,2023-11-25T00:30:00.000Z,Texas,Texas Tech,True,False,57,7,50,0,ESPN BET,58,d0380b9b1e25069987d2385e999b90ef4f1940730d7011e081f290a3e23d3024,explicit_close,,-16.5,16.5,True,17.25907758488693,17.5,W,W,Texas,100,17.716512141439168,17.5,W,W,Texas,100
2023,regular-13,401524063,2023-11-25T01:30:00.000Z,Oregon,Oregon State,True,False,31,7,24,0,ESPN BET,58,f27f25c39e6adc6684f1f294987d1b8f0858a7981adf75b906c953eeec3351c6,explicit_close,,-14.5,14.5,True,15.984950070927383,16.0,W,W,Oregon,100,10.821950510235112,11.0,L,L,Oregon State,-110
2023,regular-13,401520433,2023-11-25T17:00:00.000Z,LSU,Texas A&M,True,False,42,30,12,0,ESPN BET,58,708c5a575462147d68509c4b1103b7ce77d8c2ba504de4ad2527c9d9477291c0,explicit_close,,-11.0,11.0,True,7.589129819062649,7.5,L,L,Texas A&M,-110,6.05305748360562,6.0,L,L,Texas A&M,-110
2023,regular-13,401525906,2023-11-25T17:00:00.000Z,UCF,Houston,True,False,27,13,14,0,ESPN BET,58,278194a08217fa6c6e65d520385c2be9c9611979cf407a6b5af58140bbf1911e,explicit_close,,-15.5,15.5,True,14.205326060541715,14.0,W,W,Houston,100,11.56283280433101,11.5,W,W,Houston,100
2023,regular-13,401532453,2023-11-25T17:00:00.000Z,Kent State,Northern Illinois,True,False,27,37,-10,0,ESPN BET,58,d028ac553030096c62dfb2d0e8f0c14953ceeae1ac900215fa56897837dc7473,explicit_close,,20.5,-20.5,True,-19.99455306957403,-20.0,W,W,Kent State,100,-19.085269280883903,-19.0,W,W,Kent State,100
2023,regular-13,401520428,2023-11-25T20:00:00.000Z,Florida International,Western Kentucky,True,False,28,41,-13,0,ESPN BET,58,60c98a93841272bf40fbefe1b6bbfc2e6a96f21f0877af133ff60e7b1a9c530b,explicit_close,,11.5,-11.5,True,-15.371325056890072,-15.5,W,W,Western Kentucky,100,-16.241448457214165,-16.0,W,W,Western Kentucky,100
2023,regular-13,401524067,2023-11-25T20:00:00.000Z,Utah,Colorado,True,False,23,17,6,0,ESPN BET,58,536c1b89c211f41d8ff814d8379336007865967490297254b92d80244a9e9186,explicit_close,,-21.5,21.5,True,14.828439028762674,15.0,W,W,Colorado,100,12.006178234704407,12.0,W,W,Colorado,100
2023,regular-13,401531926,2023-11-25T20:00:00.000Z,Louisiana,UL Monroe,True,False,52,21,31,0,ESPN BET,58,69f8f89d413e52dded7414f07224181905e0874c46eb9807f751f6b7c2d366f9,explicit_close,,-12.5,12.5,True,10.931384392623976,11.0,L,L,UL Monroe,-110,11.581155221053464,11.5,L,L,UL Monroe,-110
2023,regular-13,401520427,2023-11-25T20:30:00.000Z,Auburn,Alabama,True,False,24,27,-3,0,ESPN BET,58,dc350ff148db45a66e7a24a514171514e4934a8bc1109c64c9ab12e16f4ff25c,explicit_close,,13.5,-13.5,True,-12.748217817643031,-13.0,W,W,Auburn,100,-12.348430352218479,-12.5,W,W,Auburn,100
2023,regular-13,401520442,2023-11-25T20:30:00.000Z,Tennessee,Vanderbilt,True,False,48,24,24,0,ESPN BET,58,48300910f845f0973d192991d9190978a4b9c2f4455344ad2cb9ef5b5d254ab2,explicit_close,,-27.5,27.5,True,28.309863706159263,28.5,L,L,Tennessee,-110,25.1142846913393,25.0,W,W,Vanderbilt,100
2023,regular-13,401520444,2023-11-25T20:30:00.000Z,UTEP,Liberty,True,False,28,42,-14,0,ESPN BET,58,51aa88888ba7fdc440df32248aeb878d463062c8f9761750ccf53ced2ba0b70b,explicit_close,,18.0,-18.0,True,-23.992221239497837,-24.0,L,L,Liberty,-110,-22.793195129952508,-23.0,L,L,Liberty,-110
2023,regular-13,401524064,2023-11-25T20:30:00.000Z,Arizona State,Arizona,True,False,23,59,-36,0,ESPN BET,58,b96aa1d098ed51e91f938667b6679289dd0cc4692e666d167ae60e1e30863cb7,explicit_close,,12.5,-12.5,True,-15.66278295461057,-15.5,W,W,Arizona,100,-14.415417795323627,-14.5,W,W,Arizona,100
2023,regular-13,401525905,2023-11-25T20:30:00.000Z,Oklahoma State,BYU,True,False,40,34,6,0,ESPN BET,58,48c4d11c6c1dbaab6bfe75863c7eee8bdbaa70d17e1bed609e014ee5dda5b275,explicit_close,,-16.5,16.5,True,13.894610240891005,14.0,W,W,BYU,100,13.467974072565006,13.5,W,W,BYU,100
2023,regular-13,401524068,2023-11-25T21:00:00.000Z,Washington,Washington State,True,False,24,21,3,0,ESPN BET,58,d0cbfd2f0ba59e92babd01513a7b8239d58636b1d0e6a6fade0866e2b21251b0,explicit_close,,-15.5,15.5,True,21.040624657410184,21.0,L,L,Washington,-110,20.93382215626646,21.0,L,L,Washington,-110
2023,regular-13,401524065,2023-11-26T00:00:00.000Z,Stanford,Notre Dame,True,False,23,56,-33,0,ESPN BET,58,2440482d8aec4466c82b58006f6d463bce563aee0f136e9ede5e16bed3857669,explicit_close,,26.5,-26.5,True,-21.597457358425196,-21.5,L,L,Stanford,-110,-18.602641895569143,-18.5,L,L,Stanford,-110
2023,regular-13,401525902,2023-11-26T00:00:00.000Z,Baylor,West Virginia,True,False,31,34,-3,0,ESPN BET,58,4f32c9fa3be3f8c5707d9135a32bd7bbcd87237d8c9a66ad4552c3314d7464cf,explicit_close,,11.5,-11.5,True,-13.623308790557985,-13.5,L,L,West Virginia,-110,-12.806049180446024,-13.0,L,L,West Virginia,-110
2023,regular-13,401520430,2023-11-26T00:30:00.000Z,Georgia Tech,Georgia,True,False,23,31,-8,0,ESPN BET,58,de92426f4c59e7362cec63704ef8c4f402debc41abe1b06338e27001c01f7f4c,explicit_close,,24.5,-24.5,True,-21.489688149900758,-21.5,W,W,Georgia Tech,100,-20.194289553152963,-20.0,W,W,Georgia Tech,100
2023,regular-13,401532630,2023-11-26T02:00:00.000Z,Nevada,Wyoming,True,False,6,42,-36,0,ESPN BET,58,9f2b0fa1c37382efa2cbb7a104e5b8d804d114d93d4f5350b482056db1dfcc27,explicit_close,,10.5,-10.5,True,-14.088573834761675,-14.0,W,W,Wyoming,100,-13.972143063824205,-14.0,W,W,Wyoming,100
2023,regular-14,401539476,2023-12-02T00:00:00.000Z,Liberty,New Mexico State,True,False,49,35,14,0,ESPN BET,58,e6f92d4973b6875a6a0a6f3761e0f6509030e3a73ed4b6ad1e88ecf7a7e76eff,explicit_close,,-10.5,10.5,True,16.17943617198508,16.0,W,W,Liberty,100,14.897375121711065,15.0,W,W,Liberty,100
2023,regular-14,401539479,2023-12-02T17:00:00.000Z,Texas,Oklahoma State,True,True,49,21,28,0,ESPN BET,58,75805e657f106dbbfcc20e241c582fb7386b0493b8f2bfe3e841e64b35aab15b,explicit_close,,-14.5,14.5,True,16.11787772153447,16.0,W,W,Texas,100,15.588738334547578,15.5,W,W,Texas,100
2023,regular-14,401539480,2023-12-03T01:00:00.000Z,Iowa,Michigan,True,True,0,26,-26,0,ESPN BET,58,1f829e6460ccd3da4f9a328f82caaa343614eb5a80d814f5a619c0b974ed8e34,explicit_close,,20.5,-20.5,True,-21.05888936053988,-21.0,W,W,Michigan,100,-19.423174953977103,-19.5,L,L,Iowa,-110
2024,regular-12,401644765,2024-11-13T00:00:00.000Z,Toledo,Central Michigan,True,False,37,10,27,0,ESPN BET,58,158dc88a5025c343bde4683f101ef32871c1497e2e3180623bf023ec65bb39af,explicit_close,,-14.5,14.5,True,17.654735176503493,17.5,W,W,Toledo,100,18.15662648831193,18.0,W,W,Toledo,100
2024,regular-12,401644689,2024-11-14T00:00:00.000Z,Miami (OH),Kent State,True,False,34,7,27,0,ESPN BET,58,d7a38463fcb529dcec5166b75881b2f2e583ea45fbbd7583efc77cff2e1fab46,explicit_close,,-30.5,30.5,True,33.12305433219892,33.0,L,L,Miami (OH),-110,27.785201540856008,28.0,W,W,Kent State,100
2024,regular-12,401644766,2024-11-14T00:00:00.000Z,Northern Illinois,Akron,True,False,29,16,13,0,ESPN BET,58,3594449329468f2d5cb254c2f3a4b98f28765851920818d8a88f0734bc95454e,explicit_close,,-14.5,14.5,True,19.78740251806081,20.0,L,L,Northern Illinois,-110,19.263025486230056,19.5,L,L,Northern Illinois,-110
2024,regular-12,401644767,2024-11-14T00:00:00.000Z,Ohio,Eastern Michigan,True,False,35,10,25,0,ESPN BET,58,9953521851b9c768b00b8ef742de45c7101e061c18540e56fde8b5fd1c805c13,explicit_close,,-10.5,10.5,True,10.545356664814634,10.5,PASS,W,PASS,0,9.597141108578676,9.5,L,L,Eastern Michigan,-110
2024,regular-12,401645365,2024-11-15T00:30:00.000Z,Tulsa,East Carolina,True,False,31,38,-7,0,ESPN BET,58,a02e66403dad89c435616a71ffed2674cb5f70bf162dd5a710c9fc4b20404365,explicit_close,,16.5,-16.5,True,-16.633004624721856,-16.5,PASS,L,PASS,0,-14.476881951901643,-14.5,W,W,Tulsa,100
2024,regular-12,401628419,2024-11-16T17:00:00.000Z,Arkansas,Texas,True,False,10,20,-10,0,ESPN BET,58,5aec0125d5ee3a99711242c8cd01983ada3e042e18efb567cf1bd1dff17b31a2,explicit_close,,13.5,-13.5,True,-16.26011159362099,-16.5,L,L,Texas,-110,-17.486257287718317,-17.5,L,L,Texas,-110
2024,regular-12,401628550,2024-11-16T17:00:00.000Z,Northwestern,Ohio State,True,True,7,31,-24,0,ESPN BET,58,239e69939c3d7c0c39e3cfa293d505c87287a1c01acae00b26c9e0ef75fe4e1a,explicit_close,,29.5,-29.5,True,-29.232401993298666,-29.0,W,W,Northwestern,100,-27.10187287832386,-27.0,W,W,Northwestern,100
2024,regular-12,401629046,2024-11-16T17:00:00.000Z,Massachusetts,Liberty,True,False,34,35,-1,0,ESPN BET,58,6af8c343b2d14ef2b04f6515a8a0f6e90918db4e94a76003e5da14ef898d871f,explicit_close,,16.5,-16.5,True,-9.959788639131428,-10.0,W,W,Massachusetts,100,-10.742425722725713,-10.5,W,W,Massachusetts,100
2024,regular-12,401635582,2024-11-16T17:00:00.000Z,Pittsburgh,Clemson,True,False,20,24,-4,0,ESPN BET,58,609014902b34f6fe63c77e5296764d556017e228c7bc6286214667f05690075d,explicit_close,,12.5,-12.5,True,-9.120997452830366,-9.0,W,W,Pittsburgh,100,-2.6300357900540305,-2.5,W,W,Pittsburgh,100
2024,regular-12,401636925,2024-11-16T17:00:00.000Z,Colorado,Utah,True,False,49,24,25,0,ESPN BET,58,b946ad8d0cd6a321fa0a13884a00910e8e78d50ccc0779cc5025be12f2367587,explicit_close,,-13.5,13.5,True,14.196515776211015,14.0,W,W,Colorado,100,16.872667184289618,17.0,W,W,Colorado,100
2024,regular-12,401641013,2024-11-16T17:00:00.000Z,Western Kentucky,Louisiana Tech,True,False,7,12,-5,0,ESPN BET,58,c5f0c2b97093e4320a326d29958ef32a4cbe5a1529294a34fa1ef52c852aac62,explicit_close,,-11.5,11.5,True,21.12705017786959,21.0,L,L,Western Kentucky,-110,23.170042282441393,23.0,L,L,Western Kentucky,-110
2024,regular-12,401628426,2024-11-16T17:45:00.000Z,Auburn,UL Monroe,True,False,48,14,34,0,ESPN BET,58,c2288c81349284c7867bfe0643edbbc6d4cd7f0b9ecc23ca9e2bd7f0897e242d,explicit_close,,-25.5,25.5,True,16.5655466687545,16.5,L,L,UL Monroe,-110,9.891662644737984,10.0,L,L,UL Monroe,-110
2024,regular-12,401628422,2024-11-16T18:30:00.000Z,Kentucky,Murray State,False,False,48,6,42,0,ESPN BET,58,ac551368cc63a38e75af6046f0b001ac2507f05a18b71a6319b2f62f058e7de5,explicit_close,,-41.5,41.5,True,49.96745579210297,50.0,W,W,Kentucky,100,38.19318157177751,38.0,L,L,Murray State,-110
2024,regular-12,401628425,2024-11-16T19:00:00.000Z,Alabama,Mercer,False,False,52,7,45,0,ESPN BET,58,e907b4bd1d6cb8fd4b0391ae2ae0326b6e5eb9c69515b13f3787fffca9ad9e58,explicit_close,,-42.5,42.5,True,53.168310692600855,53.0,W,W,Alabama,100,40.480244103890534,40.5,L,L,Mercer,-110
2024,regular-12,401640986,2024-11-16T19:00:00.000Z,Jacksonville State,Florida International,True,False,34,31,3,0,ESPN BET,58,28535983f8cf057cb42cbe1fc02de6e7c8b6d09b6c2d65e56486afca355ea9c5,explicit_close,,-12.5,12.5,True,12.520264700421997,12.5,PASS,L,PASS,0,11.520523622366252,11.5,W,W,Florida International,100
2024,regular-12,401635581,2024-11-16T20:00:00.000Z,California,Syracuse,True,False,25,33,-8,0,ESPN BET,58,2d84f1de3e9bef49cce0547f0aa54f08fc320ac5b87f356dc85210d55a0eb8dd,explicit_close,,-10.5,10.5,True,9.442278788499031,9.5,W,W,Syracuse,100,7.152401497583909,7.0,W,W,Syracuse,100
2024,regular-12,401641022,2024-11-16T20:00:00.000Z,Kennesaw State,Sam Houston,True,False,17,23,-6,0,ESPN BET,58,bbdd5fa89e987000b234d952b70d086f477d5ccf64c44094d2c15e79b06bf620,explicit_close,,20.5,-20.5,True,-19.32235495192926,-19.5,W,W,Kennesaw State,100,-18.685657901346147,-18.5,W,W,Kennesaw State,100
2024,regular-12,401628552,2024-11-16T20:30:00.000Z,Purdue,Penn State,True,False,10,49,-39,0,ESPN BET,58,6d2733a858f732216ef9c7d4c34b4904c7c7e6cdc224bb98f1b76f274386b056,explicit_close,,30.5,-30.5,True,-30.310219191777165,-30.5,PASS,L,PASS,0,-26.656956450377315,-26.5,L,L,Purdue,-110
2024,regular-12,401628985,2024-11-16T20:30:00.000Z,Notre Dame,Virginia,True,False,35,14,21,0,ESPN BET,58,0bae48ef54011d17648ab3d9a1a3d964677faecb761803507ae62efd4f0e11b6,explicit_close,,-21.5,21.5,True,25.931964411508176,26.0,L,L,Notre Dame,-110,22.48762189109636,22.5,L,L,Notre Dame,-110
2024,regular-12,401635517,2024-11-16T20:30:00.000Z,Stanford,Louisville,True,False,38,35,3,0,ESPN BET,58,693a45479168fd46c02f29c98bdf14bbcf8c259007c90d21e1800592e81c4796,explicit_close,,20.5,-20.5,True,-24.167455778461957,-24.0,L,L,Louisville,-110,-21.569733035771506,-21.5,L,L,Louisville,-110
2024,regular-12,401635580,2024-11-16T20:30:00.000Z,SMU,Boston College,True,False,38,28,10,0,ESPN BET,58,5f6be4ca125665117eab5842ce392154a4b9bcad52ad6f293a51a32ee5970bb6,explicit_close,,-19.5,19.5,True,19.926018290345993,20.0,L,L,SMU,-110,17.379950239265824,17.5,W,W,Boston College,100
2024,regular-12,401628423,2024-11-16T21:15:00.000Z,South Carolina,Missouri,True,False,34,30,4,0,ESPN BET,58,7d47a2c3d6b00cc7caf3f2a166b0adfdf1f0b5304b0777d55d8cb89b74fc8655,explicit_close,,-10.5,10.5,True,18.43365278922151,18.5,L,L,South Carolina,-110,17.309591547324437,17.5,L,L,South Carolina,-110
2024,regular-12,401643758,2024-11-17T00:00:00.000Z,San José State,Boise State,True,False,21,42,-21,0,ESPN BET,58,0bf7386ca7e1224709557407b0a9bb414442be62a62291605f1f5dacdaa491c6,explicit_close,,14.5,-14.5,True,-20.171265226846856,-20.0,W,W,Boise State,100,-17.780390410753284,-18.0,W,W,Boise State,100
2024,regular-12,401643835,2024-11-17T00:00:00.000Z,Texas State,Southern Miss,True,False,58,3,55,0,ESPN BET,58,c062cca87ca0f7d5661dd97e8b27cc062fad394b204486326e201fe9a6d77b96,explicit_close,,-27.5,27.5,True,31.18108941954471,31.0,W,W,Texas State,100,28.73014788606407,28.5,W,W,Texas State,100
2024,regular-12,401628551,2024-11-17T00:30:00.000Z,Wisconsin,Oregon,True,False,13,16,-3,0,ESPN BET,58,0e97d8a14fca5b2f80d785641a98534029d60d3b57740ea11e0c58098fcbb720,explicit_close,,13.5,-13.5,True,-15.107453394792493,-15.0,L,L,Oregon,-110,-13.512285975467584,-13.5,PASS,L,PASS,0
2024,regular-12,401628424,2024-11-17T00:45:00.000Z,Texas A&M,New Mexico State,True,False,38,3,35,0,ESPN BET,58,1fc2aee7a4c4c63f41c55e591aa8e9aec7b533504be788a9e6f26151c82c2afb,explicit_close,,-38.5,38.5,True,48.85069223302207,49.0,L,L,Texas A&M,-110,40.571412538452634,40.5,L,L,Texas A&M,-110
2024,regular-12,401635583,2024-11-17T01:00:00.000Z,North Carolina,Wake Forest,True,False,31,24,7,0,ESPN BET,58,0274ce674fd8342423de24e4dae732b5a31d6b3cd0e44c54ee60775783ce786d,explicit_close,,-10.5,10.5,True,11.40959490231129,11.5,L,L,North Carolina,-110,14.79254688291634,15.0,L,L,North Carolina,-110
2024,regular-12,401645367,2024-11-17T01:00:00.000Z,Memphis,UAB,True,False,53,18,35,0,ESPN BET,58,08c66e0c58bbe6cff9d08150df7948b0b72c3429c7e41b6e62fc823333669bd4,explicit_close,,-17.5,17.5,True,19.021529734388736,19.0,W,W,Memphis,100,18.88493863017026,19.0,W,W,Memphis,100
2024,regular-12,401643761,2024-11-17T02:30:00.000Z,New Mexico,Washington State,True,False,38,35,3,0,ESPN BET,58,48d7236135726a54fc11a14aa306e34bc3bedea452e3844c95d6db60b079ef92,explicit_close,,11.5,-11.5,True,-21.15844897549396,-21.0,L,L,Washington State,-110,-20.055066556878376,-20.0,L,L,Washington State,-110
2024,regular-12,401643762,2024-11-17T03:30:00.000Z,UNLV,San Diego State,True,False,41,20,21,0,ESPN BET,58,a076509ea5d2e64e305a621321d13af2e2984a32b8fc6fa3f3a441b0fd3bf30a,explicit_close,,-19.5,19.5,True,28.79398113537166,29.0,W,W,UNLV,100,24.113645969695156,24.0,W,W,UNLV,100
2024,regular-13,401644769,2024-11-20T00:00:00.000Z,Kent State,Akron,True,False,17,38,-21,0,ESPN BET,58,ca0bca8c49c64f290a5f514dbe7267203d27a9d96e5d9ac8ac3edb856e5a5b21,explicit_close,,10.5,-10.5,True,-11.763739643755756,-12.0,W,W,Akron,100,-7.20778928281652,-7.0,L,L,Kent State,-110
2024,regular-13,401645374,2024-11-23T00:00:00.000Z,UTSA,Temple,True,False,51,27,24,0,ESPN BET,58,1c3549fe8769e9aa40d60427de36e1736c33360ddf298eda9f56f6d01ac30d21,explicit_close,,-17.5,17.5,True,13.255235910393402,13.5,L,L,Temple,-110,12.582127596988737,12.5,L,L,Temple,-110
2024,regular-13,401628558,2024-11-23T01:00:00.000Z,Michigan State,Purdue,True,False,24,17,7,0,ESPN BET,58,cab32643069e5ea39c5b1256e10f46cf4ca69031cd919c26be54af44ff36e66a,explicit_close,,-14.5,14.5,True,12.52707335687522,12.5,W,W,Purdue,100,10.794923018818253,11.0,W,W,Purdue,100
2024,regular-13,401628429,2024-11-23T17:00:00.000Z,Florida,Ole Miss,True,False,24,17,7,0,ESPN BET,58,052fb46871eb9d79a4d324c125f5080c269f57f1e562c61ba5b61b1ed69a4dd7,explicit_close,,13.5,-13.5,True,-11.205411052841662,-11.0,W,W,Florida,100,-8.340314825803361,-8.5,W,W,Florida,100
2024,regular-13,401628555,2024-11-23T17:00:00.000Z,Ohio State,Indiana,True,False,38,15,23,0,ESPN BET,58,b8e8b1e52c64c600e0ed129fced107c7efc8f383eb7ff3bd00d106cb43681f2b,explicit_close,,-10.5,10.5,True,8.017588219718732,8.0,L,L,Indiana,-110,7.8997712284742505,8.0,L,L,Indiana,-110
2024,regular-13,401635618,2024-11-23T17:00:00.000Z,Miami,Wake Forest,True,False,42,14,28,0,ESPN BET,58,86555015b254524799a2d37318d503e0cd92e32b347ff04defbb02b89c3f77e7,explicit_close,,-23.5,23.5,True,26.139364985942905,26.0,W,W,Miami,100,25.044152545145927,25.0,W,W,Miami,100
2024,regular-13,401635619,2024-11-23T17:00:00.000Z,Virginia,SMU,True,False,7,33,-26,0,ESPN BET,58,8e427282005c65e6a3226debf33a911e449df1cf122d9e79bb3ed30ee5da454f,explicit_close,,10.5,-10.5,True,-16.657648732879238,-16.5,W,W,SMU,100,-12.567545019904543,-12.5,W,W,SMU,100
2024,regular-13,401628430,2024-11-23T17:45:00.000Z,Georgia,Massachusetts,True,False,59,21,38,0,ESPN BET,58,85f06637a7cfcee132fd2b9c1e2cc2bbce62507b26d7fdcb0b5f6e47f733ba91,explicit_close,,-42.5,42.5,True,53.13941754663939,53.0,L,L,Georgia,-110,46.48220997660717,46.5,L,L,Georgia,-110
2024,regular-13,401628435,2024-11-23T18:00:00.000Z,Tennessee,UTEP,True,False,56,0,56,0,ESPN BET,58,ba9f82e9bac7464955c36272a741ee9312b6af0d163765a6653dafc64a3f9163,explicit_close,,-41.5,41.5,True,49.068340119256675,49.0,W,W,Tennessee,100,40.33348684720378,40.5,L,L,UTEP,-110
2024,regular-13,401635616,2024-11-23T18:30:00.000Z,Florida State,Charleston Southern,False,False,41,7,34,0,ESPN BET,58,9d3c59f3a42325c8423e1f385ece3608290702b75b44dfe5aee3111f9c00bc32,explicit_close,,-33.5,33.5,True,36.81518645596257,37.0,W,W,Florida State,100,30.146909351318513,30.0,L,L,Charleston Southern,-110
2024,regular-13,401644774,2024-11-23T19:00:00.000Z,Ball State,Bowling Green,True,False,13,38,-25,0,ESPN BET,58,8ba061b04384325c149e1af62ea0c1e0c3e15e701bdaec4c79537c429a67f9ff,explicit_close,,12.5,-12.5,True,-10.744559451959965,-10.5,L,L,Ball State,-110,-9.379692198535121,-9.5,L,L,Ball State,-110
2024,regular-13,401636935,2024-11-23T20:00:00.000Z,TCU,Arizona,True,False,49,28,21,0,ESPN BET,58,855f4fe0220680bac1421a33f6df61774dcee3e3d57361e4522ea99c13f33315,explicit_close,,-10.5,10.5,True,12.536137089593282,12.5,W,W,TCU,100,9.375411846981095,9.5,L,L,Arizona,-110
2024,regular-13,401643841,2024-11-23T20:00:00.000Z,Southern Miss,South Alabama,True,False,14,35,-21,0,ESPN BET,58,ef12cbea8f444e40bf09aae127ee2a406bb5bbd4f032ab45d9e9a17e4d2fa2f7,explicit_close,,24.5,-24.5,True,-17.622297048385647,-17.5,W,W,Southern Miss,100,-16.33882398257529,-16.5,W,W,Southern Miss,100
2024,regular-13,401628436,2024-11-23T20:30:00.000Z,Texas,Kentucky,True,False,31,14,17,0,ESPN BET,58,564a58bbd1c1ec2526999a654f80f0ec35041243b18f03f00205db80aec7802e,explicit_close,,-18.5,18.5,True,23.55380510122032,23.5,L,L,Texas,-110,22.051241337517695,22.0,L,L,Texas,-110
2024,regular-13,401628557,2024-11-23T20:30:00.000Z,Michigan,Northwestern,True,False,50,6,44,0,ESPN BET,58,f030577215154022761d418518227c0bb3d2b7c8c10f2919b74c1a46484bed0c,explicit_close,,-10.5,10.5,True,10.323713881701345,10.5,PASS,L,PASS,0,10.23747255666244,10.0,L,L,Northwestern,-110
2024,regular-13,401628559,2024-11-23T20:30:00.000Z,Minnesota,Penn State,True,False,25,26,-1,0,ESPN BET,58,d5e9c0fb2e3adcfebccb782f09b1bdc5c168af3263ca60211556b0f2e16e43ca,explicit_close,,11.5,-11.5,True,-7.994028938802167,-8.0,W,W,Minnesota,100,-7.25215002792492,-7.5,W,W,Minnesota,100
2024,regular-13,401635613,2024-11-23T20:30:00.000Z,California,Stanford,True,False,24,21,3,0,ESPN BET,58,54fb068ea819b717e9a1614cfa3ee491fb5fadcd1a3b1f2185867da91170fa25,explicit_close,,-15.5,15.5,True,15.45890003526636,15.5,PASS,W,PASS,0,15.720428217901969,15.5,PASS,L,PASS,0
2024,regular-13,401635614,2024-11-23T20:30:00.000Z,Clemson,The Citadel,False,False,51,14,37,0,ESPN BET,58,539950fe48a6a9f3cd52a25cfa88fb8ca5b49f2ef34dc6f4fa07d8a2175728cf,explicit_close,,-48.5,48.5,True,56.183717598220646,56.0,L,L,Clemson,-110,45.07958254731942,45.0,W,W,The Citadel,100
2024,regular-13,401645375,2024-11-23T20:30:00.000Z,South Florida,Tulsa,True,False,63,30,33,0,ESPN BET,58,992f7beac2dbaf9b8f6f91bc485741e727ed96287fb52e186ac48faace510cde,explicit_close,,-13.5,13.5,True,24.09480321740874,24.0,W,W,South Florida,100,20.54940337139559,20.5,W,W,South Florida,100
2024,regular-13,401628427,2024-11-23T21:00:00.000Z,Arkansas,Louisiana Tech,True,False,35,14,21,0,ESPN BET,58,b3b55b8a352547920adffe51201194a5169066587dc3ba56010a740255be1b79,explicit_close,,-23.5,23.5,True,26.38958468907959,26.5,L,L,Arkansas,-110,20.034416620080783,20.0,W,W,Louisiana Tech,100
2024,regular-13,401628434,2024-11-23T21:00:00.000Z,South Carolina,Wofford,False,False,56,12,44,0,ESPN BET,58,561857d70a52fc35516a97b12e641ae4379a42bb1746dd9b63a6e0a697c0b45a,explicit_close,,-42.5,42.5,True,57.72170497440621,57.5,W,W,South Carolina,100,49.52172935440438,49.5,W,W,South Carolina,100
2024,regular-13,401628572,2024-11-24T00:00:00.000Z,Oregon State,Washington State,True,False,41,38,3,0,ESPN BET,58,c983770b34cbf536904d5da4bb685b8d6d0abef6de91b4471889f4ed5a786301,explicit_close,,10.5,-10.5,True,-12.314903649754761,-12.5,L,L,Washington State,-110,-10.643990867749636,-10.5,PASS,L,PASS,0
2024,regular-13,401640959,2024-11-24T00:00:00.000Z,Notre Dame,Army,True,True,49,14,35,0,ESPN BET,58,518cfc5d8468e963f3655b99f11a81565c4bfc601ccabcd5bdaf7f3ec1f25d58,explicit_close,,-14.5,14.5,True,15.672308076606704,15.5,W,W,Notre Dame,100,12.496062620881624,12.5,L,L,Army,-110
2024,regular-13,401643764,2024-11-24T00:00:00.000Z,Wyoming,Boise State,True,False,13,17,-4,0,ESPN BET,58,5faff0544e38f8b83ea1054d3c9301dd9713ece01335e4f3badb10019e2f5183,explicit_close,,25.5,-25.5,True,-30.52714100482936,-30.5,L,L,Boise State,-110,-27.645548755511147,-27.5,L,L,Boise State,-110
2024,regular-13,401643842,2024-11-24T00:00:00.000Z,Texas State,Georgia State,True,False,44,52,-8,0,ESPN BET,58,803ca204ebf8acbc41971a49971bd14a4245ed2cf1fe7fe9fd5f33dad51cfc9f,explicit_close,,-22.5,22.5,True,24.5896162236032,24.5,L,L,Texas State,-110,21.21797270361596,21.0,W,W,Georgia State,100
2024,regular-13,401628433,2024-11-24T00:30:00.000Z,Oklahoma,Alabama,True,False,24,3,21,0,ESPN BET,58,e0c1f3f00a04fc20c3399941ad136fbcd4f2f44d70ad5275ea73bea67c95a3b9,explicit_close,,14.5,-14.5,True,-17.850799764905844,-18.0,L,L,Alabama,-110,-17.280346827826442,-17.5,L,L,Alabama,-110
2024,regular-14,401644776,2024-11-27T00:00:00.000Z,Buffalo,Kent State,True,False,43,7,36,0,ESPN BET,58,297edb3258ce854ee7ecf581bc9460d1bb4a8be6bb3a9df10dd066c577f917a4,explicit_close,,-23.5,23.5,True,27.220054119391456,27.0,W,W,Buffalo,100,23.466400551427988,23.5,PASS,L,PASS,0
2024,regular-14,401645376,2024-11-29T00:30:00.000Z,Tulane,Memphis,True,False,24,34,-10,0,ESPN BET,58,bf565170d412fac81050cf1a084cc6a7c577d59e47a513f225e231f2ff94aaca,explicit_close,,-12.5,12.5,True,15.103163964094975,15.0,L,L,Tulane,-110,13.89653486402608,14.0,L,L,Tulane,-110
2024,regular-14,401636938,2024-11-29T17:00:00.000Z,Colorado,Oklahoma State,True,False,52,0,52,0,ESPN BET,58,123a5aa1d9a3a73541a9a58e5a14574fd9ca37856562fac97d9148df0ca73261,explicit_close,,-14.5,14.5,True,18.873133325288975,19.0,W,W,Colorado,100,20.20499752255006,20.0,W,W,Colorado,100
2024,regular-14,401643769,2024-11-29T17:00:00.000Z,Boise State,Oregon State,True,False,34,18,16,0,ESPN BET,58,cb69a7c3c10007a9dc24cd0fbb1ecf5a44a3cdaf9619b5405c8a1566d00a96d1,explicit_close,,-17.5,17.5,True,25.193079424659715,25.0,L,L,Boise State,-110,23.259589531354102,23.5,L,L,Boise State,-110
2024,regular-14,401644777,2024-11-29T17:00:00.000Z,Ohio,Ball State,True,False,42,21,21,0,ESPN BET,58,c66975f65d0354eb811029632480f8b668a6fb3c50d23a7a40302a902a8ac504,explicit_close,,-17.5,17.5,True,16.76194133613172,17.0,L,L,Ball State,-110,16.123886961533614,16.0,L,L,Ball State,-110
2024,regular-14,401628442,2024-11-29T20:30:00.000Z,Ole Miss,Mississippi State,True,False,26,14,12,0,ESPN BET,58,7608d148342a2470f65fc06d0529649eed3497c821a07b179506d28fa42e25a9,explicit_close,,-26.5,26.5,True,30.540538641552075,30.5,L,L,Ole Miss,-110,27.605148041710443,27.5,L,L,Ole Miss,-110
2024,regular-14,401628439,2024-11-30T00:30:00.000Z,Georgia,Georgia Tech,True,False,44,42,2,0,ESPN BET,58,4db870959c300b7cf18fb6b1698808c2ef3e396ac4682c000dea24d89627ee38,explicit_close,,-17.5,17.5,True,19.290817332165318,19.5,L,L,Georgia,-110,17.343152416891385,17.5,PASS,W,PASS,0
2024,regular-14,401628566,2024-11-30T17:00:00.000Z,Ohio State,Michigan,True,False,10,13,-3,0,ESPN BET,58,36dbd18871d983c69de9b98e8808d11c6c302723e03c04f6db32e0c0ec127d03,explicit_close,,-20.5,20.5,True,23.825749051394737,24.0,L,L,Ohio State,-110,22.191432719734436,22.0,L,L,Ohio State,-110
2024,regular-14,401645381,2024-11-30T17:00:00.000Z,Temple,North Texas,True,False,17,24,-7,0,ESPN BET,58,4a2aea9778eb6285d9aec253b61f93cfb57b86635635c70f83202b4af9f8e513,explicit_close,,10.5,-10.5,True,-8.958688071497015,-9.0,W,W,Temple,100,-9.476608410108081,-9.5,W,W,Temple,100
2024,regular-14,401643849,2024-11-30T19:00:00.000Z,Troy,Southern Miss,True,False,52,20,32,0,ESPN BET,58,6c159747292215db9a88ddbb177d5bc3b282691a919aa7a8fa2a85ea73610868,explicit_close,,-17.5,17.5,True,17.00934923900862,17.0,L,L,Southern Miss,-110,15.282649663322807,15.5,L,L,Southern Miss,-110
2024,regular-14,401628437,2024-11-30T20:30:00.000Z,Alabama,Auburn,True,False,28,14,14,0,ESPN BET,58,c8a772004a22a457c40bc1bf887075195e103e75d92683b67769044813cc80f3,explicit_close,,-10.5,10.5,True,19.02806476113752,19.0,W,W,Alabama,100,18.844325224344097,19.0,W,W,Alabama,100
2024,regular-14,401628565,2024-11-30T20:30:00.000Z,Penn State,Maryland,True,False,44,7,37,0,ESPN BET,58,329b8de156a16abc3f366aba7d4d36f1c475084f14d818c8217a045fd4b72f3d,explicit_close,,-26.5,26.5,True,24.05062377776018,24.0,L,L,Maryland,-110,23.80258882135383,24.0,L,L,Maryland,-110
2024,regular-14,401635621,2024-11-30T20:30:00.000Z,SMU,California,True,False,38,6,32,0,ESPN BET,58,4e4778484d46d99c4fab594e9c7c82493ba70614a64d53f0f76b10c0f52fa34e,explicit_close,,-11.5,11.5,True,18.509790773303905,18.5,W,W,SMU,100,16.550493270166797,16.5,W,W,SMU,100
2024,regular-14,401635623,2024-11-30T20:30:00.000Z,Syracuse,Miami,True,False,42,38,4,0,ESPN BET,58,1a6d3e86e64e315daa8735605a7821570d2fa331b74a6a12f7dd8a644981373f,explicit_close,,12.5,-12.5,True,-11.88710552544827,-12.0,W,W,Syracuse,100,-9.819603321834002,-10.0,W,W,Syracuse,100
2024,regular-14,401644779,2024-11-30T20:30:00.000Z,Northern Illinois,Central Michigan,True,False,24,16,8,0,ESPN BET,58,b6a687d2e442f34e61e0c7daa6afcfbe801546a2460ebcbae78144d7de389069,explicit_close,,-16.5,16.5,True,18.732352689329176,18.5,L,L,Northern Illinois,-110,18.15310215178926,18.0,L,L,Northern Illinois,-110
2024,regular-14,401641014,2024-11-30T21:00:00.000Z,Louisiana Tech,Kennesaw State,True,False,33,0,33,0,ESPN BET,58,6336df8d8027f0e948d439bbde4ba4665a08b656f1737f1d6a1a6afe7baaace0,explicit_close,,-13.5,13.5,True,10.912373063212627,11.0,L,L,Kennesaw State,-110,10.621258338673712,10.5,L,L,Kennesaw State,-110
2024,regular-14,401643773,2024-11-30T23:30:00.000Z,Washington State,Wyoming,True,False,14,15,-1,0,ESPN BET,58,984772758ffc0934796ab0551af9c67e8f74d308592a9d6c58b43cdb95faa6af,explicit_close,,-18.5,18.5,True,21.38184850362874,21.5,L,L,Washington State,-110,19.81355842486437,20.0,L,L,Washington State,-110
2024,regular-14,401628438,2024-12-01T00:00:00.000Z,Florida State,Florida,True,False,11,31,-20,0,ESPN BET,58,09cf0ef0fb7e6948f128c36744e989c0368a6ab69585d1b2ea3ba020e7cab83b,explicit_close,,17.5,-17.5,True,-15.12101831976387,-15.0,L,L,Florida State,-110,-14.106407916782118,-14.0,L,L,Florida State,-110
2024,regular-14,401628564,2024-12-01T00:00:00.000Z,Indiana,Purdue,True,False,66,0,66,0,ESPN BET,58,d830d9f1493bbdd86f76463f43cd5d93eb81ef2445996d6781ff4beab8bae58d,explicit_close,,-28.5,28.5,True,35.028525723320804,35.0,W,W,Indiana,100,31.966149369509054,32.0,W,W,Indiana,100
2024,regular-14,401628569,2024-12-01T00:30:00.000Z,Oregon,Washington,True,False,49,21,28,0,ESPN BET,58,a0de26ca5a6267cd298a6dfa6f2282dac49a0f34666470a7edb82f1512dd6874,explicit_close,,-17.5,17.5,True,22.195796066938797,22.0,W,W,Oregon,100,20.09238213194201,20.0,W,W,Oregon,100
2024,regular-14,401643772,2024-12-01T01:00:00.000Z,UNLV,Nevada,True,False,38,14,24,0,ESPN BET,58,bab795d434941e1022be2327c06f0ceeaa5726d5d8058035e77f6e2bb42bb7a3,explicit_close,,-17.5,17.5,True,23.204566583878666,23.0,W,W,UNLV,100,19.699457261222726,19.5,W,W,UNLV,100
2025,regular-12,401752904,2025-11-15T02:00:00.000Z,Oregon,Minnesota,True,False,42,13,29,0,ESPN BET,58,a49427223a53eb31a6039789cb245add722ff0b64f115b638738047afcff79bf,explicit_close,,-26.5,26.5,True,29.69590280702937,29.5,W,W,Oregon,100,24.370422697313167,24.5,L,L,Minnesota,-110
2025,regular-12,401752772,2025-11-15T17:00:00.000Z,Texas A&M,South Carolina,True,False,31,30,1,0,ESPN BET,58,71499fb13598beb9ee0394e1d0d9b62ab4cd0b4cef14e8ab9b5cb4d62300ba75,explicit_close,,-16.5,16.5,True,24.26247418962216,24.5,L,L,Texas A&M,-110,23.207103628853766,23.0,L,L,Texas A&M,-110
2025,regular-12,401752901,2025-11-15T17:00:00.000Z,Indiana,Wisconsin,True,False,31,7,24,0,ESPN BET,58,1ef1af80dbeef49fca566f15d8f053d834c4cb93b8d79dbaeb7db757cb9ed4d9,explicit_close,,-27.5,27.5,True,32.86139272234358,33.0,L,L,Indiana,-110,29.22970777292366,29.0,L,L,Indiana,-110
2025,regular-12,401752905,2025-11-15T17:00:00.000Z,Northwestern,Michigan,True,True,22,24,-2,0,ESPN BET,58,7a28220ab5647ff697b3c690ab99d738d7b498a4a414b818d0ceb7ba21d8d716,explicit_close,,10.5,-10.5,True,-13.399372832227947,-13.5,L,L,Michigan,-110,-11.355235765296008,-11.5,L,L,Michigan,-110
2025,regular-12,401754597,2025-11-15T17:00:00.000Z,Pittsburgh,Notre Dame,True,False,15,37,-22,0,ESPN BET,58,9e1b4d67a0f9b8a740cd3adfccfb087465ad457be405c4d32be1deabcc3fa87e,explicit_close,,12.5,-12.5,True,-10.706619164565154,-10.5,L,L,Pittsburgh,-110,-11.820486279962623,-12.0,L,L,Pittsburgh,-110
2025,regular-12,401756952,2025-11-15T17:00:00.000Z,Oklahoma State,Kansas State,True,False,6,14,-8,0,ESPN BET,58,d7a5371c75f4d46e1b6ea3dc63418cd91f57a0baf2242c90d67b371cf9d85bb4,explicit_close,,19.5,-19.5,True,-23.64752077342117,-23.5,L,L,Kansas State,-110,-20.692872174237234,-20.5,L,L,Kansas State,-110
2025,regular-12,401762507,2025-11-15T17:00:00.000Z,Charlotte,UTSA,True,False,7,28,-21,0,ESPN BET,58,57bcfcd69f4f6568b6a417b38ef6540fafaa09253f60977242fe2d2f46a3a3a7,explicit_close,,17.5,-17.5,True,-18.33406030247101,-18.5,W,W,UTSA,100,-18.558423702368007,-18.5,W,W,UTSA,100
2025,regular-12,401752767,2025-11-15T18:30:00.000Z,Kentucky,Tennessee Tech,False,False,42,10,32,0,ESPN BET,58,069dea8697fe6e2ffbccaddba885867aa7a68e35ec564ad11f148da78dcf04dc,explicit_close,,-22.5,22.5,True,23.22966594225575,23.0,W,W,Kentucky,100,16.433448551813306,16.5,L,L,Tennessee Tech,-110
2025,regular-12,401762506,2025-11-15T19:00:00.000Z,UAB,North Texas,True,False,24,53,-29,0,ESPN BET,58,7892cbcdcb71c558437c33f09dc088e05da6730faf27e8d399dc403ac8958a7b,explicit_close,,17.5,-17.5,True,-29.954589442863792,-30.0,W,W,North Texas,100,-22.896176865751663,-23.0,W,W,North Texas,100
2025,regular-12,401760411,2025-11-15T20:00:00.000Z,New Mexico,Colorado State,True,False,20,17,3,0,ESPN BET,58,7f8f1c4b2e465d60beade0697aadd3d8bc228e565bca96318fff359f3909589f,explicit_close,,-15.5,15.5,True,18.19679353382869,18.0,L,L,New Mexico,-110,17.591793881172265,17.5,L,L,New Mexico,-110
2025,regular-12,401752906,2025-11-15T20:30:00.000Z,Illinois,Maryland,True,False,24,6,18,0,ESPN BET,58,c398defb3e094a613d48439e168315b2031ae50e69e9f699e85edeead55d02e0,explicit_close,,-15.5,15.5,True,13.188186613707686,13.0,L,L,Maryland,-110,15.150761078115785,15.0,L,L,Maryland,-110
2025,regular-12,401754592,2025-11-15T20:30:00.000Z,Boston College,Georgia Tech,True,False,34,36,-2,0,ESPN BET,58,bd1cd2a6e0ee6cf5d36592a04d2b018c7a51d8026daa716c2d32c6c24b2a1cb6,explicit_close,,16.5,-16.5,True,-21.416090024563715,-21.5,L,L,Georgia Tech,-110,-21.20917549412524,-21.0,L,L,Georgia Tech,-110
2025,regular-12,401754595,2025-11-15T20:30:00.000Z,Miami,NC State,True,False,41,7,34,0,ESPN BET,58,c3d0c76d00a6618801c2e0f500f1e5a955920ee429dce1b916341bebc08bbfc6,explicit_close,,-16.5,16.5,True,17.513294580519812,17.5,W,W,Miami,100,18.53409193663107,18.5,W,W,Miami,100
2025,regular-12,401756953,2025-11-15T20:30:00.000Z,Texas Tech,UCF,True,False,48,9,39,0,ESPN BET,58,c632ea7a4574c73d43ce0699c09e8e1dd95495570e17f493b8fe5a463519d218,explicit_close,,-24.5,24.5,True,31.902114403050632,32.0,W,W,Texas Tech,100,27.166951999155586,27.0,W,W,Texas Tech,100
2025,regular-12,401757303,2025-11-15T20:30:00.000Z,Western Kentucky,Middle Tennessee,True,False,42,26,16,0,ESPN BET,58,b0c959bf95f8b4b57dc03d4b44f79ff13f34a26224a4beb9a3de8ca9a0f62e4c,explicit_close,,-13.5,13.5,True,19.161458005996927,19.0,W,W,Western Kentucky,100,18.28551924919402,18.5,W,W,Western Kentucky,100
2025,regular-12,401761652,2025-11-15T20:30:00.000Z,James Madison,App State,True,False,58,10,48,0,ESPN BET,58,78ca326b14fa5ac1d95ade1a282a042e420224702258273dd64454375c61e747,explicit_close,,-19.5,19.5,True,24.298584089469486,24.5,W,W,James Madison,100,23.9303644719795,24.0,W,W,James Madison,100
2025,regular-12,401762509,2025-11-15T21:00:00.000Z,Tulane,Florida Atlantic,True,False,35,24,11,0,ESPN BET,58,43df183dba974c6c090826cad7e8cf93fcc9d6ac9163bbe6dc9241bee807a67c,explicit_close,,-17.5,17.5,True,15.986608091671528,16.0,W,W,Florida Atlantic,100,18.568425815152345,18.5,L,L,Tulane,-110
2025,regular-12,401752771,2025-11-15T21:15:00.000Z,Tennessee,New Mexico State,True,False,42,9,33,0,ESPN BET,58,9196bc8c7aabd5e3155807990e63e67f3d03cd45557d96688549e3c5c17ff33c,explicit_close,,-41.5,41.5,True,37.69355423334247,37.5,W,W,New Mexico State,100,31.68530944919103,31.5,W,W,New Mexico State,100
2025,regular-12,401752769,2025-11-16T00:00:00.000Z,Ole Miss,Florida,True,False,34,24,10,0,ESPN BET,58,fee461c6bb15ac2b42232caa4bdbfc97facdc8e366e32a5150300712a39b2303,explicit_close,,-11.5,11.5,True,13.210856679659763,13.0,L,L,Ole Miss,-110,15.375460562154458,15.5,L,L,Ole Miss,-110
2025,regular-12,401752902,2025-11-16T00:00:00.000Z,Washington,Purdue,True,False,49,13,36,0,ESPN BET,58,083fa12e6f3bca4a31fe5f5ca67f9a0cf1a515db5ff0e82db334a82109b70aed,explicit_close,,-14.5,14.5,True,19.098222312822465,19.0,W,W,Washington,100,17.92485915668133,18.0,W,W,Washington,100
2025,regular-12,401757300,2025-11-16T00:00:00.000Z,Sam Houston,Delaware,True,True,26,23,3,0,ESPN BET,58,3f7488043c811575ade58a55407cab108556b9803f02f69c72be6569acd2a6be,explicit_close,,13.5,-13.5,True,-12.634426973022833,-12.5,W,W,Sam Houston,100,-11.870013488427514,-12.0,W,W,Sam Houston,100
2025,regular-12,401752900,2025-11-16T00:30:00.000Z,Ohio State,UCLA,True,False,48,10,38,0,ESPN BET,58,22ca2521c473957876bab32d7bd79811e16d2efa1140743b4b93362a80a23734,explicit_close,,-32.5,32.5,True,32.57263045137556,32.5,PASS,W,PASS,0,31.85748640217787,32.0,L,L,UCLA,-110
2025,regular-12,401754594,2025-11-16T00:30:00.000Z,Florida State,Virginia Tech,True,False,34,14,20,0,ESPN BET,58,b1bda1b0d2576e700563a6abcbee8055bde5c34c012180459560a5520108eb12,explicit_close,,-13.5,13.5,True,22.318842382581494,22.5,W,W,Florida State,100,15.522684217078258,15.5,W,W,Florida State,100
2025,regular-12,401752953,2025-11-16T03:00:00.000Z,Washington State,Louisiana Tech,True,False,28,3,25,0,ESPN BET,58,d7376289ac58cd25dd60b4d134fe24fc6183d78d7343066d302ec701c5aa607f,explicit_close,,-10.5,10.5,True,2.8783153457917763,3.0,L,L,Louisiana Tech,-110,4.497051887993607,4.5,L,L,Louisiana Tech,-110
2025,regular-13,401762863,2025-11-19T00:00:00.000Z,Ohio,Massachusetts,True,False,42,14,28,0,ESPN BET,58,68ed8ae140886624a337f1d7f49838fba688c659858c05b5e22cfd21dffde509,explicit_close,,-34.5,34.5,True,35.344733123045984,35.5,L,L,Ohio,-110,33.52602227369385,33.5,W,W,Massachusetts,100
2025,regular-13,401752781,2025-11-22T17:00:00.000Z,Texas A&M,Samford,False,False,48,0,48,0,ESPN BET,58,2d4f897ee343919b10ed1abbe8658961de4f351a63bf66fdda3a678feecd8c98,explicit_close,,-53.5,53.5,True,76.65350674204987,76.5,L,L,Texas A&M,-110,68.55514802425466,68.5,L,L,Texas A&M,-110
2025,regular-13,401752912,2025-11-22T17:00:00.000Z,Ohio State,Rutgers,True,False,42,9,33,0,ESPN BET,58,3565a100023a3469395d34ea9984a4d3a4829cf0f91ef38f3ac21aee63f88b6f,explicit_close,,-28.5,28.5,True,33.8172245171866,34.0,W,W,Ohio State,100,30.354005209985104,30.5,W,W,Ohio State,100
2025,regular-13,401754603,2025-11-22T17:00:00.000Z,Virginia Tech,Miami,True,False,17,34,-17,0,ESPN BET,58,676a30d7df70d8d8102977008771ef40d9c1a9eaa9765b044c4f4d61d0a32b7f,explicit_close,,17.5,-17.5,True,-25.015938792208907,-25.0,L,L,Miami,-110,-22.7657160815707,-23.0,L,L,Miami,-110
2025,regular-13,401754606,2025-11-22T17:00:00.000Z,Wake Forest,Delaware,True,False,52,14,38,0,ESPN BET,58,f840350751f1631e0512a2d7a928ba1511d3c7952f5550cc1bd38aa4e935bcf6,explicit_close,,-17.5,17.5,True,24.79956753137921,25.0,W,W,Wake Forest,100,22.241497598118517,22.0,W,W,Wake Forest,100
2025,regular-13,401752776,2025-11-22T17:45:00.000Z,Georgia,Charlotte,True,False,35,3,32,0,ESPN BET,58,e621b66ee0a9cce8d284fc7dfad8e47aa7acff35dad6bd2f6011c0f41b793c0d,explicit_close,,-42.5,42.5,True,53.84441518849937,54.0,L,L,Georgia,-110,50.692314249548446,50.5,L,L,Georgia,-110
2025,regular-13,401752954,2025-11-22T18:00:00.000Z,James Madison,Washington State,True,False,24,20,4,0,ESPN BET,58,2bba9b072f56ea80af266f928c7f767bef0c2198e0a51bca1d6470013d4682c2,explicit_close,,-15.5,15.5,True,10.869542854514556,11.0,W,W,Washington State,100,9.969673408082443,10.0,W,W,Washington State,100
2025,regular-13,401761657,2025-11-22T18:00:00.000Z,Georgia Southern,Old Dominion,True,False,10,45,-35,0,ESPN BET,58,9556515ef352fb4cb8a40cfa25c735ac5dd020e838baaac61e2f2a64340be0bf,explicit_close,,10.5,-10.5,True,-14.302569018273346,-14.5,W,W,Old Dominion,100,-10.563416009140361,-10.5,PASS,W,PASS,0
2025,regular-13,401752773,2025-11-22T19:00:00.000Z,Alabama,Eastern Illinois,False,False,56,0,56,0,ESPN BET,58,2f13960510b4d9a5b3036f29e6b7e0ce868047c9f3d493f09775c1c7dee7719f,explicit_close,,-54.5,54.5,True,67.3463904615542,67.5,W,W,Alabama,100,57.085848052335535,57.0,W,W,Alabama,100
2025,regular-13,401752774,2025-11-22T19:00:00.000Z,Auburn,Mercer,False,False,62,17,45,0,ESPN BET,58,529a18b429a28248957c3bd92df24bbee342fd50a7498606aab90b00c1471f56,explicit_close,,-26.5,26.5,True,24.01436866731185,24.0,L,L,Mercer,-110,22.291454963310308,22.5,L,L,Mercer,-110
2025,regular-13,401762867,2025-11-22T19:00:00.000Z,Toledo,Ball State,True,False,38,9,29,0,ESPN BET,58,4e21948ba8a1e29b4c2c2de47f380fd5fa312add45e076cc50985fa9ae224ac9,explicit_close,,-28.5,28.5,True,27.512558706111967,27.5,L,L,Ball State,-110,23.341548876974603,23.5,L,L,Ball State,-110
2025,regular-13,401762511,2025-11-22T20:00:00.000Z,UAB,South Florida,True,False,18,48,-30,0,ESPN BET,58,cf799eef7448ce0c8a97726877cbb56c284c330962579aa3dab10af90869acf8,explicit_close,,22.5,-22.5,True,-32.12156117638986,-32.0,W,W,South Florida,100,-26.239572126042383,-26.0,W,W,South Florida,100
2025,regular-13,401752780,2025-11-22T20:30:00.000Z,Texas,Arkansas,True,False,52,37,15,0,ESPN BET,58,8592a99430b5ee64d72695695a646411b6de0762720aa6864ff0cd6c1b7623b1,explicit_close,,-10.5,10.5,True,12.08218964169643,12.0,W,W,Texas,100,9.750089307539305,10.0,L,L,Arkansas,-110
2025,regular-13,401752911,2025-11-22T20:30:00.000Z,Oregon,USC,True,False,42,27,15,0,ESPN BET,58,c13dad2c2913b7e5bba0cf61601e71bfbdccd55a74d58f470bb3f79b2ee8398f,explicit_close,,-12.5,12.5,True,9.69498995544265,9.5,L,L,USC,-110,5.9611490590525875,6.0,L,L,USC,-110
2025,regular-13,401752913,2025-11-22T20:30:00.000Z,Iowa,Michigan State,True,False,20,17,3,0,ESPN BET,58,fd7c1dd5048a28ccd01885b53c843062318b576747473e00b7e997c1a5ce4652,explicit_close,,-17.5,17.5,True,19.40525636778579,19.5,L,L,Iowa,-110,19.330010774444105,19.5,L,L,Iowa,-110
2025,regular-13,401754604,2025-11-22T20:30:00.000Z,Notre Dame,Syracuse,True,False,70,7,63,0,ESPN BET,58,3b8695e068b7f2dd32ec3eb0c70612b8958075cfc763b1c63c3ad725f8107ea4,explicit_close,,-36.5,36.5,True,37.464418883380425,37.5,W,W,Notre Dame,100,36.54924944195941,36.5,PASS,W,PASS,0
2025,regular-13,401752914,2025-11-22T21:00:00.000Z,Maryland,Michigan,True,False,20,45,-25,0,ESPN BET,58,a002ca479eca131562de4032b2d8ad5376f4d089b6f46cef4105e902d78eb285,explicit_close,,13.5,-13.5,True,-8.081514877216897,-8.0,L,L,Maryland,-110,-8.849953040945444,-9.0,L,L,Maryland,-110
2025,regular-13,401756959,2025-11-22T21:00:00.000Z,UCF,Oklahoma State,True,False,17,14,3,0,ESPN BET,58,a584a824a39a76e7f57ea4479a5a86ac88e7bd0d4aaad05145c485623b43fca1,explicit_close,,-12.5,12.5,True,17.149664015304133,17.0,L,L,UCF,-110,15.427299027954295,15.5,L,L,UCF,-110
2025,regular-13,401756960,2025-11-22T21:00:00.000Z,Utah,Kansas State,True,False,51,47,4,0,ESPN BET,58,c165bd3894ddbca79dc0cc69da2a5e65894dca1ae29dd0b1930dd36c76c92a81,explicit_close,,-18.5,18.5,True,24.446209581219946,24.5,L,L,Utah,-110,20.59795580736325,20.5,L,L,Utah,-110
2025,regular-13,401761660,2025-11-22T21:00:00.000Z,Troy,Georgia State,True,False,31,19,12,0,ESPN BET,58,dd1d8b44a151781caed6e59360c0746afdd31c7f2689009bc554074cbcc7d9f6,explicit_close,,-10.5,10.5,True,15.558988137259647,15.5,W,W,Troy,100,14.513641596180126,14.5,W,W,Troy,100
2025,regular-13,401752779,2025-11-22T21:15:00.000Z,South Carolina,Coastal Carolina,True,False,51,7,44,0,ESPN BET,58,5e82d07ff07372d55709dca76b3756998261ad91457b131324c8fc58b87719ad,explicit_close,,-24.5,24.5,True,22.998016820836206,23.0,L,L,Coastal Carolina,-110,18.308955909968105,18.5,L,L,Coastal Carolina,-110
2025,regular-13,401754605,2025-11-22T21:30:00.000Z,Clemson,Furman,False,False,45,10,35,0,ESPN BET,58,c99fdc6107d2a0d8614c461e0153070081a923808c9cc8f6ec7a40a407329159,explicit_close,,-43.5,43.5,True,45.649447546029116,45.5,L,L,Clemson,-110,37.90784894269702,38.0,W,W,Furman,100
2025,regular-13,401761659,2025-11-22T22:00:00.000Z,Texas State,UL Monroe,True,False,31,14,17,0,ESPN BET,58,88f00187702bc2dba30cc6575b7593547e3c1b2761c8a8f0ebfcb5976e7294cb,explicit_close,,-20.5,20.5,True,22.919577463258385,23.0,L,L,Texas State,-110,19.264913016638467,19.5,W,W,UL Monroe,100
2025,regular-13,401760416,2025-11-23T00:00:00.000Z,Boise State,Colorado State,True,False,49,21,28,0,ESPN BET,58,5cf4cbf948c0db9be0b9ab81a4c6c9ff9a5431c543152170ae08c8fca2c21771,explicit_close,,-17.5,17.5,True,19.634341547044386,19.5,W,W,Boise State,100,19.584775355168983,19.5,W,W,Boise State,100
2025,regular-13,401762514,2025-11-23T00:30:00.000Z,Rice,North Texas,True,False,24,56,-32,0,ESPN BET,58,4ad81b8c9e3af903466f7fced72008288635a5ecef4cb2113ea3f7184138dea7,explicit_close,,18.5,-18.5,True,-25.922375708780045,-26.0,W,W,North Texas,100,-20.67405249435376,-20.5,W,W,North Texas,100
2025,regular-13,401752777,2025-11-23T00:45:00.000Z,LSU,Western Kentucky,True,False,13,10,3,0,ESPN BET,58,1a56a87bfec950f4d1da65fb1a9f6ed92d62eb7c2aaa28ad8202729f41f0c1ad,explicit_close,,-25.5,25.5,True,24.42838110083158,24.5,W,W,Western Kentucky,100,20.833889546275053,21.0,W,W,Western Kentucky,100
2025,regular-13,401752910,2025-11-23T03:30:00.000Z,UCLA,Washington,True,False,14,48,-34,0,ESPN BET,58,e07bd912f8875055870646c03f5c5303958a244cffc82d41088d51f93d53151b,explicit_close,,10.5,-10.5,True,-14.90115832763827,-15.0,W,W,Washington,100,-13.315315615836482,-13.5,W,W,Washington,100
2025,regular-14,401762868,2025-11-25T21:30:00.000Z,Massachusetts,Bowling Green,True,False,14,45,-31,0,ESPN BET,58,be1778c3b69d71a2e742768bbd189726bb9fbb2e230ef134d30f4a6613f99183,explicit_close,,14.5,-14.5,True,-16.017903276192676,-16.0,W,W,Bowling Green,100,-14.699563211656809,-14.5,PASS,W,PASS,0
2025,regular-14,401756964,2025-11-28T17:00:00.000Z,Kansas,Utah,True,False,21,31,-10,0,ESPN BET,58,51bdaf7888f2918acaa1bac7edab298bbb4844a7ebff68b669a95b26ca94d4f1,explicit_close,,10.5,-10.5,True,-21.613711047390446,-21.5,L,L,Utah,-110,-17.748548802816828,-18.0,L,L,Utah,-110
2025,regular-14,401752786,2025-11-28T20:30:00.000Z,Georgia Tech,Georgia,True,True,9,16,-7,0,ESPN BET,58,b9a51eb009bbd31945c7537e428d5a2bbcc7f28e5917e4262f570562646c6dd5,explicit_close,,15.5,-15.5,True,-16.120187373250403,-16.0,L,L,Georgia,-110,-14.2459319758186,-14.5,W,W,Georgia Tech,100
2025,regular-14,401762442,2025-11-28T20:30:00.000Z,North Texas,Temple,True,False,52,25,27,0,ESPN BET,58,a9bcce86612f7bdfab625933a54c099fdaa0499512ce732618002d174f150967,explicit_close,,-20.5,20.5,True,26.767735134671746,27.0,W,W,North Texas,100,23.352756421454437,23.5,W,W,North Texas,100
2025,regular-14,401752924,2025-11-29T00:30:00.000Z,Purdue,Indiana,True,False,3,56,-53,0,ESPN BET,58,dc3472fd094cd272df60b929e6c965e74e6d03af781e2dca11705a3d82afec49,explicit_close,,28.5,-28.5,True,-31.19112760440153,-31.0,W,W,Indiana,100,-26.248320616506447,-26.5,L,L,Purdue,-110
2025,regular-14,401756965,2025-11-29T17:00:00.000Z,Kansas State,Colorado,True,False,24,14,10,0,ESPN BET,58,697ec6732ad11dce1446a0e4b0498765bcf58a74a7d2613333e7c599aa7e20bb,explicit_close,,-16.5,16.5,True,16.343746073097442,16.5,PASS,W,PASS,0,12.401439577823716,12.5,W,W,Colorado,100
2025,regular-14,401756966,2025-11-29T17:00:00.000Z,Oklahoma State,Iowa State,True,False,13,20,-7,0,ESPN BET,58,ae14f50d4a12f19badc9d71f7fc4c83a6397865c5234e8cdbb7467a08a596584,explicit_close,,13.5,-13.5,True,-22.84375108143192,-23.0,L,L,Iowa State,-110,-21.159457167546535,-21.0,L,L,Iowa State,-110
2025,regular-14,401756968,2025-11-29T17:00:00.000Z,West Virginia,Texas Tech,True,False,0,49,-49,0,ESPN BET,58,2529d15d275938f2f59726530e6d92da3a2f61c260ad55bb36ffe86f9adbecfb,explicit_close,,24.5,-24.5,True,-31.958247859690516,-32.0,W,W,Texas Tech,100,-24.2366426882732,-24.0,L,L,West Virginia,-110
2025,regular-14,401762872,2025-11-29T17:00:00.000Z,Central Michigan,Toledo,True,False,3,21,-18,0,ESPN BET,58,228af1c65f954f659835b2442fb2a8cee78631d4aa793b14770754902497bbfe,explicit_close,,10.5,-10.5,True,-11.588615970895688,-11.5,W,W,Toledo,100,-7.372761985373366,-7.5,L,L,Central Michigan,-110
2025,regular-14,401762875,2025-11-29T17:00:00.000Z,Miami (OH),Ball State,True,False,45,24,21,0,ESPN BET,58,ea6cf0726b1d5f82a357e705ca69ddfe1639380da719f84836cf3c32538a0672,explicit_close,,-16.5,16.5,True,16.22621982928026,16.0,L,L,Ball State,-110,15.925800769664434,16.0,L,L,Ball State,-110
2025,regular-14,401756963,2025-11-29T18:00:00.000Z,BYU,UCF,True,False,41,21,20,0,ESPN BET,58,2bd93d4e7594409ac7abb7db56e651a9abb5c1b4de2862e6dce24286a5857aaa,explicit_close,,-17.5,17.5,True,27.019699475488082,27.0,W,W,BYU,100,24.053809968717353,24.0,W,W,BYU,100
2025,regular-14,401757311,2025-11-29T18:00:00.000Z,Sam Houston,Florida International,True,True,16,56,-40,0,ESPN BET,58,5f2a43353a33420b97900b8a3c1b75b3f61ea4e7564b829c552f2175e5efad0f,explicit_close,,10.5,-10.5,True,-16.04025286833452,-16.0,W,W,Florida International,100,-15.070875347441962,-15.0,W,W,Florida International,100
2025,regular-14,401761663,2025-11-29T18:30:00.000Z,Marshall,Georgia Southern,True,False,19,24,-5,0,ESPN BET,58,07ae171cde408c1d65f78c641965389ca7c86613a3dbd641d9daad9d79ce211b,explicit_close,,-10.5,10.5,True,12.12528732712471,12.0,L,L,Marshall,-110,10.610611301608266,10.5,PASS,L,PASS,0
2025,regular-14,401761664,2025-11-29T19:00:00.000Z,Old Dominion,Georgia State,True,False,27,10,17,0,ESPN BET,58,7a5025e3906fffd7f35d9644bd25eabcd915a95ad3b29a7b86ebba4ca274fdf0,explicit_close,,-28.5,28.5,True,32.701471609596446,32.5,L,L,Old Dominion,-110,27.503033810723572,27.5,W,W,Georgia State,100
2025,regular-14,401761665,2025-11-29T20:00:00.000Z,Louisiana,UL Monroe,True,False,30,27,3,0,ESPN BET,58,3fa579eed1546fe723544d8211baaecb9c5a575cc97a0cd25d306ee473d71555,explicit_close,,-10.5,10.5,True,16.097592529214886,16.0,L,L,Louisiana,-110,14.449031541151495,14.5,L,L,Louisiana,-110
2025,regular-14,401752789,2025-11-29T20:30:00.000Z,Oklahoma,LSU,True,False,17,13,4,0,ESPN BET,58,3c4984c8fff8b09850249c08a2ea8f3a9c449e871e5e9df9bfb1e8b16583a8a2,explicit_close,,-11.5,11.5,True,10.374807452807403,10.5,W,W,LSU,100,11.5775692597595,11.5,PASS,L,PASS,0
2025,regular-14,401752920,2025-11-29T20:30:00.000Z,Rutgers,Penn State,True,False,36,40,-4,0,ESPN BET,58,ce6f77af8a5e09940471bc6b9e376880adf5e1a95d87e76e932572560407bdde,explicit_close,,14.5,-14.5,True,-12.591560571125328,-12.5,W,W,Rutgers,100,-10.15769164424242,-10.0,W,W,Rutgers,100
2025,regular-14,401761662,2025-11-29T20:45:00.000Z,Coastal Carolina,James Madison,True,False,10,59,-49,0,ESPN BET,58,233fb1a0530b58c54076f9a914112019d3d16fac9c0df6473ea41214abb3ed32,explicit_close,,23.5,-23.5,True,-21.880602226891625,-22.0,L,L,Coastal Carolina,-110,-17.96346541205122,-18.0,L,L,Coastal Carolina,-110
2025,regular-14,401752946,2025-11-29T23:30:00.000Z,Washington State,Oregon State,True,False,32,8,24,0,ESPN BET,58,41e492f65a19a7b649333d9cd924c5c9295e1c1a84f0c3e79300b3dbf515d4a8,explicit_close,,-14.5,14.5,True,19.093795919023357,19.0,W,W,Washington State,100,19.8225167701356,20.0,W,W,Washington State,100
2025,regular-14,401762520,2025-11-30T00:00:00.000Z,South Florida,Rice,True,False,52,3,49,0,ESPN BET,58,c6dc72c7fbc55f625c43f094a245607db470261fdbddb902ff233d47caa45a55,explicit_close,,-28.5,28.5,True,33.028644022412976,33.0,W,W,South Florida,100,29.439210401521073,29.5,W,W,South Florida,100
2025,regular-14,401752919,2025-11-30T00:30:00.000Z,USC,UCLA,True,False,29,10,19,0,ESPN BET,58,e0e56b7519dd932920b04b8b3c3aa2148a5e3309da5879ce066dda1b2c0152f6,explicit_close,,-21.5,21.5,True,24.828921353379194,25.0,L,L,USC,-110,22.518739931464324,22.5,L,L,USC,-110
2025,regular-14,401762518,2025-11-30T00:30:00.000Z,Tulane,Charlotte,True,False,27,0,27,0,ESPN BET,58,6b7f88840602fe9e062877bee9eb9aee9fbe6bf00059006834984159c0484dc6,explicit_close,,-31.5,31.5,True,32.71233118865294,32.5,L,L,Tulane,-110,31.585735034862047,31.5,PASS,L,PASS,0
2025,regular-14,401754609,2025-11-30T01:00:00.000Z,California,SMU,True,False,38,35,3,0,ESPN BET,58,64386fba6781833ffc3479602fedac55908de6ecaf4fbb804457f37b4a42d055,explicit_close,,13.5,-13.5,True,-18.329496957560167,-18.5,L,L,SMU,-110,-16.80088638271625,-17.0,L,L,SMU,-110
2025,regular-14,401754614,2025-11-30T03:30:00.000Z,Stanford,Notre Dame,True,False,20,49,-29,0,ESPN BET,58,04b37947c1d81ab87c1eccf5b8b0e93cf8f0327e707d6da4c3582f126ac5b0a3,explicit_close,,33.5,-33.5,True,-31.216446425360125,-31.0,W,W,Stanford,100,-27.905381295432967,-28.0,W,W,Stanford,100
