team,cap28,half1.25
Abilene Christian,28.756878953422465,29.352762576493188
Adams State,-40.16015303646495,-40.345373337046354
Adrian,-13.078924903398985,-14.844405278979323
Air Force,40.08735315864739,39.6675550800221
Akron,27.00535139684115,25.82717023813055
Alabama,72.50989916896393,75.4831843777219
Alabama A&M,15.293802280018156,14.483446943745662
Alabama State,20.97849592652625,16.995342802223973
Albany State,-7.112194297290046,-11.337676125294692
Albion,-35.12144351841344,-35.52531613052611
Albright,-34.86492565063064,-32.44632145292667
Alcorn State,9.725009253144295,10.18602675763509
Alfred,-33.316525840310916,-28.807181802517157
Alfred State,-33.75484097760327,-26.96872294680952
Allegheny,-32.2338069410344,-29.44094301643429
Allen,-7.453624034879132,-8.340569770917082
Alma,-16.933392967452228,-14.201827929533597
Alvernia,-47.44057382629887,-51.227119602310864
American International,-23.427736544608585,-24.585284101332377
Amherst,2.1999913703386227,2.2698613070107427
Anderson (IN),-55.31086287238669,-56.501649798829305
Anderson (SC),6.591863026746992,6.913423733522006
Andrew,-40.16554109110075,-67.91724907985056
Angelo State,2.5457627223138317,2.4541645628602353
App State,39.490188717069,40.81689697342268
Apprentice School,-54.389541713943046,-56.04173516242283
Arizona,57.276499625300936,58.698049654391106
Arizona State,47.162719657035154,52.402754404077015
Arkansas,39.907868342688865,41.363704855503585
Arkansas Baptist,-17.46534689615538,-45.707658014464
Arkansas Monticello,12.94929909635745,15.32458170881611
Arkansas State,32.76208733329396,32.13296862546589
Arkansas Tech,13.05109627407221,11.369868090584063
Arkansas-Pine Bluff,8.818850950851896,4.860559181502396
Army,46.60417230330249,47.83999806450515
Ashland,8.168876422919894,8.795277149119485
Assumption,-9.331889211679112,-9.063756459332476
Auburn,55.526014746070295,57.89385973693998
Augsburg,-23.369393671081802,-23.36554835534768
Augustana (IL),-15.201255664161373,-14.992946829794185
Augustana (SD),8.787945474171625,11.682352691122443
Aurora,-25.835229989472527,-27.52565034775411
Austin,-44.86764917957362,-49.505256741405475
Austin Peay,39.64573757392547,44.77706026883967
Averett,-41.57202136713377,-42.87178987065777
Azusa Pacific,-60.43296332520198,-60.3133308804342
BLUEFIELD,-25.702647003797484,-27.290616213184737
BYU,62.42893197533922,69.28897280094142
Baldwin Wallace,-4.413047560439768,1.9034854487275537
Ball State,28.94099503882248,29.25349950620825
Barton,-26.675962763899484,-28.08887254678826
Bates,-12.692809644454357,-12.622939707782256
Baylor,51.16107838337408,54.698870038490924
Belhaven,-28.64203688245191,-28.34454514822975
Beloit,-69.19190727075971,-68.51629862805191
Bemidji State,-2.8380413145713383,-1.1917738028728309
Benedict,5.844503761178867,5.540398268333092
Benedictine (IL),-15.055633342244647,-14.632013879535261
Bentley,-8.781813416847571,-9.74826276734494
Berry,-4.058615402442282,3.3232651737513343
Bethany (WV),-40.33916561191122,-47.434811977791526
Bethel (MN),5.289011770106822,5.6303784199816205
Bethel University Tennessee,-16.038501188748533,-16.783028675646282
Bethune-Cookman,19.179063724600976,15.051854513271188
Black Hills State,-5.375575949679549,-5.479886214639203
Bloomsburg,-8.051725106072986,-8.785848521867294
Bluefield State,-28.73683157101437,-29.059516947793565
Bluffton,-50.65297522715445,-55.0568999515968
Boise State,54.49893481062077,56.46685313676867
Boston College,34.492829975816534,34.68595364016015
Bowdoin,-16.39273341373676,-16.322863477064615
Bowie State,-15.058974408716411,-17.480077944127498
Bowling Green,28.286537885135242,24.543304236907485
Brevard,1.9194945701423798,1.189037631621133
Bridgewater,-42.53285608062793,-42.10249188192829
Bridgewater State,-38.16573970599144,-38.857973897596175
Brockport,-20.598296718779714,-14.827132003775688
Brown,17.42651784953037,16.933398649163436
Bryant,21.4878738173617,19.283388205638083
Bucknell,9.990044748841939,5.605412022696877
Buena Vista,-48.620960723931454,-48.33858059335301
Buffalo,28.103487541610722,26.57006561438947
Buffalo State,-60.195800415522,-65.71785615970785
Butler,12.104899467082475,12.60985262638312
CSU Pueblo,29.94645436277321,30.610025212116568
Cal Lutheran,-21.30903889313371,-21.24408196780337
Cal Poly,24.930686022156728,24.378498110209605
California,39.55005849062434,42.66119283239488
California (PA),-1.7237125194833496,-1.2266294283812513
Calvin,-4.798955120054016,0.9119157832498193
Campbell,29.101936967092016,24.392504888475635
Capital,-29.781743122562872,-28.27254950343449
Carleton,-19.1274720100675,-17.372783060115275
Carnegie Mellon,-17.830179437191273,-12.381860101149673
Carroll (WI),-16.039931660896098,-15.462682155978676
Carson Newman,15.906112784404105,16.365938460337574
Carthage,-26.949474855631934,-25.983059161104666
Case Western Reserve,-20.16247462292798,-19.52391131421303
Catawba,0.2061800102079605,0.6304099067187465
Catholic,-37.76811638443637,-36.02368418267828
Centenary (LA),-53.01865030097386,-52.47666669302418
Central Arkansas,17.905494823531008,18.38230087637928
Central College,-20.778308524324288,-20.5535071947979
Central Connecticut,20.25465423564608,15.979381879079611
Central Methodist,-38.88330039836504,-38.7697992067569
Central Michigan,33.73425504207461,34.92558254650125
Central Missouri,15.13559822959722,16.422015623709907
Central Oklahoma,5.5820341726058516,5.618424063614348
Central State,-3.378583731705046,-4.997379762265396
Central Washington,19.19766718776422,19.584261775289022
Centre,-21.873875216202112,-18.189167288201773
Cetys University,-110.3895301327311,-126.52129122361937
Chadron State,-5.253169012118782,-4.398205382152959
Chapman,-7.769813856865482,-7.081506723337354
Charleston (WV),-14.201155064042982,-13.287111137579231
Charleston Southern,11.4876442711392,12.074806547633502
Charlotte,23.92561045842752,23.451569618573842
Chattanooga,24.981432635417676,24.51848551228929
Chicago,-33.757562316308075,-34.10257717451387
Chicago State,-9.62262550319358,-4.852777761161597
Chowan,-17.940708729567092,-18.677288924196613
Christopher Newport,-13.479751786076974,-13.84610209413509
Cincinnati,52.4520247207645,53.48700812437735
Claremont Mudd Scripps,-32.26419891179369,-31.828968293285172
Clarion,-5.091128789897284,-5.770053692468947
Clark Atlanta,-16.519437528381097,-18.91540703811674
Clemson,49.05029136880397,48.373554859014405
Coast Guard,-39.26166274830778,-38.93222066028909
Coastal Carolina,37.99840994897714,38.74350225193429
Coe,-32.34023973122316,-26.770395553992522
Colby,-11.1612789891727,-10.916734210820486
Colgate,28.937173231000948,28.628793771054866
Colorado,42.357946161393386,44.36337889999588
Colorado Mesa,2.674311741553282,3.5658756693530007
Colorado School of Mines,6.444394029161201,6.976639793987333
Colorado State,42.24662912690624,41.967515527652566
Columbia,15.612655167407386,14.855215798030239
Concord,-13.310695118482492,-13.428524190531075
Concordia (MN),-6.393937068452211,-6.213066281183704
Concordia (WI),-18.31774305323543,-20.75903894694709
Concordia Chicago,-26.717862153427184,-23.75977850563546
Concordia St. Paul,-6.486431674016941,-6.340909017857484
Cornell,14.78927637392766,14.75923137564401
Cornell (IA),-59.19475535832147,-56.51160390621183
Crown,-50.23468751003698,-64.05150023208508
Curry,-50.14243731555405,-50.513943670085425
Dakota State University,-10.905553818761408,-10.881693746671347
Dartmouth,27.24913066652165,27.600235639540493
Davenport,9.893562239198635,9.867715595829253
Davidson,-7.2688660058299135,-8.46823796953695
Dayton,12.98679079987048,17.266923215019844
DePauw,-13.097684612998876,-13.826535468020925
Dean,-79.6072860446682,-91.51438524052035
Delaware,41.57234542319682,42.33045390972731
Delaware State,16.256830760637005,15.249252925435277
Delaware Valley,-26.069633680566593,-25.25769427301045
Delta State,-5.576490894651643,-7.3312033802648156
Denison,-12.319009110803133,-4.744202032566982
Dickinson,-11.82276253537972,-11.795330067570028
Drake,5.2184740408894505,4.119036437033978
Dubuque,-28.911507168635005,-30.342265614665273
Duke,60.62135737677563,61.293552989553724
Duquesne,11.25636787032678,8.189440117724992
East Carolina,43.60569146915743,41.895927420377035
East Central,23.87543071263562,25.316751060943325
East Stroudsburg,-11.857886255224109,-10.995728773817255
East Tennessee State,22.401079789831442,20.926511092223727
East Texas A&M,16.07336751542207,16.344375122606138
East Texas Baptist,-23.15321872159236,-21.94073780580999
Eastern,-3.220110673958315,-0.4707180648120648
Eastern Illinois,13.935553649535656,12.755827073967723
Eastern Kentucky,15.167497587455335,14.847514600703024
Eastern Michigan,25.534474159159313,24.966314440578632
Eastern New Mexico,-16.772059727187436,-17.137868072794024
Eastern Oregon,-1.57179016536704,-1.4825929080705542
Eastern Washington,26.2317976948221,25.727522965953924
Edinboro,-11.866923475748521,-12.154844583641683
Edward Waters,-1.053361856608889,-3.307895823182425
Elgin,-7.563667520744094,-32.731717011390415
Elizabeth City State,-13.239628274589009,-14.798962583518758
Elmhurst,-49.56469793782881,-49.40243642440595
Elon,16.126408145579337,16.127025557483385
Emory & Henry,-8.397181240293325,-6.116616227583373
Emporia State,12.058773808434612,14.662168455577007
Endicott,12.814817470469999,17.204347709871904
Erskine,-10.035894529143668,-11.070168988144147
Eureka,-78.34426339373327,-81.67225280569538
FDU Florham,-51.62642830791111,-61.39648203333331
Fairmont State,-18.268165279072317,-21.778349288769917
Fayetteville State,0.9592747650381312,0.7949328797170914
Ferris State,27.920557027763838,28.068593698926602
Ferrum,-25.34335256486482,-26.633961970696667
Findlay,11.266630215492327,14.056839462808597
Fitchburg State,-66.35337375235176,-74.25638816435259
Florida,59.77804791153473,64.97815082812436
Florida A&M,11.95223536604645,7.467173325255473
Florida Atlantic,40.36273705707694,41.096730624855525
Florida International,38.55539927488752,38.460301544834074
Florida Memorial University,-16.900567080010752,-22.503620459705047
Florida State,52.3176093883598,54.04359119954426
Fordham,17.490839359288337,17.602442279405167
Fort Hays,20.320859535111627,20.943894790464846
Fort Lewis,-19.48338168338977,-20.10462812802468
Fort Valley State,-8.66423095325975,-8.78958839445518
Framingham State,-43.33615522505099,-42.40284903926278
Franklin,-28.18983985081241,-26.97430933175209
Franklin & Marshall,-8.995324180680178,-8.273022994325967
Franklin Pierce,-9.018584085692499,-9.337583526769476
Fresno State,43.64080092550789,44.22507510063928
Frostburg State,-6.551788234642551,-5.9379914159190195
Furman,26.23145929170632,27.040731787134177
Gallaudet,-66.394602468513,-67.52735120028166
Gannon,-14.51449913189579,-14.571126688671288
Gardner-Webb,26.214050103335428,27.30063724670412
Geneva,-38.91807089957268,-43.04560619411319
George Fox,-8.833393489113178,-8.43491033242589
Georgetown,12.09688322883983,11.552238572931813
Georgetown College Kentucky,5.756192097125215,6.45578293715532
Georgia,61.18321534710736,68.89533799948663
Georgia Southern,34.506290786108224,35.339424489039445
Georgia State,34.793958434841564,38.12032567300654
Georgia Tech,47.73514661275169,49.73668272541144
Gettysburg,-34.78162970544464,-34.00844346726624
Glenville State,-16.049929223392702,-16.73106301361082
Grambling,18.164784679462542,18.827279399898643
Grand Valley State,22.785039849213515,25.42235267783765
Greensboro,-43.35901777295342,-48.34686549371476
Greenville,-50.71363494408212,-57.15597408442771
Grinnell,-55.297621415924255,-55.13690210782595
Grove City,-17.32688258980098,-15.745530154844744
Guilford,-60.4036419083273,-62.56462461485073
Gustavus Adolphus,-14.13377329982337,-13.925690643244426
Hamilton,-18.39275757203635,-18.322887635364268
Hamline,-31.792385511141735,-50.40518650627696
Hampden Sydney,-26.219082310281493,-24.92256197302354
Hampton,-0.09652585257620672,-4.677736018595873
Hanover,-10.420476029654605,-7.2717476961830485
Hardin Simmons,14.777114870972351,14.977703948196801
Harding,35.65780359755307,42.616644161494236
Hartwick,-41.064518195186736,-39.69563372912402
Harvard,36.109094972224284,35.086295206475185
Hawai'i,34.96184357324349,35.44365292845803
Heidelberg,-13.053455995746486,-12.103193661963395
Henderson State,29.664361188767984,34.182593921721924
Hendrix,-24.60710578772028,-26.948017331943486
Hilbert,-67.49367955174333,-80.24746865909658
Hillsdale,9.485630193358435,12.673451541171422
Hiram,-28.399804825595023,-29.579199787955485
Hobart,-14.983453689834796,-10.523319908749453
Holy Cross,12.947084697342614,9.388743612244031
Hope,9.100039728320208,12.991628625091636
Houston,53.93638356709362,59.81998210423573
Houston Christian,12.883360473802066,12.446411674764033
Howard,19.440786140674284,13.959513182335874
Howard Payne,-22.615202917444684,-21.025807966343642
Huntingdon,-30.830129695085382,-35.383439083648845
Husson,-52.3801368265519,-51.49432604747481
IU Pennsylvania,4.401302119842818,4.650082594979921
Idaho,25.16837369352075,25.189545066237013
Idaho State,41.25009643767409,39.814628210568124
Illinois,56.00590912698131,56.28975364672916
Illinois College,-40.29043545732216,-41.255542478523175
Illinois State,40.461275172031364,41.13173027244531
Illinois Wesleyan,-14.51575863138907,-14.855799065535003
Incarnate Word,22.23316801419265,25.02391271832164
Indiana,66.44602820729014,69.95379798027002
Indiana State,19.05329807684092,19.20396485174486
Indianapolis,-0.35206376760782376,0.8721602754835978
Iowa,58.95391960088477,66.95446757795715
Iowa State,55.489195725476186,58.27046177750938
Ithaca,-27.006972708485797,-29.920243595015606
Jackson State,24.14704645510448,27.813941494276737
Jacksonville State,35.88697610888576,37.83906857644344
James Madison,52.54207390744938,56.317110182213504
Jamestown,-28.755325786785907,-27.9049076410247
John Carroll,-4.8997668921267685,10.266775402805543
Johns Hopkins,-26.42374269114513,-27.143692220478272
Johnson C. Smith,2.7925159940084257,1.591905218549691
Juniata,-45.827820108546504,-44.079361925781654
Kalamazoo,-43.04474408806574,-44.03798238919167
Kansas,41.3650532279947,44.41799892304616
Kansas State,58.802703384136805,61.413310378486294
Kean,-36.50565541658093,-34.70618429440504
Keiser (Fl),-2.756844343210517,-2.240645955705869
Kennesaw State,35.265088948581074,40.512848510336724
Kent State,31.762604625371683,27.394734909107903
Kentucky,57.06842866765909,59.457412405361936
Kentucky Christian,-18.528874413666525,-26.678035371407326
Kentucky State,11.133022244819486,10.076225787159247
Kentucky Wesleyan,-29.822740728773574,-41.88087737810456
Kenyon,-37.55042788103184,-40.420001972639795
Keystone,-51.49096423484899,-58.17096101189898
King's,-43.71243752908993,-44.72857311482019
Knox,-60.718839531945875,-60.945991483162636
Kutztown,15.046248040287775,19.477834324806086
LSU,62.537839249068995,65.84246972613025
La Verne,-32.041184534576935,-32.58032577843177
LaGrange,-9.228567032792025,-5.202517190992425
Lackawanna,-33.228669300713506,-33.12727571720779
Lafayette,14.256981306429934,11.54945571565113
Lake Erie,-12.563977415390308,-12.61670507395145
Lake Forest,-24.672355311403585,-13.517085259457168
Lakeland,-33.674568143497225,-31.22148516414814
Lamar,27.71079625643641,26.84769255690222
Lane College,-31.368320863652986,-34.38152688763781
Langston,-14.530420733074788,-14.14938101839044
Lawrence,-69.9558813207477,-70.36224526672461
Lawrence Tech,-37.60798812556642,-40.94730791685147
Lebanon Valley,-31.09926025116544,-30.09743466397442
Lehigh,39.59429253743762,40.728837968850854
Lenoir Rhyne,9.108653482150773,11.98675230817392
Lewis & Clark,-15.035190027385514,-10.440761567872618
Liberty,41.4894368479238,42.69218708598062
Lincoln (MO),-22.61997603541856,-22.403629742889905
Lincoln (PA),-29.115202571940802,-30.64581882740122
Lindenwood,15.432143853805602,12.902085132086595
Linfield,-2.084241760089572,-0.04044929212119541
Livingstone,-18.878042714029355,-19.441344782030498
Lock Haven,-13.151267835301173,-11.92029877082408
Long Island University,11.620840345744098,5.10704933416139
Loras,-17.391598590600267,-17.02137747648918
Louisiana,42.98385158934826,45.53392593516143
Louisiana Christian,-1.6794259677353978,-7.5398126523533335
Louisiana Tech,34.28343995101909,40.38199235846387
Louisville,59.39850995091797,60.60331526858587
Luther,-50.16927773873067,-50.93022462534189
Lycoming,-33.17712127620516,-32.62933468647898
Lyon,-46.148086388418314,-50.47154749057201
MIT,-31.945384774649035,-27.735925509838577
Macalester,-30.824921978713256,-26.932279870299556
Madonna,-38.56341992481089,-42.8026512270975
Maine,14.938344285719971,12.998114634851158
Maine Maritime,-78.00650784762455,-76.99458653031513
Manchester,-47.62560148219134,-47.84824883162115
Marian (IN),-30.70077113756532,-29.281909413744597
Marietta,-17.225562839639736,-16.865230977954837
Marist,5.799592289685709,4.770108608424956
Mars Hill,7.138064561194563,7.788787828977082
Marshall,39.23368868606281,40.01936328347804
Martin Luther,-48.97809927953313,-56.602830108751704
Mary Hardin Baylor,8.618576376317085,10.153745339855654
Maryland,45.132530381468605,50.05973969230198
Maryville (TN),-39.977022683970404,-38.41417484678885
Mass Maritime,-49.67806113986876,-45.0328220488648
Massachusetts,31.556694047424752,31.941834395445646
McDaniel,-45.181053636901936,-43.72631119068947
McKendree,-11.799439333212849,-9.888731060170278
McMurry,-15.841239992429657,-18.10708802852282
McNeese,19.630377059543644,20.104014682925023
Memphis,46.75030710200851,47.16810327349468
Mercer,27.28466259781217,30.983451951747863
Merchant Marine,-16.16070003602232,-11.143436392898549
Mercyhurst,11.033717727087105,7.353269609400061
Merrimack,11.120588704191526,10.781796751503926
Methodist,-54.896340709833666,-54.83005413415754
Miami,62.4029201681973,68.33756641338526
Miami (OH),39.28997547577281,44.60338363247371
Michigan,60.62962153652961,60.75480400974064
Michigan State,52.066441241724604,53.75754477509551
Michigan Tech,5.243470667877213,7.590024870683209
Middle Tennessee,34.02202126744224,33.76135254358849
Middlebury,-3.5272888951340793,-3.3875490217899635
Midwestern State,-6.95590614421369,-8.946257704437125
Miles,-10.86687080967216,-13.795713522582238
Millersville,-25.156091849067018,-25.038599623903394
Millikin,-34.748605088249725,-32.91669271403454
Millsaps,-21.785374510397816,-22.108525891010284
Minnesota,44.53185268846755,46.04415265792988
Minnesota Duluth,11.278528737229465,12.338378944717824
Minnesota Morris,-51.28280490407744,-50.372296083593284
Minnesota St Moorhead,0.3617134951477148,0.9900035379698409
Minnesota State,24.850282121527126,28.75194513043753
Minot State,-2.156245447005788,2.804947402769905
Misericordia,-18.588919198921374,-15.9566791373787
Mississippi State,57.78581681224312,62.73131287626624
Mississippi Valley State,-11.700155213135925,-18.238689862615324
Missouri,53.630180535686414,58.909759111404874
Missouri S&T,-14.194930434484114,-17.965944086123393
Missouri Southern State,-7.966969087800795,-8.316753817572838
Missouri State,37.21058223799213,40.652893437552876
Missouri Western,-6.528544241192433,-2.0688682030116308
Monmouth,22.63173181356651,22.04323587736941
Monmouth (IL),-27.765149030722846,-26.185729433635522
Monroe,-47.11805911477864,-50.506197881268555
Montana,34.43959031304702,32.32744951962814
Montana State,44.4666494245117,44.61572801328168
Montclair State,-31.172084737698032,-29.484933143775645
Moravian,-43.45545240163099,-44.73838796944414
Morehead State,0.673388741941233,-0.23937495780597917
Morehouse,-19.34024663993719,-22.015694859232028
Morgan State,15.751414054909866,10.717492385522249
Mount Mercy,-60.708066113580415,-60.3826533833266
Mount St Joseph,-0.24422105530194393,-1.5547733559229755
Mount Union,-12.650250676902097,-11.00739732834164
Muhlenberg,-14.66704324869016,-14.257596042472356
Murray State,6.535668932801627,4.9361008724138635
Muskingum,-36.659895940712225,-37.4415959404589
NC State,45.74517879084897,51.85491715210436
Navy,41.50237890187872,41.577177449524704
Nebraska,59.00858284429895,63.41553391422576
Nebraska Kearney,-3.5063804572886035,-1.7260765112244876
Nebraska Wesleyan,-39.57265059727842,-39.572493639787446
Nevada,35.72281885355143,34.9816035508746
New England,-46.43078399847438,-45.30958311679492
New England College,-67.45780954645745,-76.77951838503425
New Hampshire,14.040712439770497,9.974047074419591
New Haven,1.7233069833708825,-0.33813909874802306
New Mexico,50.512586341176004,55.54945027413583
New Mexico Highlands,-9.865557759022568,-10.519678796575665
New Mexico State,30.938523613823474,30.752531949818493
Newberry,10.299120470191408,11.223148923902947
Nicholls,19.943170438142612,18.513383216769967
Nichols,-52.912174382265995,-52.403961452633595
Norfolk State,12.146348296336317,10.846047658863998
North Alabama,21.515326288549886,21.815842000753182
North Carolina,45.72080749724955,45.31314708390084
North Carolina A&T,1.8106498160751006,-0.5298613066161497
North Carolina Central,8.964894533721138,9.381437252206734
North Carolina Wesleyan,-30.784803548330874,-30.08015586579845
North Central College,13.233594380214752,14.142990766215117
North Dakota,40.39448866522103,46.64674038461356
North Dakota State,52.31843729724782,53.86975978427223
North Greenville,2.0764218169563957,2.6429012037999513
North Park,-27.411897515174946,-26.701307635400607
North Texas,50.4319519577098,51.56732716360223
Northeastern State,14.175820429517891,13.338308632402086
Northern Arizona,31.91976196010669,31.729763537163034
Northern Colorado,19.824250152539776,19.685522041398432
Northern Illinois,29.0094585021842,28.322215355595333
Northern Iowa,24.415934949592412,20.349796001670555
Northern Michigan,-16.66703386036037,-17.37642283077238
Northern State,8.371986111470008,8.875386164471816
Northwest Missouri State,25.031714025184385,24.24842815382103
Northwestern,57.209097547168014,59.57841996240498
Northwestern (IA),-12.088098219634773,-9.418654572257413
Northwestern (MN),-44.76553431409522,-44.48151255780021
Northwestern (OK),-0.394004523884945,-9.821956412774005
Northwestern State,-3.7232912277523553,-9.443085551789167
Northwood,14.752764547743563,24.225967406032005
Norwich,-55.111965707514535,-56.0649071727036
Notre Dame,72.78149549726653,78.08135922518579
Oberlin,-52.07530079904158,-54.40608105506228
Ohio,36.36264797068109,37.9274219689388
Ohio Dominican,-8.869420217105754,-8.924714297868723
Ohio Northern,-11.976863456165074,-12.424348835766764
Ohio State,66.5034062707839,70.17051277889196
Ohio Wesleyan,-34.031723315897885,-30.0854236148376
Oklahoma,59.80443697982054,62.09165016966778
Oklahoma Baptist,8.896056598978532,3.1100066125553987
Oklahoma Panhandle,-8.91881996546956,-25.947116815342817
Oklahoma State,40.27422053604943,43.96323573736569
Old Dominion,38.360844728686885,36.89233110476054
Ole Miss,64.04828492770052,66.27272423751796
Olivet,-18.6910247092914,-17.84287909467039
Oregon,55.2846212887496,61.47253854922634
Oregon State,43.8379529448751,47.77293184121116
Otterbein,-37.3989029413765,-36.55300556439775
Ouachita Baptist,23.56237447682018,23.768238237027713
Pace,-23.7096743149915,-22.523041971976777
Pacific (OR),-47.279957829063456,-49.10882534395134
Pacific Lutheran,-18.365649219078847,-18.274745153398683
Penn State,62.13152359859967,64.26083487195808
Pennsylvania,23.87931696589601,22.772525821823844
Phoenix,-50.335630768864306,-50.44831987631108
Pittsburg State,-3.601059523485982,-2.4631681898856845
Pittsburgh,58.791129347611076,62.33885953120644
Plymouth State,-56.41807618496521,-56.45928015119437
Point University,-27.981842892394287,-28.967475453999647
Pomona Pitzer,-31.270780668206466,-27.37492540190739
Portland State,17.95689860054589,14.024503465244376
Post,-40.696769666600495,-45.04975846350026
Prairie View A&M,23.863678816562707,20.834934121010075
Presbyterian,5.686741060913764,1.944741922184427
Princeton,17.739737133554232,17.208833906499137
Puget Sound,-46.639154688908356,-46.76084645833729
Purdue,43.052708691187064,44.164388695036266
Quincy,-16.77534038742835,-16.543395215275623
Randolph Macon,-17.670165984251256,-17.305195079264074
Redlands,-35.24214336877624,-35.0451010960659
Reinhardt,-20.11132422746494,-19.02260235159796
Rensselaer,-30.47601981644049,-28.168438575124867
Rhode Island,24.3190032167226,24.433483796627833
Rhodes,-48.87855147156295,-57.96185687666937
Rice,38.867244099240644,34.197286504771384
Richmond,22.390937080381967,18.82847451076485
Ripon,-41.8529298484419,-42.3362482813797
Roanoke College,-34.076768140182196,-31.864516229128636
Robert Morris,9.50574164060052,8.307549622164238
Rochester (NY),-33.60253924391129,-34.00943596346076
Rockford,-65.23773736715135,-64.34428497976785
Rocky Mountain,8.757659964559906,6.733247731980413
Roosevelt,-3.9545847924229696,-3.478757779253854
Rose Hulman,-20.68361408724557,-21.31740736356475
Rowan,-14.849796352647907,-14.731348597443022
Rutgers,34.4582295117336,35.756967566266795
SE Louisiana,22.397670067434955,21.85994483652827
SMU,57.00773761608164,61.76278028235584
SUNY Cortland,-2.904807132742647,-1.5795932921202365
SUNY Maritime,-45.712939450104535,-46.68924834941568
SUNY Morrisville,-43.837528065477315,-43.26694306777724
Sacramento State,22.69476127108811,19.57429933506234
Sacred Heart,10.9486687573098,10.559663254138972
Saginaw Valley State,10.72122467923445,14.864700230450579
Saint Anselm,-40.6708451866791,-41.039497077483325
Saint John's (MN),3.434622416348878,5.098984075676789
Saint Vincent,-46.41530149351168,-45.84609595293225
Saint Xavier,-18.170543430735297,-0.20171847288988687
Salisbury,-7.69636094365625,-6.941874271324904
Salve Regina,-27.351484181867228,-26.39148153216559
Sam Houston,32.95556589097143,36.165884848050815
Samford,10.78721053934996,10.687601159652726
San Diego,17.636940504517426,16.316133868750924
San Diego State,43.08759615367637,43.611601993698386
San José State,33.2113411344374,30.782858570079412
Savannah State,-23.514386513771413,-33.45571337330303
Schreiner,-30.472100575174334,-39.514076659778894
Seton Hill,-18.267502441571843,-17.58042805271836
Sewanee,-30.71633821528882,-32.53237576488221
Shaw,-15.24162434119132,-16.01680965569865
Shenandoah,-22.861269221051938,-20.239884972079828
Shepherd,5.769850862264379,6.0540362605650815
Shippensburg,-14.785344959324238,-14.591058432990652
Shorter,-9.755096393444447,-9.671497804350034
Simpson (CA),-48.88953013273124,-48.02129122361962
Simpson (IA),-32.51732527207798,-31.349258375553713
Sioux Falls,0.225869427656896,0.12401823979615045
Slippery Rock,9.19048803314966,9.678671806198984
South Alabama,40.78243865696753,41.285863051080725
South Carolina,51.59294269060399,53.50605142704861
South Carolina State,26.347629327144258,30.74913834525103
South Dakota,41.07877301317715,42.90508299165451
South Dakota Mines,-4.008641071196868,-2.8566840866441217
South Dakota State,38.04346791091635,45.45442239455282
South Florida,54.081181106795846,54.22808774169506
Southeast Missouri State,22.450964834389122,23.251770455586637
Southeastern Oklahoma State,18.095075429927302,19.036788246738602
Southern,13.90140933453953,7.675848350037299
Southern Arkansas,7.2545492349630445,7.902461512690815
Southern Connecticut State,-19.260465116220253,-21.956918706022442
Southern Illinois,27.74458230728251,28.222808542828602
Southern Miss,29.82933817094535,31.522164118849222
Southern Nazarene,0.40158860698819066,1.9198213399420645
Southern Oregon,-16.864216920576865,-18.361474215346007
Southern Utah,22.884474467094048,21.05663704720782
Southern Virginia,-33.19809017103036,-38.843529326954844
Southwest Baptist,-17.31109149819681,-19.601834611392917
Southwest Minnesota State,-20.876218408534264,-25.49995741851928
Southwestern Oklahoma State,12.399836123839874,13.831815487521467
Southwestern U,-31.96644417048424,-36.42238521877788
Springfield,-19.82036683616969,-16.51247172152066
St. Francis (IL),10.112567802073727,-17.022339416782877
St. John Fisher,-25.396039558144707,-28.211299966859855
St. Lawrence,-48.67218108035293,-51.665593800830244
St. Norbert,-41.521152525714115,-41.92454965114476
St. Olaf,-35.054778841969686,-34.85788764707922
St. Scholastica,-46.29839387423774,-47.06507741161651
St. Thomas (MN),16.869558814346863,17.478802085567395
Stanford,37.87719177277164,39.50235469554584
Stephen F. Austin,42.31039012792021,43.691527330562785
Stetson,4.494614584009128,-0.8891875293475104
Stevenson,-27.65988545285925,-27.157664190429433
Stonehill,8.629725154570302,7.273699126986674
Stony Brook,21.518022637755198,20.979764315573505
Sul Ross State,-22.755670414138613,-22.10118601844937
Susquehanna,-8.307119338439538,-8.143249884199488
Syracuse,38.9087112557056,44.341846952606424
TCU,51.17553897112347,51.14227175747068
Tarleton State,39.2543361798454,38.04510345754928
Temple,42.32201110294105,43.42707722355702
Tennessee,62.7961147060739,66.0739000331159
Tennessee State,11.987060163263756,10.992344660587477
Tennessee Tech,40.03735269085388,40.20084079600444
Texas,69.84658530006483,71.17934789612626
Texas A&M,63.767002224533854,66.277204807558
Texas A&M-Kingsville,2.6384619831949703,0.6443066079991162
Texas Lutheran,-19.799021901589974,-22.08360286507623
Texas Southern,7.796124098349599,7.110386035762015
Texas State,47.499990102319416,48.37243791615986
Texas Tech,61.379550364726676,63.79125457524158
Texas Wesleyan,-16.58951657290234,-16.889517023393175
The Citadel,12.911697362086517,12.75278407727076
The College of New Jersey,-48.76285595600778,-48.385975912235565
Thiel,-57.61750909795983,-64.02871504715186
Thomas,-14.442594585553461,-13.788131228890315
Thomas More,-20.026392183285022,-20.235556178759865
Tiffin,10.408001625270298,11.766879633931019
Toledo,46.595626317133195,48.98351059196061
Towson,12.54495538211115,11.78755938111545
Trine,-21.03140452329386,-22.59060463850834
Trinity (CT),11.372640363881214,11.512380237225306
Trinity (TX),2.90237294821425,1.490725283348823
Troy,39.895593096452274,43.83588784040749
Truman State,6.583945542698694,5.702732315742649
Tufts,-6.549865687378936,-6.479995750706793
Tulane,47.47834030950459,48.369631185181106
Tulsa,43.62050886215029,45.3006657449509
Tusculum,-3.1386413453974953,-2.8663058200103855
Tuskegee,-9.340773273901705,-8.266023896808289
UAB,32.6530217577125,32.57818674610315
UAlbany,20.64487545548242,18.402245003327813
UC Davis,35.67111801436906,31.2117449796216
UCF,48.293212912008954,53.28687294528319
UCLA,55.943264680178764,57.0480207079444
UConn,42.13299045055621,46.55234414105882
UL Monroe,23.502732193494552,20.10747383638837
UMass Dartmouth,-42.387822721224595,-39.94716148010271
UNC Pembroke,8.665414764732189,8.821476519065476
UNLV,40.77154792947559,41.275936829868414
USC,60.11850075334468,65.65900767896933
UT Martin,17.231700043737717,17.332531775953527
UT Permian Basin,8.191205175734463,10.68289914682992
UT Rio Grande Valley,27.591326875754007,27.71292947107806
UTEP,30.612965211464363,29.768796220303003
UTSA,50.16153956014945,51.394834981174256
UVA Wise,-15.240238092345505,-15.926104905736679
Union,-22.77880819297272,-22.0173914490176
University of Mary,-7.393632665482642,-9.61268257879145
Upper Iowa,-6.829676425417791,-5.854652217108455
Ursinus,-21.131207785280694,-21.12249217547608
Utah,66.54551087986235,69.22363478945313
Utah State,39.72762065760364,39.000299892177985
Utah Tech,17.87594602185829,12.298194637324634
Utica,-7.24856846815551,-4.3732578170006535
VMI,1.6875491235317348,-3.3752582142875127
Valdosta State,13.976604481574286,14.607987991490607
Valley City State,-1.3415233422086796,-2.5114746367290834
Valparaiso,-7.197543427910103,-7.451556641350663
Vanderbilt,58.67685733411868,61.32841612343721
Vermont State Castleton,-49.59095477395071,-50.38736798923415
Villanova,22.78609198805203,20.605352628355224
Virginia,53.63520421175534,55.97156033359146
Virginia Lynchburg,-18.649172007769632,-29.703887777036762
Virginia State,4.891881375218437,2.0761017323836404
Virginia Tech,48.34601864743421,56.54297984982729
Virginia Union,1.551699426326044,-0.12284572948059136
WPI,-49.02463689457519,-47.51157861411661
Wabash,-12.674343859388578,-11.709985265684889
Wagner,6.771952944466483,2.5597833560953607
Wake Forest,49.296407864494924,52.705902759968176
Walsh,-1.4154007635645787,-1.0359252009827191
Warner,-16.37210288838302,-17.54608169773712
Wartburg,-6.629379334743033,-3.726244876520468
Washburn,7.834473248715597,7.677678656681827
Washington,55.786784120083404,55.54660305388032
Washington & Jefferson,-19.192141493349606,-13.655045900501932
Washington St. Louis,-13.790746393594656,0.48561267729511215
Washington State,41.33523826257007,41.23036717698066
Washington and Lee,-28.401256841716908,-27.20416452304497
Wayland Baptist,-15.44306679707713,-15.199056383250982
Wayne State (MI),-21.98883117163428,-26.252128177110013
Wayne State (NE),4.400486546378126,6.0285139095855556
Waynesburg,-49.809039697249695,-49.52340523217493
Webber International,-2.1130540024327393,-4.012078569541805
Weber State,20.134286411055164,17.82298905248996
Wesleyan (CT),21.438791751811934,21.68333653016418
West Alabama,1.0686509675071125,2.1383040648206073
West Chester,-6.892655061808624,-7.191582828233723
West Florida,25.75697402025727,27.10609767582867
West Georgia,13.11807147687992,9.442711528487798
West Liberty,-11.879767582355289,-9.711730151305172
West Texas,-1.5685779519333423,-2.8875332410214583
West Virginia,50.27037793346753,52.454471788136885
West Virginia State,-12.017780242635723,-12.598461114283255
West Virginia Wesleyan,-26.858822786006247,-27.825442047989178
Western Carolina,28.345489690596693,26.990645000147172
Western Colorado,18.206784197333164,18.286029845737048
Western Connecticut State,-40.75976695331767,-40.450561322254714
Western Illinois,18.260609150323035,20.73541511697093
Western Kentucky,29.24451225937726,25.9007920509296
Western Michigan,49.36982115876106,48.26551615022158
Western New England,-35.284263041264836,-33.92950238648688
Western New Mexico,-27.824810524668273,-30.64950077268941
Western Oregon,11.596248570538652,13.405048515943749
Westfield State,-59.877180107956136,-62.80410558871998
Westminster (MO),-52.28428612294077,-52.96228566327198
Westminster (PA),-27.59496726206095,-27.256413574917513
Wheaton (IL),-5.60242310860777,-3.420598091952378
Wheeling,-13.208413165997854,-13.737086896076576
Whittier,-79.97908543507492,-79.27553994811886
Whitworth,-20.775426744553137,-20.648955368909686
Widener,-43.83134967269901,-47.71943657725787
Wilkes,-29.249883265852997,-29.23854744876436
Willamette,-51.47837411812954,-53.94645415246459
William & Mary,17.00845299373821,14.025235105207656
William Jewell,-11.007998894643546,-14.385244045511646
William Paterson,-48.038793698757814,-47.650786335470315
William Woods,-47.659798868154425,-49.75590430062107
Williams,0.30009031873759784,0.36996025540968436
Wilmington (OH),-44.817839180752934,-44.64701616073853
Wingate,11.097931612730823,11.12968566968683
Winona State,-1.6604460572954611,-1.0591038511277286
Winston-Salem State,-21.055317544522538,-21.553773106355727
Wisconsin,48.03610973713262,50.13976863456423
Wisconsin Eau Claire,0.7530255231128891,2.501327710569452
Wisconsin La Crosse,3.385828919283991,2.815386249238429
Wisconsin Lutheran,-31.318633964832664,-28.799701007427537
Wisconsin Oshkosh,-17.720767366670344,-14.269675366001849
Wisconsin Platteville,4.257903004579628,14.678277647342156
Wisconsin River Falls,3.181773573581573,13.532480713192232
Wisconsin Stevens Point,-17.673425632323053,-16.946776293019603
Wisconsin Stout,-15.633347606025671,-15.8962213395406
Wisconsin Whitewater,12.301638594619835,30.135714388883272
Wittenberg,-32.441678426584104,-28.73892466601335
Wofford,21.406025703579267,20.33350263776623
Wooster,-39.19479621942886,-38.505765564774215
Worcester State,-40.23408290619771,-38.63013966335076
Wyoming,25.642166007190923,25.873637251338177
Yale,32.27354432989271,31.385018902323452
Youngstown State,34.42828577045435,39.82442597248227
