id,week,home,away
401773648,2,PennWest California,University Of Charleston (WV)
401773494,2,Wayne State (MI),Tiffin
401774218,2,North Carolina Wesleyan,Averett
401777200,2,Westminster (PA),Marietta
401773668,2,Fairmont State,Bloomsburg
401773369,2,Henderson State,Southern Nazarene
401774272,2,Texas Lutheran,Trinity University TX
401773165,2,Indiana-Pennsylvania,Ashland
401773382,2,Southern Arkansas,Oklahoma Baptist
401778004,2,Buffalo State,Brockport
401774062,2,Lebanon Valley,Franklin & Marshall
401774158,2,Wisconsin-Eau Claire,Carroll University (WI)
401776726,2,Valley City State,Augsburg
401783311,2,Wilkes,Kings College (PA)
401773342,2,Southeastern Oklahoma State,Arkansas-Monticello
401773677,2,Millersville,Frostburg State
401773361,2,Northwestern Oklahoma State,Harding University
401773331,2,Southwestern Oklahoma State,Arkansas Tech
401777085,2,Heidelberg,Hiram College
401773706,2,Kutztown University,Assumption
401773352,2,East Central (OK),Ouachita Baptist
401773580,2,West Texas A&M,Colorado School Of Mines
401774462,2,Belhaven,Millsaps
401766643,2,Illinois College,Greenville
401773044,2,Cornell College (IA),Coe College
401773258,2,Howard Payne,Pacific (OR)
401778005,2,Gallaudet,Albright
401789174,2,Franklin Pierce,Slippery Rock
401777236,2,Randolph-Macon,Dickinson (PA)
401777027,2,Thiel,Concordia-Wisconsin
401783361,2,Merchant Marine Academy,Montclair State
401778000,2,Curry College,Bridgewater State
401777995,2,Muhlenberg,Moravian
401777002,2,Fitchburg State,Dean College
401788913,2,Mass Maritime,SUNY Maritime
401777731,2,Catholic,McDaniel College
401774081,2,Gettysburg,Juniata College
401773295,2,Alfred University,Hobart College
401774147,2,St. Lawrence,Norwich
401783282,2,Reading,Ursinus
401773232,2,Findlay,Indianapolis
401774057,2,Washington & Jefferson,Utica
401773479,2,Northwood (MI),Northern Michigan
401773276,2,Eastern University,Anna Maria College
401767741,2,Central Connecticut,American International
401776793,2,Oberlin,Calvin University
401777976,2,Bentley,West Chester
401776805,2,University of Rochester (NY),Olivet College
401778013,2,Salve Regina,UMass Dartmouth
401777767,2,New England College,Plymouth State
401776993,2,Endicott College,Misericordia
401774036,2,FDU-Florham,St John Fisher University
401777095,2,Otterbein,Ohio Wesleyan
401777774,2,MIT,Nichols College
401777019,2,Concordia University Chicago,Minnesota Morris
401774091,2,Susquehanna,Union (NY)
401774044,2,Cortland,Grove City College
401774299,2,Framingham State,Husson
401776968,2,Hartwick,Maine Maritime
401777227,2,Delaware Valley,Hampden-Sydney
401774235,2,Hendrix College,Maryville College (TN)
401766652,2,Lawrence University,Martin Luther
401773497,2,Kentucky Wesleyan,West Florida
401774051,2,Kean,SUNY Morrisville
401777249,2,Washington and Lee,Salisbury
401774280,2,Bethany (WV),Sewanee
401774421,2,Manchester,Westminster College (MO)
401777266,2,Rowan,Case Western Reserve
401774072,2,Ithaca College,Johns Hopkins University
401774208,2,Southern Virginia,Apprentice School
401777197,2,Waynesburg,John Carroll University
401783301,2,Western New England,Springfield
401773304,2,Saint Vincent,Hilbert College
401774130,2,Westfield State,Castleton
401788304,2,Anderson (Sc),ERSKINE
401773028,2,Shippensburg,Bowie State
401776976,2,Biddeford,Coast Guard
401773266,2,Anderson (IN),Alfred State
401773242,2,McKendree,Hillsdale
401776787,2,Wisconsin-River Falls,Alma
401774120,2,Christopher Newport,Trine University
401774227,2,Shenandoah,Methodist
401766644,2,Chicago,Carnegie Mellon
401777274,2,Widener,Geneva
401774320,2,Lycoming,College Of New Jersey
401774245,2,Brevard College,Kentucky Christian
401774407,2,Franklin,Ohio Northern
401774395,2,University of Mount Union,Wheaton
401773155,2,Benedictine University,Buena Vista
401766645,2,Grinnell,Macalester
401766646,2,Rockford,Beloit
401774188,2,Wisconsin-Stevens Pt,Albion
401774182,2,Aurora,Wisconsin-Platteville
401773767,2,Augustana University (SD),Jamestown College
401773432,2,Roosevelt,Quincy
401777953,2,Lake Erie,Ferris State
401773035,2,Illinois Wesleyan,Central College
401777134,2,Wittenberg,Baldwin Wallace
401774197,2,Wisconsin-Whitewater,Carleton
401773172,2,Wisconsin-Stout,Dubuque
401777049,2,Allegheny,Denison University
401776743,2,St. Olaf,Northwestern (MN)
401773179,2,Loras College,Hope College
401776761,2,Hamline University,Crown College
401777045,2,St. Norbert,Wabash College
401773185,2,Luther,Millikin
401776735,2,Wisconsin-Lutheran,St. Scholastica
401773994,2,Clark Atlanta,Florida Memorial University
401778022,2,Willamette,Pomona Pitzer
401773407,2,Lane College,Lincoln (MO)
401777166,2,Puget Sound,Lewis & Clark College
401777159,2,California Lutheran University,Pacific Lutheran
401776766,2,Whitworth,Gustavus Adolphus
401774175,2,Linfield College,Wisconsin-Oshkosh
401773593,2,Western Oregon,Southern Oregon
401774140,2,Western Connecticut St,William Paterson
401774335,2,Berry College,Huntingdon College (AL)
401767652,2,Stetson,Warner University
401773955,2,UVA Wise,Newberry
401773742,2,Southwest Minnesota State,Minnesota State Moorhead
401767336,2,Villanova,Colgate
401777102,2,Wilmington (OH),Wooster
401773685,2,Lock Haven University,Glenville State
401774111,2,Worcester Polytechnic Institute,Rensselaer
401777542,2,Mars Hill,Winston-Salem
401767656,2,Valparaiso,Adrian
401778025,2,Bridgewater (VA),Stevenson
401774343,2,Centre College Kentucky,Hanover College
401774428,2,Muskingum University,Mount St. Joseph
401773759,2,Sioux Falls,Northern State
401766648,2,Eureka College,Knox College
401778036,2,Guilford College,Greensboro College
401773439,2,Southwest Baptist,Missouri Southern State
401766650,2,Ripon,North Park
401777586,2,Mary Hardin-Baylor,Bethel University Tennessee
401773204,2,Simpson College (IA),Augustana (IL)
401773135,2,Delta State,North Greenville
401776801,2,Austin,Kalamazoo
401774366,2,Lakeland,Carthage
401774397,2,Bluffton,Kenyon
401774457,2,McMurry,Southwestern University
401774434,2,Rose-Hulman,Depauw
401773190,2,Dakota State University,Nebraska Wesleyan
401766649,2,Lake Forest College,Claremont-Mudd-Scripps College
401774392,2,Washington University (St. Louis),Rhodes College
401773564,2,Texas A&M-Kingsville,Lincoln (CA)
401777300,2,East Texas Baptist University,LYONCOLL
401767097,2,Montana,Central Washington
401776770,2,Concordia Moorhead,Mayville State
401777596,2,Point University,Lagrange College
401766651,2,Wartburg,Monmouth (IL)
401773900,2,Phoenix,Fort Lewis
401774251,2,Redlands,NEWBERG
401773208,2,Chapman,Hardin-Simmons
401773701,3,West Virginia Wesleyan,Ohio Dominican
401778037,3,Greensboro College,Roanoke College
401774168,3,Carnegie Mellon,Wisconsin-Lacrosse
401786484,3,Plymouth State,Worcester St
401776806,3,Olivet College,Madonna University (Mich.)
401773725,3,Post University,Southern Connecticut State
401766662,3,Bates,Amherst
401766661,3,Wesleyan University (CT),Middlebury
401766659,3,Trinity (CT),Colby College
401777183,3,Capital,Catholic
401766660,3,Hamilton,Williams
401776750,3,Saint John's (MN),Minnesota Morris
401774176,3,North Central College,Wisconsin-Oshkosh
401777040,3,Elmhurst,Rockford
401809170,3,Saint Xavier (IL),Wisconsin-Whitewater
401766658,3,Bowdoin,Tufts
401777172,3,Eastern Oregon,Whitworth
401777160,3,Pacific Lutheran,Simpson University (Ca)
401776774,3,Bethel (MN),Northwestern (MN)
401788912,3,East Texas Baptist University,Oklahoma Panhandle St
401774463,3,Millsaps,CENTENARY
401767679,4,Lafayette,Columbia
401767551,4,Brown,Georgetown
401767726,4,Yale,Holy Cross
401767644,4,Princeton,San Diego
401773260,4,Howard Payne,Wayland Baptist
401767640,4,Presbyterian,BLUEFIELD
401767653,4,Stetson,Harvard
401767772,4,Stonehill,Pennsylvania
401767267,4,Dartmouth,New Hampshire
401774210,4,Keystone,Southern Virginia
401788907,4,Ferris State,University of Rio Grande
401778023,4,La Verne,Willamette
401767333,4,UAlbany,Cornell
401767528,4,UT Rio Grande Valley,Texas Wesleyan
401809184,5,Maryville College (TN),Pikeville
401773254,9,Hardin-Simmons,Southwestern Assemblies Of God
