week,games,baselineMAE,candidateMAE,maeChange,baselineCorrect,candidateCorrect
2,50,16.46080075085788,16.460837522360993,3.677150311176547e-05,33,33
3,47,15.47965089220841,15.471700290069833,-0.007950602138576457,32,32
4,50,14.12557199402336,14.113542899371458,-0.012029094651902383,37,36
5,51,10.878522593000037,10.876987960743772,-0.0015346322562646009,40,40
6,50,12.848239754920312,12.801509288629921,-0.04673046629039135,39,38
7,56,14.655325039754374,14.65832708235981,0.003002042605436017,37,37
8,59,12.186676215745269,12.128203871412857,-0.05847234433241155,42,42
9,53,11.867854905301966,11.88962256128897,0.02176765598700392,38,39
10,52,13.813971604956427,13.875098273041282,0.061126668084854785,34,34
11,51,11.61863451851228,11.607898852277808,-0.010735666234472419,32,31
12,58,12.823494802907994,12.777518384902724,-0.04597641800527086,43,43
13,60,12.612477973108465,12.607141960409498,-0.0053360126989669965,47,47
14,67,12.147065528996475,12.196234982140876,0.04916945314440113,50,50
