,Team,MasseyRating,Rank
259,Indiana,73.40592664497298,1
437,Ohio State,72.13577323330935,2
432,Notre Dame,70.53070968871339,3
446,Oregon,70.36084703318446,4
569,Texas Tech,69.56925374012063,5
350,Miami,66.46914809382677,6
611,Utah,66.46300967085801,7
212,Georgia,64.34845544562508,8
619,Vanderbilt,62.604512096837574,9
439,Oklahoma,62.60270487794513,10
44,BYU,62.58193824279972,11
564,Texas A&M,62.27759606090156,12
596,USC,61.35789363382112,13
5,Alabama,61.2258636908428,14
444,Ole Miss,61.15584400601039,15
633,Washington,59.8711668942809,16
25,Arizona,58.95458703176186,17
522,South Florida,58.76517472125356,18
263,Iowa,58.329209930388274,19
417,North Texas,58.14283536848609,20
268,James Madison,58.019528182526294,21
563,Texas,57.05851902940006,22
352,Michigan,57.05106493984097,23
453,Penn State,56.98524087375659,24
488,SMU,56.11389635791537,25
560,Tennessee,56.09669573796679,26
414,North Dakota State,55.59757863966734,27
621,Virginia,55.40035970558718,28
372,Missouri,55.211902545951936,29
254,Illinois,55.00981967240308,30
319,Louisville,54.91202375727846,31
557,TCU,54.437767965564106,32
264,Iowa State,54.302561684047014,33
289,LSU,53.42369476430296,34
459,Pittsburgh,52.9403183492571,35
35,Auburn,52.805797487515235,36
26,Arizona State,52.53958005149191,37
276,Kansas State,52.224610813465134,38
246,Houston,52.1086027808176,39
120,Clemson,51.68718030062003,40
215,Georgia Tech,51.46816634155353,41
161,East Carolina,50.848766641453125,42
380,Montana State,50.59293235826905,43
158,Duke,50.01056377370737,44
195,Florida State,49.913296809765676,45
443,Old Dominion,49.66555579063564,46
583,Tulane,49.53477296807567,47
390,NC State,49.48177931580397,48
517,South Carolina,49.38624846151924,49
344,Memphis,49.11892133927957,50
65,Boise State,48.969646334987885,51
116,Cincinnati,48.68543844544517,52
628,Wake Forest,48.652099185101804,53
635,Washington State,48.40305171045983,54
502,San Diego State,47.82023750686041,55
190,Florida,47.80459971559132,56
280,Kentucky,47.40952429823547,57
575,Toledo,46.982384759066065,58
595,UNLV,46.683210313674294,59
275,Kansas,46.61471080276016,60
426,Northwestern,46.4567775838883,61
379,Montana,46.07087389186529,62
370,Mississippi State,45.90193009821879,63
558,Tarleton State,45.89432215219479,64
392,Navy,45.75085802594323,65
400,New Mexico,45.29951505890334,66
48,Baylor,45.05261197220524,67
393,Nebraska,44.85656685281678,68
601,UTSA,44.80808805869097,69
27,Arkansas,44.549922607638884,70
681,Wisconsin,44.42510775633736,71
363,Minnesota,43.01095086606021,72
413,North Dakota,42.90776314703959,73
486,Rutgers,42.58861591219603,74
353,Michigan State,42.39111693651724,75
278,Kennesaw State,42.33406466689654,76
32,Army,41.97710983706685,77
591,UConn,41.72909683240267,78
236,Hawai'i,41.501332535952955,79
612,Utah State,41.473941904434305,80
233,Harding University,41.265952158076274,81
568,Texas State,41.165517735371154,82
127,Colorado,41.05197399139334,83
589,UCF,40.949104576799385,84
590,UCLA,40.73398130248681,85
659,Western Michigan,40.62496728950222,86
335,Maryland,40.404422151627365,87
84,California,40.31765296168904,88
318,Louisiana Tech,40.15224484024489,89
623,Virginia Tech,39.74209395701438,90
204,Fresno State,39.36766580271191,91
434,Ohio,39.08971321007561,92
548,Stanford,38.7904277292824,93
469,Purdue,38.70453037089967,94
658,Western Kentucky,38.39233973950106,95
332,Marshall,38.28481224121922,96
651,West Virginia,37.87960653390469,97
351,Miami (OH),37.779885418676166,98
521,South Dakota State,37.73146998350832,99
580,Troy,37.48017173107721,100
302,Lehigh,37.464332641179176,101
529,Southern Miss,37.19225598883636,102
588,UC Davis,37.12697616805359,103
193,Florida International,36.799266199943,104
375,Missouri State,36.69660463470654,105
549,Stephen F. Austin,36.44502055927146,106
235,Harvard,35.856042568505764,107
3,Air Force,35.40814409063975,108
559,Temple,35.340560508011194,109
408,North Carolina,35.04483809941156,110
0,Abilene Christian,34.83762271351039,111
102,Central Michigan,34.61133603931429,112
267,Jacksonville State,34.57504300910949,113
66,Boston College,34.48835694451245,114
556,Syracuse,34.33358905779404,115
345,Mercer,34.28118502729229,116
697,Yale,34.01365973262526,117
528,Southern Illinois,33.91288482257738,118
620,Villanova,33.857156109054266,119
256,Illinois State,33.82347021005131,120
316,Louisiana,33.719387097441654,121
491,Sacramento State,33.696965711569796,122
305,Liberty,33.6562387143007,123
28,Arkansas State,33.581251629864234,124
519,South Dakota,33.041607606736356,125
698,Youngstown State,32.85660051394714,126
213,Georgia Southern,32.67813401451379,127
23,App State,32.40565789969205,128
532,Southern Utah,32.37147245178137,129
186,Ferris State,32.32074012584659,130
41,Austin Peay,32.281576911907436,131
584,Tulsa,32.252169282774986,132
696,Wyoming,32.04585992149204,133
442,Oklahoma State,31.971448811451364,134
253,Idaho State,31.34428555231911,135
192,Florida Atlantic,31.211990413243768,136
475,Rhode Island,31.21071449202047,137
149,Delaware,31.119952716485265,138
477,Rice,31.116481246168643,139
516,South Alabama,30.951992950293565,140
447,Oregon State,30.839987743695197,141
122,Coastal Carolina,30.733907887775963,142
562,Tennessee Tech,30.5964981981807,143
648,West Georgia,30.461833863742434,144
106,Central Washington,30.224851639352366,145
487,SE Louisiana,30.04387353027882,146
586,UAB,29.354028211206582,147
396,Nevada,28.9115234594036,148
7,Alabama State,28.904770807349962,149
419,Northern Arizona,28.591168812159108,150
83,Cal Poly,28.58202806920693,151
503,San José State,28.186326423927774,152
69,Bowling Green,28.18178678051055,153
130,Colorado State,28.16644611544019,154
78,Buffalo,27.705172885813145,155
377,Monmouth,27.394119849455507,156
402,New Mexico State,27.34925376485745,157
279,Kent State,26.7365984708887,158
164,East Tennessee State,26.679977109985607,159
4,Akron,26.553294048552857,160
169,Eastern Michigan,26.22384262113276,161
266,Jackson State,26.038688696803554,162
297,Lamar,25.96625929010469,163
252,Idaho,25.449363894552256,164
421,Northern Illinois,25.43626881095642,165
398,New Hampshire,25.24106003522914,166
600,UTEP,24.817452240867453,167
214,Georgia State,24.789546767282644,168
144,Dartmouth,24.652635574177054,169
288,Kutztown University,24.62224009354459,170
518,South Carolina State,24.563500331136794,171
355,Middle Tennessee,24.51955984002053,172
654,Western Carolina,24.36021997568261,173
692,Wofford,24.136949003263474,174
425,Northwest Missouri St,23.951929825594867,175
173,Eastern Washington,23.806921418482414,176
599,UT Rio Grande Valley,23.704657775016493,177
410,North Carolina Central,23.551382544186684,178
687,Wisconsin-River Falls,23.188162524387355,179
168,Eastern Kentucky,23.178402452869676,180
46,Ball State,23.125922950895507,181
547,St. Thomas (MN),23.00755083240155,182
262,Indianapolis,22.92370992663771,183
672,William & Mary,22.807067354927398,184
592,UL Monroe,22.743257955693554,185
292,Lafayette,22.67478694818731,186
455,Pennsylvania,22.553441616602584,187
258,Incarnate Word,22.545622880462744,188
458,Pittsburg St,22.539661130253123,189
238,Henderson State,22.170525683134407,190
449,Ouachita Baptist,22.099638451829097,191
537,Southwestern Oklahoma State,21.84679038874166,192
465,Prairie View A&M,21.829459933719313,193
553,Stony Brook,21.741894081659243,194
643,Weber State,21.325182801593165,195
209,Gardner-Webb,21.044933964807406,196
501,San Diego,20.550606384472626,197
156,Drake,20.541166933041918,198
111,Charlotte,20.192834116779956,199
178,Elon,19.97114937794014,200
98,Central Arkansas,19.505716486040082,201
422,Northern Iowa,19.439725660587108,202
598,UT Permian Basin,19.42013801399773,203
467,Princeton,19.306708656023822,204
74,Brown,19.09417865972986,205
179,Emory & Henry College,18.980284199074582,206
576,Towson,18.87439480263099,207
260,Indiana State,18.532822707302785,208
309,Lindenwood,18.42279695746304,209
526,Southern Arkansas,18.301482161957257,210
571,The Citadel,18.22014804264161,211
597,UT Martin,18.085132438439608,212
412,North Central College,17.952144535545926,213
125,Colgate,17.92609677346412,214
466,Presbyterian,17.866093355214876,215
100,Central Connecticut,17.853787975789384,216
420,Northern Colorado,17.821335178203682,217
499,Sam Houston,17.567284208837393,218
366,Minnesota State Mankato,17.468660301173887,219
655,Western Colorado,17.363610289994867,220
478,Richmond,17.287175747808433,221
325,Maine,17.166664460621625,222
8,Albany State GA,17.095409200121765,223
219,Grand Valley State University,17.075570676273035,224
244,Holy Cross,16.694345072250456,225
407,North Alabama,16.614220662303424,226
404,Nicholls,16.445058678101734,227
678,Wingate,16.416528349247535,228
159,Duquesne,16.409506877824633,229
364,Minnesota Duluth,16.2077091400802,230
206,Furman,16.1749762970829,231
110,Charleston Southern,15.635284830937984,232
150,Delaware State,15.529259732567475,233
112,Chattanooga,15.521068295513157,234
59,Bethune-Cookman,15.306947717852593,235
29,Arkansas Tech,15.135955691021739,236
218,Grambling,15.10572042117934,237
82,CSU Pueblo,15.079064569971251,238
492,Sacred Heart,14.841830716661397,239
314,Long Island University,14.838625497364712,240
137,Cornell,14.648471463408569,241
33,Ashland,14.612286310887225,242
165,East Texas A&M,14.533308149022455,243
162,East Central (OK),14.486869061220055,244
523,Southeast Missouri State,14.454556949685617,245
188,Findlay,14.033213106770804,246
613,Utah Tech,14.003754390516427,247
104,Central Oklahoma,13.899114671055466,248
624,Virginia Union,13.853726416576873,249
147,Dayton,13.766363492978236,250
690,Wisconsin-Whitewater,13.686934223332958,251
343,McNeese,13.663890590113184,252
92,Carson-Newman College,13.526249682685272,253
581,Truman State,13.164349247382845,254
261,Indiana-Pennsylvania,12.814717222429765,255
430,Northwood (MI),12.74833279857535,256
347,Mercyhurst,12.495781602674805,257
354,Michigan Tech,12.483253132734886,258
87,Campbell,12.26492751472292,259
657,Western Illinois,12.136048359276003,260
647,West Florida,12.033024423840804,261
131,Columbia,11.958767957042344,262
524,Southeastern Oklahoma State,11.852353484518517,263
11,Alcorn State,11.65521951123106,264
418,Northeastern State,11.642697305160802,265
272,Johnson C Smith,11.346211933648716,266
662,Western Oregon,11.213641891409223,267
167,Eastern Illinois,11.153139048904588,268
578,Trinity (CT),11.093055476815977,269
650,West Texas A&M,10.91114343048888,270
211,Georgetown,10.652895404158915,271
55,Berry College,10.561912130405808,272
463,Portland State,10.55536821894989,273
683,Wisconsin-Lacrosse,10.493482583148868,274
348,Merrimack,10.307831420247322,275
606,University of Mount Union,10.298278076234727,276
567,Texas Southern,10.117160194766731,277
686,Wisconsin-Platteville,10.037172068513328,278
574,Tiffin,9.947290318259748,279
388,Murray State,9.877346092975468,280
80,Butler,9.869683735783461,281
609,Upper Iowa University,9.775637752824741,282
21,Angelo State,9.682816928591162,283
403,Newberry,9.354558920163726,284
330,Marist,9.288044783870477,285
108,Chadron St,9.283557558400801,286
367,Minnesota State Moorhead,9.168381834093116,287
395,Nebraska-Kearney,8.97170741609027,288
57,Bethel (MN),8.971703820211534,289
640,Wayne State (NE),8.9333944837417,290
185,Fayetteville State,8.668966907399389,291
282,Kentucky State,8.627514551574219,292
565,Texas A&M-Kingsville,8.08989600861964,293
76,Bucknell,7.8819399987179075,294
303,Lenoir-Rhyne,7.728514929282963,295
96,Catawba,7.720688049712146,296
385,Morgan State,7.537354188776243,297
75,Bryant,7.409282274757572,298
627,Wagner,7.300687607301775,299
552,Stonehill,7.264942819388596,300
248,Howard,7.243888835927299,301
103,Central Missouri,7.19056315666073,302
594,UNC Pembroke,7.116495013811372,303
152,Delta State,7.034296892079631,304
493,Saginaw Valley State,6.730081477571499,305
52,Benedict College,6.445978270122287,306
338,Massachusetts,6.352489718412002,307
197,Fort Hays State,6.252782962440614,308
666,Wheaton,6.059407361355547,309
38,Augustana University (SD),5.974271520958414,310
587,UAlbany,5.9175325347031045,311
129,Colorado School Of Mines,5.5769827539992285,312
644,Wesleyan University (CT),5.493112375227078,313
145,Davenport,5.489724779119192,314
180,Emporia State University,5.243231775902261,315
31,Arkansas-Pine Bluff,4.902132148379021,316
191,Florida A&M,4.794835663901342,317
271,Johns Hopkins University,4.223456754931611,318
454,PennWest California,4.144484836259366,319
174,Edinboro University,4.137345166698602,320
616,Valdosta State,3.9749215186063775,321
500,Samford,3.880569181125697,322
163,East Stroudsburg University,3.8183946729405145,323
515,Slippery Rock,3.775143849848714,324
196,Fordham,3.648324944985383,325
245,Hope College,3.3763446703560547,326
514,Sioux Falls,3.2552285131566023,327
481,Robert Morris,3.2119468710091112,328
383,Morehead State,3.0490881695707346,329
424,Northern State,2.510993964139601,330
232,Hardin-Simmons,2.197238664893444,331
128,Colorado Mesa,2.123949347867407,332
241,Hillsdale,2.079101659626428,333
205,Frostburg State,1.8407344822456002,334
34,Assumption,1.8030357819756517,335
607,University of Rio Grande,1.5704308797192983,336
561,Tennessee State,1.4514947219717058,337
6,Alabama A&M,1.439442234041394,338
579,Trinity University TX,0.7834056218657608,339
629,Walsh,0.5044463303004718,340
429,Northwestern State,0.36284317174177616,341
642,Webber International,0.27889932111112437,342
115,Christopher Newport,0.17498497567179072,343
632,Washburn,0.050129861600914705,344
18,Amherst,-0.006970742583604306,345
604,University Of Charleston (WV),-0.030894898265585002,346
406,Norfolk State,-0.11514905158716715,347
141,Cumberland (TN),-0.15383483592719038,348
247,Houston Christian,-0.17744567581630477,349
20,Anderson (Sc),-0.21034600296194128,350
509,Shepherd,-0.26824330256436735,351
331,Mars Hill,-0.6391955513056962,352
399,New Haven,-0.6593319675647562,353
675,Williams,-0.7068566490638588,354
525,Southern,-0.7930615685278468,355
530,Southern Nazarene,-1.1166547317983024,356
494,Saint John's (MN),-1.2384402319481431,357
16,Alma,-1.3110583365844377,358
440,Oklahoma Baptist,-1.320300476880238,359
118,Clarion,-1.3612221428339906,360
415,North Greenville,-1.5585515298053672,361
334,Mary Hardin-Baylor,-1.751758190575078,362
356,Middlebury,-1.8068387825493204,363
685,Wisconsin-Oshkosh,-1.845632810862618,364
555,Susquehanna,-1.9492401792119978,365
497,Salisbury,-1.9715370925322517,366
615,VMI,-2.228218107571159,367
631,Wartburg,-2.3197673626906017,368
373,Missouri S&T,-2.3224325891846593,369
374,Missouri Southern State,-2.359677982915348,370
409,North Carolina A&T,-2.4158846748926024,371
617,Valley City State,-2.42749693568193,372
645,West Alabama,-2.4649776855835306,373
371,Mississippi Valley State,-2.490325160944888,374
124,Colby College,-2.756905764622644,375
689,Wisconsin-Stout,-2.9213061549995523,376
175,Edward Waters,-3.0911781911127685,377
313,Lock Haven University,-3.1270251747101514,378
423,Northern Michigan,-3.4302944461998255,379
622,Virginia St,-3.5350659319710234,380
61,Black Hills State,-3.550525013708473,381
230,Hampton,-3.726310003612138,382
328,Marian College,-3.8265993194896026,383
435,Ohio Dominican,-4.165750487112352,384
139,Cortland,-4.479286037631322,385
542,St. Francis (PA),-4.712772438057545,386
281,Kentucky Christian,-4.729190622444776,387
679,Winona State,-5.218271662397321,388
15,Allen,-5.305161609392606,389
504,Savannah St,-5.3715836926515586,390
680,Winston-Salem,-5.42524382325017,391
358,Midwestern State,-5.487677593843986,392
270,John Carroll University,-5.591323693130597,393
170,Eastern New Mexico,-5.658148725978695,394
203,Franklin Pierce,-5.670220616574196,395
143,Dakota State University,-5.810175843517506,396
618,Valparaiso,-5.975321792194243,397
376,Missouri Western,-6.313612210492875,398
45,Baldwin Wallace,-6.352529737681174,399
2,Adrian,-6.4790352110300375,400
428,Northwestern Oklahoma State,-6.789353895052553,401
54,Bentley,-7.090117229822638,402
123,Coe College,-7.2395152341425835,403
293,Lagrange College,-7.345112649017938,404
51,Bemidji State,-7.356557543458994,405
62,Bloomsburg,-7.406525635083337,406
471,Randolph-Macon,-7.427822796935054,407
171,Eastern Oregon,-7.43299436268245,408
634,Washington & Jefferson,-7.501031585807834,409
154,Depauw,-7.891735656062465,410
336,Maryville College (TN),-7.8933873777823855,411
582,Tufts,-7.9567672203916615,412
30,Arkansas-Monticello,-8.011136210701041,413
605,University of Mary,-8.021983318178535,414
176,Elizabeth City State,-8.032889577523033,415
436,Ohio Northern,-8.290522959381189,416
217,Glenville State,-8.353624858931525,417
368,Minot State,-8.4526605717837,418
231,Hanover College,-8.543434634791662,419
229,Hampden-Sydney,-8.65301937700469,420
585,Tuskegee,-9.016138966513337,421
646,West Chester,-9.034341349376799,422
90,Carnegie Mellon,-9.074043140525859,423
99,Central College,-9.138252862072008,424
534,Southwest Baptist,-9.532647344718836,425
652,West Virginia State,-9.620062083502106,426
146,Davidson,-9.65449033119209,427
401,New Mexico Highlands,-10.284224703225405,428
673,William Jewell,-10.347844612218232,429
387,Muhlenberg,-10.500908022632164,430
570,Texas Wesleyan,-10.522025696744375,431
312,Livingstone,-10.683038691190545,432
341,McKendree,-10.769832556359841,433
470,Quincy,-10.859429410257665,434
636,Washington University (St. Louis),-10.89085244100741,435
310,Linfield College,-11.14085182252295,436
199,Fort Valley State,-11.341832863098787,437
299,Langston University,-11.344310251533575,438
505,Seton Hill,-11.344386822378985,439
58,Bethel University Tennessee,-11.48967419570507,440
531,Southern Oregon,-11.532685939538098,441
202,Franklin & Marshall,-12.001919960864843,442
184,Fairmont State,-12.244043812029707,443
47,Bates,-12.256839777100854,444
68,Bowie State,-12.414310807288636,445
550,Stetson,-12.467421797248527,446
485,Rowan,-12.58044235309373,447
667,Wheeling,-12.848884341109777,448
43,BLUEFIELD,-12.88421589091227,449
614,Utica,-12.978785944436236,450
105,Central State (OH),-13.240894847095799,451
626,Wabash College,-13.358327056017501,452
224,Grove City College,-13.43182169376568,453
384,Morehouse College,-13.53482326067578,454
109,Chapman,-13.697867827416253,455
181,Endicott College,-13.71024155524492,456
119,Clark Atlanta,-14.081913949350751,457
573,Thomas More College,-14.094152666622197,458
520,South Dakota Mines,-14.143481766437551,459
510,Shippensburg,-14.36994839322989,460
457,Pikeville,-14.643649047948374,461
107,Centre College Kentucky,-14.789637054690589,462
294,Lake Erie,-15.032073817713904,463
227,Hamilton,-15.356827284802502,464
539,Springfield,-15.441859181229177,465
359,Miles College,-15.670867642990617,466
208,Gannon,-15.805738041496234,467
86,Calvin University,-16.053028162039265,468
668,Whitworth,-16.18063711618706,469
602,UVA Wise,-16.301835331689666,470
541,St. Anselm,-16.36112131026472,471
306,Lincoln (CA),-16.494699135439735,472
73,Brockport,-16.626963693980294,473
357,Midland Lutheran College,-16.77226877632519,474
664,Westminster (PA),-17.043575764186436,475
37,Augustana (IL),-17.11961151747608,476
89,Carleton,-17.224838780574743,477
474,Rensselaer,-17.371229453636662,478
362,Millsaps,-17.5670629667188,479
483,Roosevelt,-17.638692146973018,480
220,Greeneville,-17.735780810833468,481
265,Ithaca College,-17.806450344715017,482
511,Shorter,-17.97496740499163,483
132,Concord University,-18.23016205921386,484
566,Texas Lutheran,-18.233285139181902,485
378,Monmouth (IL),-18.313329005792273,486
67,Bowdoin,-18.556764691644208,487
386,Mount St. Joseph,-18.58226729275394,488
682,Wisconsin-Eau Claire,-18.719302719101883,489
269,Jamestown College,-19.13130160027093,490
226,Gustavus Adolphus,-19.24989075972307,491
649,West Liberty,-19.42847676721733,492
17,American International,-19.82772871878838,493
610,Ursinus,-19.858028484679306,494
512,Simpson College (IA),-19.86129252259648,495
151,Delaware Valley,-20.099589683505535,496
639,Wayne State (MI),-20.14126015091005,497
172,Eastern University,-20.169345483116576,498
638,Wayland Baptist,-20.20139032673792,499
250,Huntingdon College (AL),-20.3154898237434,500
527,Southern Connecticut State,-20.320024840266964,501
70,Brevard College,-20.339382393353517,502
126,College Of New Jersey,-20.513782779566718,503
155,Dickinson (PA),-20.748739742376937,504
114,Chowan,-21.198780852595984,505
257,Illinois Wesleyan,-21.283216008886093,506
637,Washington and Lee,-21.379283553708106,507
577,Trine University,-21.448181409323627,508
237,Heidelberg,-21.460912082132925,509
133,Concordia Moorhead,-21.55188279027129,510
194,Florida Memorial University,-21.822226401813058,511
342,McMurry,-22.16888735918489,512
198,Fort Lewis,-22.28076302063421,513
329,Marietta,-22.31163896169153,514
94,Case Western Reserve,-22.35540391038992,515
464,Post University,-22.507996760063726,516
688,Wisconsin-Stevens Pt,-22.689333171564037,517
39,Aurora,-22.95635886999689,518
135,Concordia University St Paul,-23.08702713054986,519
603,Union (NY),-23.21058971715297,520
317,Louisiana College,-23.258347768211756,521
554,Sul Ross State,-23.901816150082418,522
49,Belhaven,-23.97292734794386,523
304,Lewis & Clark College,-24.4021264334897,524
677,Wilson,-24.414958054826016,525
307,Lincoln (MO),-24.618932210153538,526
283,Kentucky Wesleyan,-25.10345150126819,527
670,Wilkes,-25.13759602294099,528
508,Shenandoah,-25.32432908488493,529
691,Wittenberg,-25.35978003831911,530
369,Misericordia,-25.363423227382544,531
243,Hobart College,-25.393837278504968,532
551,Stevenson,-25.401892847542726,533
535,Southwest Minnesota State,-25.504347145499068,534
507,Shaw,-25.520674207630556,535
301,Lebanon Valley,-25.61292571205749,536
452,Pacific Lutheran,-25.614962813669184,537
85,California Lutheran University,-25.636759524731367,538
187,Ferrum,-25.728350059361546,539
249,Howard Payne,-25.953204558555267,540
496,Saint Xavier (IL),-26.063327446832986,541
157,Dubuque,-26.213137673725416,542
91,Carroll University (WI),-26.253354046652795,543
63,Bluefield State,-26.302656265486096,544
239,Hendrix College,-26.372691438957858,545
321,Lycoming,-26.68517906849897,546
360,Millersville,-26.711451650775558,547
461,Point University,-26.74342275691504,548
462,Pomona Pitzer,-26.794854938167767,549
450,Pace,-26.855058616198356,550
538,Southwestern University,-26.931844706648043,551
381,Montclair State,-26.933527193969333,552
389,Muskingum University,-26.954852900827888,553
324,Madonna University (Mich.),-27.074596505729918,554
153,Denison University,-27.672794810818285,555
661,Western New Mexico,-27.699435431877916,556
473,Redlands,-27.88336117465024,557
166,East Texas Baptist University,-27.89143139678922,558
93,Carthage,-28.164317846031384,559
346,Merchant Marine Academy,-28.409781971173267,560
160,ERSKINE,-28.440846958754726,561
536,Southwestern Assemblies Of God,-28.541215615601683,562
498,Salve Regina,-28.665960400983558,563
117,Claremont-Mudd-Scripps College,-28.82382951967068,564
540,St John Fisher University,-28.91305047117069,565
121,Coast Guard,-29.091335504262133,566
656,Western Connecticut St,-29.159074699550132,567
625,Virginia University Of Lynchburg,-29.46020920622064,568
201,Franklin,-29.59616120927067,569
506,Sewanee,-30.330306201502456,570
53,Benedictine University,-30.550410675857,571
308,Lincoln (PA),-30.75657399861582,572
298,Lane College,-30.881405471050627,573
339,Mayville State,-31.053821152356008,574
71,Bridgewater (VA),-31.283419317505373,575
136,Concordia-Wisconsin,-31.31469490573238,576
210,Geneva,-31.998070436447502,577
36,Augsburg,-32.173867548149204,578
286,Kings College (PA),-32.21214197391134,579
60,Biddeford,-32.21359409395194,580
533,Southern Virginia,-32.26372965687955,581
322,MIT,-32.29124300798291,582
101,Central Methodist,-33.07271804733121,583
660,Western New England,-33.164578867647315,584
88,Capital,-33.29377163715747,585
315,Loras College,-33.50153892823304,586
451,Pacific (OR),-33.53903617498894,587
142,Curry College,-33.570078489939,588
274,Kalamazoo,-33.68323710583797,589
391,NEWBERG,-34.03188661768061,590
676,Wilmington (OH),-34.53849418984822,591
489,SUNY Maritime,-34.64287614887916,592
411,North Carolina Wesleyan,-34.860440413454626,593
10,Albright,-34.99659794754932,594
295,Lake Forest College,-35.00378227286083,595
438,Ohio Wesleyan,-35.07485140938127,596
113,Chicago,-35.365981940853594,597
9,Albion,-35.52336914776954,598
545,St. Olaf,-35.84321645242743,599
323,Macalester,-35.93383084037899,600
608,University of Rochester (NY),-35.98520265863102,601
1,Adams State,-36.06196425193727,602
361,Millikin,-36.21947024336882,603
480,Roanoke College,-36.37131820327922,604
693,Wooster,-36.44355914710525,605
394,Nebraska Wesleyan,-36.558119433372354,606
13,Alfred University,-37.17574190597766,607
674,William Paterson,-37.59694694625294,608
416,North Park,-38.28847716341173,609
277,Kean,-38.837531805095566,610
684,Wisconsin-Lutheran,-38.84761229582228,611
291,La Verne,-39.00328324215581,612
476,Rhodes College,-39.1537838127246,613
669,Widener,-39.461951996125194,614
311,Little Rock,-39.48135195021993,615
12,Alfred State,-39.842144888545036,616
221,Greensboro College,-40.01292567659119,617
546,St. Scholastica,-40.0195199219254,618
64,Bluffton,-40.125854531154374,619
544,St. Norbert,-40.347115056226514,620
255,Illinois College,-40.48515010049598,621
296,Lakeland,-40.79991856970392,622
77,Buena Vista,-41.377910700708625,623
653,West Virginia Wesleyan,-41.39613421495442,624
484,Rose-Hulman,-41.9925998342665,625
216,Gettysburg,-42.4545225572117,626
140,Crown College,-42.476386084422415,627
382,Moravian,-42.85905725978328,628
630,Warner University,-43.19932062471255,629
14,Allegheny,-43.217536413877,630
641,Waynesburg,-43.997865812230984,631
340,McDaniel College,-44.519772564627374,632
97,Catholic,-44.851949010957256,633
593,UMass Dartmouth,-44.88759210981074,634
251,Husson,-45.44301563069091,635
543,St. Lawrence,-46.382180057721015,636
22,Anna Maria College,-46.61519946015658,637
448,Otterbein,-46.68181311634595,638
445,Olivet College,-46.82999275410274,639
183,FDU-Florham,-47.17243473129604,640
460,Plymouth State,-47.344053299811364,641
427,Northwestern (MN),-47.38599108070825,642
225,Guilford College,-48.370249506217824,643
333,Martin Luther,-48.50242727279872,644
671,Willamette,-49.57231956353921,645
284,Kenyon,-49.908063997975326,646
349,Methodist,-50.15000590595373,647
200,Framingham State,-50.5491956170736,648
290,LYONCOLL,-50.57031803406903,649
40,Austin,-50.603720661650975,650
234,Hartwick,-51.13874184355916,651
72,Bridgewater State,-51.140012031810016,652
694,Worcester Polytechnic Institute,-51.264187042042124,653
222,Greenville,-51.782198181752406,654
479,Ripon,-52.363517977534514,655
468,Puget Sound,-52.37397674446137,656
337,Mass Maritime,-52.42024189242094,657
490,SUNY Morrisville,-52.732354205246274,658
95,Castleton,-52.87369857711956,659
495,Saint Vincent,-53.50347283624093,660
177,Elmhurst,-53.99791094074847,661
273,Juniata College,-54.15800805841089,662
513,Simpson University (Ca),-54.346606757655536,663
665,Westminster College (MO),-54.57446325228774,664
572,Thiel,-54.81642818763318,665
365,Minnesota Morris,-54.81788499973236,666
320,Luther,-55.946802913032236,667
472,Reading,-56.13011528832156,668
79,Buffalo State,-56.27262287545675,669
242,Hiram College,-56.530051242297375,670
19,Anderson (IN),-56.86714018331335,671
42,Averett,-57.454962216682205,672
81,CENTENARY,-57.47609703127978,673
134,Concordia University Chicago,-57.668918596612585,674
228,Hamline University,-58.35525436937779,675
327,Manchester,-58.45678076811112,676
441,Oklahoma Panhandle St,-58.62044866304437,677
695,Worcester St,-58.70561945588341,678
138,Cornell College (IA),-58.79508305539455,679
189,Fitchburg State,-59.298538152989856,680
663,Westfield State,-59.31552651739846,681
207,Gallaudet,-60.03017499645268,682
223,Grinnell,-60.059361940811364,683
24,Apprentice School,-60.17178015497994,684
405,Nichols College,-64.4406316107308,685
431,Norwich,-64.55451974426568,686
285,Keystone,-66.82328580703316,687
56,Bethany (WV),-67.05942199873576,688
433,Oberlin,-69.85575733729219,689
482,Rockford,-70.49584262389185,690
456,Phoenix,-72.99740259599996,691
240,Hilbert College,-73.67867487237673,692
182,Eureka College,-74.65517575310886,693
50,Beloit,-75.0257676130767,694
287,Knox College,-77.31310507646461,695
300,Lawrence University,-78.02960327214018,696
397,New England College,-79.68654206078006,697
148,Dean College,-83.3245732944207,698
326,Maine Maritime,-84.39796403198423,699
