team,halftime1.25,cap28
Abilene Christian,35.816151682594366,35.03872999959498
Adams State,-18.305477717350783,-16.101189893983307
Adrian,-41.17502161931782,-39.759159947287344
Air Force,40.85465766087394,41.559910742089926
Akron,31.035358329316495,30.406519563841897
Alabama,84.05117645328747,79.22857657958733
Alabama A&M,-1.8708684426502487,6.210423336369132
Alabama State,16.35975278981067,14.433255068513319
Albany State,-10.764003369718495,-11.253189381563821
Albion,-30.361058898293905,-30.215458031181328
Albright,-56.07789269591723,-55.171348414897665
Alcorn State,6.137066807945075,7.507831467588716
Alfred,-31.1244136704656,-30.494248515917945
Alfred State,-52.032178564165555,-49.91583356700854
Allegheny,-38.17434613486043,-31.934393752529587
Allen,-15.434958598131061,-14.94021755496749
Alma,-8.42882613557714,-9.485646780557289
Alvernia,-53.458937947654604,-50.03539169280269
American International,-20.216889991394183,-20.067392210620717
Amherst,-8.145572973259888,-7.67203640425376
Anderson (IN),-72.57858516798639,-69.70139835578242
Anderson (SC),-23.172444063647113,-28.54412745752783
Angelo State,17.353579841941624,17.672498131147634
Anna Maria College,-41.25194340378452,-41.09208744867806
App State,39.41425491205885,41.37876938300202
Apprentice School,-44.56030863907599,-42.036556025810434
Arizona,55.83260154012018,54.36575391094891
Arizona State,56.96628293187506,54.52104123759656
Arkansas,56.50316066469591,49.25870369226885
Arkansas Baptist,-41.91867274181067,-34.86988442746227
Arkansas Monticello,1.2851806293098065,5.353146330880762
Arkansas State,43.73587913580445,45.404183887784484
Arkansas Tech,11.410740915386015,11.818156158241393
Arkansas-Pine Bluff,2.0129490344720757,0.7606758014089756
Army,56.908569349052826,52.504294970288264
Ashland,-2.962979678448484,-1.8151306434044123
Assumption,-2.83119975483951,-3.5678576528431236
Auburn,54.49760649547132,48.8083656151197
Augsburg,-30.154693740014476,-30.414786043113182
Augustana (IL),-22.45444061177671,-24.962711970806446
Augustana (SD),26.892926357334066,26.17909708956273
Aurora,-10.883494202090173,-14.445019482116852
Austin,-68.65249356790414,-64.06403957768114
Austin Peay,29.527697083911274,30.94949703458073
Ave Maria University,-25.404884178759787,-24.57714004291911
Averett,-42.812036583752516,-42.542930401166075
BYU,68.73308302917428,68.14876960773908
Baldwin Wallace,-26.341754007538086,-25.656909851707958
Ball State,34.64522307016712,35.44154544998864
Barton,-16.95942793434767,-17.14265112827684
Bates,-18.7685022661893,-18.69092529314277
Baylor,56.01315595181295,55.03914114341801
Belhaven,-47.01864256373243,-44.43449159426919
Beloit,-76.75782562104361,-76.29937833721269
Bemidji State,22.21218404061955,21.355861794671334
Benedict,-10.342328341563334,-7.842910393310529
Benedictine (IL),-39.90809375523395,-38.331245317314924
Bentley,-2.2822780067611177,-2.16611478355766
Berry,-6.597355907158363,-8.893141271203174
Bethany (WV),-44.13788327417593,-33.3118061841302
Bethel (MN),-4.262059188564082,-10.091116824467578
Bethel University Tennessee,14.881147582463036,12.150268288731112
Bethune-Cookman,1.7245053840597002,3.194569173034079
Black Hills State,1.4251934328282605,2.0083096475641096
Bloomsburg,-4.969609835520956,-4.978173711230049
Bluefield State,-30.52627528941437,-29.88866658527285
Bluffton,-59.01191562766657,-57.07189184377329
Boise State,62.20346908934923,62.266830762013214
Boston College,60.95230347253615,55.322091012858124
Bowdoin,-4.1818067394937355,-3.7238545860720635
Bowie State,-3.3201751868064946,-3.13866441987809
Bowling Green,50.86854678055288,48.63846727250106
Brevard,-38.3599888884686,-37.6811475291892
Bridgewater,-25.080435745802728,-30.263996240915734
Bridgewater State,-55.07117246986123,-54.80662394859631
Brockport,-7.282644744248238,-8.062790346463116
Brown,23.98394405729848,24.180874135049265
Bryant,10.866237439870325,12.091436014182126
Bucknell,13.208746470500976,15.140894661093313
Buena Vista,-61.50532072662761,-59.942300154418255
Buffalo,44.745205917260506,43.65425005464128
Buffalo State,-40.33121601920541,-39.174136568951575
Butler,22.273481397771363,19.386778823400316
CSU Pueblo,31.623088881427915,30.656384937596066
Cal Lutheran,-49.22226060587906,-49.70989838298461
Cal Poly,13.487220851834016,13.653243356519702
California,57.69116994546784,56.27638656892675
California (PA),9.308761250770981,9.182650729090199
Calvin,-47.14796200984587,-46.46911024061574
Campbell,24.882416506913955,24.61511880676477
Capital,-56.70850996208891,-56.582783811820164
Carleton,-41.306133702175046,-41.787110653617745
Carnegie Mellon,13.869569990964067,5.254793770023888
Carroll (WI),-20.757317126030777,-20.71800497824249
Carson Newman,7.2541500961214,6.869866350347376
Carthage,-36.687621444952065,-30.16191473538696
Case Western Reserve,8.950903542310089,2.4706232806215276
Catawba,-15.879842010120033,-15.423136112010761
Catholic,-38.196947705941795,-38.34443323742589
Centenary (LA),-60.61212657007671,-54.48747983866534
Central Arkansas,43.460104864022,42.76897359403755
Central College,-12.94960241536441,-14.32475263428859
Central Connecticut,10.920593802769062,13.786611651521973
Central Michigan,34.2954002077739,31.177619065732053
Central Missouri,32.051746046839796,27.183564635813926
Central Oklahoma,33.28202924196921,31.76102898586862
Central State,-20.4069765219995,-17.999495800970287
Central Washington,20.058778238923153,19.424167286523417
Centre,-23.910041226628163,-23.88607452858006
Chadron State,2.9639848450385884,2.8080727050097067
Chapman,-21.901373682525037,-23.701393774900197
Charleston (WV),18.51643155715343,18.809139369760057
Charleston Southern,11.420730131103916,12.233877816577785
Charlotte,32.8797635933702,31.696196419833246
Chattanooga,28.53333149009268,32.25205461207601
Chicago,-49.254521877588495,-49.20811876610608
Chowan,-25.14937970871572,-25.120420672286556
Christopher Newport,-9.723016578253862,-14.311386395060966
Cincinnati,57.6256482602483,56.44318718370548
Claremont Mudd Scripps,-22.470656685575157,-28.487224860007416
Clarion,-14.533365210968437,-14.03104630860744
Clark Atlanta,-13.603379170170575,-13.0234695454321
Clemson,73.0960891418806,62.67994064133459
Coast Guard,-39.02186209311004,-37.9827744574011
Coastal Carolina,50.625797506669564,50.8910003186109
Coe,-18.09368934639865,-21.144335783945177
Colby,-5.667391155078143,-6.212036404253837
Colgate,20.34713049790667,21.38954880857677
College of Idaho,-15.072260738869556,-8.25633700427862
Colorado,52.2706766767595,54.020826218360725
Colorado Mesa,9.048587772802744,8.576334688374633
Colorado School of Mines,27.312937238320785,27.29070860717869
Colorado State,38.58193992659888,40.54562182595073
Columbia,28.481543446205343,28.14801925537713
Concord,-36.76652313379027,-35.95796465941603
Concordia (MN),-26.578426072171943,-27.289833711420698
Concordia (WI),-38.246965487098464,-38.06064030353589
Concordia Chicago,-73.29726079166458,-70.02237076172682
Concordia St. Paul,-14.89473250575807,-15.17775564829839
Concordia-Michigan,-6.442266743740007,-6.48722388450835
Cornell,13.643268048683808,13.901974884018438
Cornell (IA),-53.24737652385118,-53.67097909736579
Crown,-86.58175545469969,-81.32204760486066
Curry,-50.03976627131259,-45.83656691908242
Dakota State University,-28.701136467242,-28.725891414188837
Dartmouth,34.86461602495867,34.707898946500706
Davenport,11.314344992167305,10.266272187300888
Davidson,3.3223867813740178,3.6130101001017145
Dayton,4.237707849435111,5.053788940250723
DePauw,4.558074941591467,-3.429500194574967
Dean,-81.8597251749381,-79.90464572940802
Defiance College,-38.53364397264494,-38.63124000652576
Delaware,40.201556785869116,40.199307715751395
Delaware State,-2.2810510095821446,-0.8432768111770326
Delaware Valley,-17.386853482831697,-17.935403918349962
Delta State,17.038438105518296,17.057285987085503
Denison,-35.336980753601665,-32.78844178378856
Dickinson,-24.978334180880765,-25.30271622647459
Dickinson State University,-12.099251659503958,-11.80882670006048
Drake,13.47983602419433,13.791850271742724
Dubuque,-29.31667208089157,-30.766418680839095
Duke,61.25005822283063,59.44189036329361
Duquesne,15.391391311637868,18.38723371793661
East Carolina,41.34164076811734,41.303844723350224
East Central,-1.6551608303744523,-1.1575593211860173
East Stroudsburg,7.608855100519406,8.34998717109288
East Tennessee State,27.966447830059753,24.713559173892968
East Texas A&M,10.362545794395317,9.436684021698653
East Texas Baptist,-23.482057565224913,-26.536469745417136
Eastern,-45.82379840672701,-45.17642455616823
Eastern Illinois,21.749388408060337,23.531738295536286
Eastern Kentucky,25.405191574613923,28.286697530794655
Eastern Michigan,40.727731985994204,40.72206288489862
Eastern New Mexico,0.590790248961973,0.8591852231759489
Eastern Oregon,-38.857726768140296,-32.74851838538007
Eastern Washington,23.12641779489254,22.936893135865475
Edinboro,-7.370302197025646,-7.546960008353572
Edward Waters,-19.28183314438249,-18.32089487133397
Elgin,-58.993367068898735,-59.14429461290674
Elizabeth City State,-21.27510584531087,-20.869361979235336
Elmhurst,-68.44904553442913,-64.85646097933152
Elon,28.22609669942168,26.216845339028183
Emory & Henry,1.2342649762742326,1.5097657655672627
Emporia State,30.647257961735903,30.683263956305815
Endicott,-4.238319274970662,-9.093760372550324
Erskine,-32.84153092369569,-29.198687321818827
Eureka,-67.48830834247558,-65.78792410612083
FDU Florham,-24.024850054504185,-23.872430051407644
Fairmont State,-13.531111059525042,-13.351100366930613
Fayetteville State,-4.71676171469694,-5.026677018314192
Ferris State,28.448790151605728,19.84320617472077
Ferrum,-35.411284929852634,-35.0581325989914
Findlay,13.232203969269683,8.957855812587024
Fitchburg State,-74.35834376440293,-71.12253342380122
Florida,52.49630009116864,50.98221386421709
Florida A&M,25.94314148173004,25.328027373136432
Florida Atlantic,38.73045775336117,36.07908381464307
Florida International,32.87111158758444,31.179145182987952
Florida Memorial University,-10.774117478514494,-10.411210642025779
Florida State,56.923522562863994,54.61390946338193
Fordham,9.373175233740895,10.842917299339138
Fort Hays,25.868863255435187,27.32814341766303
Fort Lewis,-23.0922427402004,-23.196745543906076
Fort Valley State,-7.72862158548409,-6.753339427457055
Framingham State,-58.82534231907816,-59.98671190548434
Franklin,-51.879726474005736,-49.40167589245804
Franklin & Marshall,-12.994835190074385,-12.506700827412052
Franklin Pierce,-14.049894126586686,-13.987672987931365
Fresno State,57.65726832092832,55.273299729470395
Frostburg State,1.3321126364711944,1.8690996640394886
Furman,21.846644940875485,26.334101223437784
Gallaudet,-62.5834299499074,-60.91370498505505
Gannon,-14.259952959316161,-11.284749898678536
Gardner-Webb,31.73005745683461,30.57176188205068
Geneva,-22.471278116946447,-21.94384204654236
George Fox,-39.33159443553822,-39.76384023859226
Georgetown,10.407235111320485,11.215784268280627
Georgetown College Kentucky,-12.277813920040352,-4.259550289352987
Georgia,77.71962564906882,74.6233999206573
Georgia Southern,45.27144977106961,44.00710591305705
Georgia State,42.33266119512521,42.11950839137963
Georgia Tech,57.18798763775975,53.366740254404185
Gettysburg,-44.13528575411151,-39.03934847914483
Glenville State,-17.746855468270443,-16.888762640126863
Grambling,20.918648257970546,17.176565996071094
Grand Valley State,29.112764441493866,27.042529223772128
Greensboro,-56.063183253784366,-56.117027825079475
Greenville,-49.17964282784423,-42.66993361184434
Grinnell,-78.06924734775589,-77.22430767951656
Grove City,11.250871432413742,8.748341641915406
Guilford,-44.49199265023735,-44.667354644288
Gustavus Adolphus,-25.540283304535436,-27.013402425379667
Hamilton,-21.281280043967165,-19.648147515364982
Hamline,-46.71541219471945,-51.76269355956575
Hampden Sydney,-24.0358299157039,-23.99586942682627
Hampton,18.359201800032594,17.952328783847715
Hanover,-23.742192854173734,-21.89780104908214
Hardin Simmons,-7.577757324104818,-13.341056864271437
Harding,48.279860002511974,38.23834558175873
Hartwick,-70.65548524224914,-65.05855372578333
Harvard,38.21895755871643,37.0419038972723
Hawai'i,36.686090168117296,36.6707204946635
Heidelberg,-32.40383522942929,-34.61997311013759
Henderson State,28.292943925020914,28.38109311283045
Hendrix,-37.107904794524806,-39.80867401083182
Hilbert,-61.93097206310355,-56.722453113871666
Hillsdale,-7.915168955144914,-7.441121654930157
Hiram,-53.89544094548508,-53.32260675928542
Hobart,-15.590338124597906,-15.588122420172498
Holy Cross,32.78222071911284,32.907794852463475
Hope,-8.66679176570339,-14.685166841743621
Houston,47.998748833017295,45.99424455364003
Houston Christian,16.358180229598027,17.85861808910804
Howard,8.562886440320185,8.891354420269309
Howard Payne,-36.363122719933315,-41.49665127991458
Huntingdon,-29.425747500055774,-31.18161750731941
Husson,-35.03835120531345,-30.534974849534404
IU Pennsylvania,5.967291985885076,6.086874106790823
Idaho,52.86159678846411,52.533288954362874
Idaho State,26.931100622216153,27.866593721158107
Illinois,60.664403719435526,56.92786890989713
Illinois College,-30.170361302842124,-29.770663061237066
Illinois State,35.8152299216664,37.586136332249694
Illinois Wesleyan,-34.89576671926024,-38.51913138187057
Incarnate Word,35.04013198933974,34.5468340670529
Indiana,60.96415021739238,57.3295821685725
Indiana State,14.648377456779766,16.20406294845392
Indiana Wesleyan,1.8549929411218837,1.998867246295517
Indianapolis,16.79117431534376,17.973484827580457
Iowa,65.97982624421387,65.65364988523082
Iowa State,70.83426882513012,67.9940533842603
Ithaca,-7.5387309410197805,-9.30752839479894
Jackson State,20.16328889412209,15.617541244067866
Jacksonville State,41.66879724508862,40.526023820782775
James Madison,62.6963606294652,58.53863760273633
Jamestown,-14.595632232515822,-14.8736309780255
John Carroll,-14.815257132571933,-13.71879974656139
Johns Hopkins,-2.483341093783583,-4.238062241675088
Johnson C. Smith,-6.4893324327738995,-5.57944459722108
Juniata,-64.11251235445651,-61.67425864566551
Kalamazoo,-46.685926375799326,-45.14652525895544
Kansas,59.6002729320174,54.73269357721972
Kansas State,66.41405823187034,65.71370410617746
Kean,-39.40883096999019,-40.02613815901055
Keiser (Fl),10.79735504624643,8.066827994817817
Keiser University,-13.99891493210899,-13.70893221393519
Kennesaw State,23.433010683657326,22.667073541156313
Kent State,20.248411120106145,24.61464102710576
Kentucky,59.89920955890702,58.6967355672879
Kentucky Christian,-36.814732500054504,-33.66978872770663
Kentucky State,-35.57557736698067,-31.508087305816936
Kentucky Wesleyan,-24.083065332657906,-23.23735191498844
Kenyon,-60.94885826839999,-59.62547180528591
Keystone,-46.9953380286945,-47.46759939920773
King's,-23.669237167580246,-23.16943763457609
Knox,-66.68216674782482,-66.20827567112907
Kutztown,19.786423578006747,17.008021245215073
LSU,64.92648086875259,63.64186785622235
La Verne,-71.69546349788217,-70.40460466851559
LaGrange,-61.143636218524016,-60.77557151293414
Lafayette,27.93846419830718,26.738865052789862
Lake Erie,-29.132770174081642,-25.463686884004197
Lake Forest,-30.528783794032876,-30.38562280759045
Lakeland,-59.95861814446646,-53.27171230704969
Lamar,24.587103593681622,26.682144056591756
Lane College,-27.216531943409308,-17.811644626417042
Langston,-25.17769385428423,1.247974379487852
Lawrence,-78.96673827694877,-77.89273962012318
Lebanon Valley,-23.235107123853815,-22.745435010596275
Lehigh,31.97217815922709,27.83359241450068
Lenoir Rhyne,20.35379067043214,20.743872035048945
Lewis & Clark,-41.6435326080093,-41.751704672709046
Liberty,52.43057866361074,52.71788470490297
Limestone,5.623859196654607,0.7936179869401059
Lincoln (CA),-46.21809288034199,-39.32944435921411
Lincoln (MO),-31.832773615557354,-29.796709309064425
Lincoln (PA),-35.238183414586636,-32.955996509086106
Lindenwood,20.976932169683504,18.679996778130096
Linfield,-10.893648542520122,-14.369064209957664
Livingstone,-16.7018969601283,-14.972248427358494
Lock Haven,-1.509607974201657,-2.2809769429057454
Long Island University,19.088724215660804,19.805333074024567
Loras,-52.22974597997242,-47.441130613849985
Louisiana,49.53630192995213,46.232408140809454
Louisiana Christian,-14.336046678866111,-11.777108264592671
Louisiana Tech,33.682241653362105,33.14265725842108
Louisville,71.20741553748066,66.2621038698261
Luther,-65.69205055869672,-59.89271764819647
Lycoming,-29.6529545738976,-27.649017044645305
Lyon,-66.17010138941397,-62.59795701331902
MIT,-34.820106185862976,-34.205732232345255
Macalester,-56.05116765413227,-56.86127295661064
Madonna University (Mich.),-62.30239593372303,-61.8965358854966
Maine,14.355006162926465,18.573357254867894
Maine Maritime,-100.07708278462174,-86.72695754638484
Manchester,-76.91589085237676,-75.82770149337921
Marietta,-11.992856532801662,-14.377936831848512
Marist,-9.048016850763123,-7.248298387509184
Mars Hill,2.192340347522654,2.2866934328699546
Marshall,44.04084491422579,42.968490530606076
Martin Luther,-57.22882961942693,-58.73341207974539
Mary Hardin Baylor,1.8936482975793982,-0.7935961242302056
Maryland,66.29667520158328,62.75441214229907
Maryville (TN),-28.895855944276633,-30.59963331049242
Mass Maritime,-56.93178884328827,-57.0598498188376
Massachusetts,24.952750449417803,25.273635382241807
Mayville State,-53.00124688297098,-53.02600182991786
McDaniel,-46.35736006468041,-46.88558927716292
McKendree,-5.334499255995073,-4.995233503806354
McMurry,-28.987912707347764,-29.051949336641492
McNeese,22.930714126485313,24.675327979536824
Memphis,57.59366524105049,55.7051893065277
Mercer,33.14365729780908,33.247761725523326
Merchant Marine,-22.132756210290186,-23.32026968654728
Mercyhurst,-8.736417394475986,-7.278771960941585
Merrimack,12.090105592424685,17.318459554786063
Methodist,-53.11602092146052,-53.37934089428734
Miami,69.1660849178937,66.31755588586537
Miami (OH),46.055238341198674,44.549706799021436
Michigan,70.98361059020026,71.23750179609404
Michigan State,51.572846983699066,48.86043074062591
Michigan Tech,12.52340549248985,12.036081021380134
Middle Tennessee,33.5658100929844,34.866162530406456
Middlebury,7.954556896869844,10.139781777564343
Midwestern State,14.67730570064419,15.335315233833057
Miles,-2.1064268233584986,-4.012512934090008
Millersville,-22.60756266011192,-22.37319839583884
Millikin,-61.00230619244939,-59.31634807375674
Millsaps,-52.109740392981315,-52.815446764398146
Minnesota,54.60250861534512,54.94634302105109
Minnesota Duluth,15.317300400287817,15.108439529717288
Minnesota Morris,-56.657985070237345,-58.146680830027904
Minnesota St Moorhead,5.801425124523128,5.6435465737145805
Minnesota State,33.42617256279485,29.986986927583835
Minot State,0.7537677308435704,1.192286380015064
Misericordia,-41.04072782297907,-41.01689818319021
Mississippi College,-23.818497715584286,-23.58321755598773
Mississippi State,42.8227727544508,42.671436805440784
Mississippi Valley State,-13.378374824926055,-4.622048776736612
Missouri,68.68866578031853,64.34080225129298
Missouri S&T,-4.8872336679335735,-5.767846890791551
Missouri Southern State,5.1046424084669155,7.26667352422885
Missouri State,35.852411702415,34.893858486388055
Missouri Western,16.615245864418036,18.29140329921674
Monmouth,28.011537651194665,28.20156361844075
Monmouth (IL),-32.75022837383115,-32.916324597745984
Montana,46.010476844251805,41.966947950415516
Montana State,44.81848120880081,39.900732037147904
Montana Western,-17.782550537449886,-17.830657985270705
Montclair State,-34.3268573876219,-32.86344826997704
Moravian,-30.038853323564613,-30.085002520094452
Morehead State,-3.7532244502286574,0.7358394512859405
Morehouse,-28.931179544374142,-27.808512983143743
Morgan State,19.032970253250376,15.954592265016203
Mount St Joseph,-15.883112931810587,-17.787742697199043
Mount Union,0.8103894200779429,1.2114310758470577
Muhlenberg,-8.654426695959796,-8.969283493363424
Murray State,19.88895294895501,23.21056222691388
Muskingum,-25.466572409448577,-27.683116620471804
NC State,46.35416448140111,46.88640950809368
Navy,51.91427153230587,52.335256624569226
Nebraska,61.00792164825983,57.502108868109104
Nebraska Kearney,18.70929333973175,18.399423427479903
Nebraska Wesleyan,-46.31466748243564,-46.34352924085762
Nelson (TX),-52.08090721257185,-53.625929361114814
Nevada,43.37542431798125,42.53913840645065
New England,-45.49994719221037,-43.82753110842977
New Hampshire,36.777497218566154,36.218593600703116
New Haven,4.08323894496157,4.207143521100729
New Mexico,33.66363954020175,31.042881331162842
New Mexico Highlands,-19.502485950987374,-19.537329505141564
New Mexico State,36.99231677643989,38.59965729761609
Newberry,2.7570781425000455,0.07988260119867796
Nicholls,29.2505347361735,25.2037065162205
Nichols,-50.0917348496036,-47.17538774126379
Norfolk State,10.957607591511561,11.947027188534385
North Alabama,18.081602403202318,20.191638682580383
North American,-31.180331653355097,-25.750229430155972
North Carolina,49.38993689667915,52.27292284411622
North Carolina A&T,5.082067337272397,5.953079210615282
North Carolina Central,22.357768726207954,21.779142820991368
North Carolina Wesleyan,-51.428849551400546,-50.444454702790836
North Central College,17.858451791809024,15.093258677151523
North Dakota,48.94460238737311,45.08588284702987
North Dakota State,51.10355860453744,46.33764483548507
North Greenville,-12.387231936913015,-11.360387015773565
North Park,-33.20990149052844,-34.85330094151875
North Texas,44.938646295296564,47.2638301470529
Northeastern State,-9.193443945695993,-3.958462447808742
Northern Arizona,28.646739950536393,25.15608985290524
Northern Colorado,11.331377767983753,12.962411938657233
Northern Illinois,51.04089805217171,48.52676877844429
Northern Iowa,23.907279576954146,24.083758103215274
Northern Michigan,-25.54473942243502,-25.946740062057692
Northern State,-6.226569300381245,-2.469474474061828
Northwest Missouri State,25.912938515626692,26.356840091797956
Northwestern,52.193304262979524,51.77495601383101
Northwestern (MN),-53.10874541467921,-48.31778910297314
Northwestern (OK),-14.082933280832343,-12.552915869503316
Northwestern State,0.15989653939065818,7.0212441471397185
Northwood,-0.8584306403290469,0.13997818129574569
Norwich,-53.23283628754303,-51.494410201362655
Notre Dame,73.47749595176367,68.08472845396375
Oberlin,-86.11452988783391,-79.13966121276601
Ohio,41.43087423610854,39.91699357994984
Ohio Dominican,-13.952782072133648,-13.952642492785632
Ohio Northern,-17.446955317574517,-20.216944873524763
Ohio State,74.39641656296786,71.09288353246839
Ohio Wesleyan,-34.33234775439387,-38.92875251148534
Oklahoma,70.01991234412401,65.26322528196607
Oklahoma Baptist,5.3687915421396895,3.559359412184378
Oklahoma Panhandle,-41.93128082558511,-41.210169866270434
Oklahoma State,68.6355729599677,65.51119094870411
Old Dominion,40.50345179563068,40.21432596482212
Ole Miss,74.34089807335862,68.6587153407066
Olivet,-40.288274470469105,-39.05305068469682
Oregon,78.29532438656163,78.42579882453408
Oregon State,59.140597308493064,60.11014312185051
Otterbein,-54.36319203656704,-52.21509225633852
Ouachita Baptist,26.737941045545412,26.000402159960423
Pace,-24.12451948156543,-23.62322090698121
Pacific (OR),-33.68482102501547,-34.225594565751805
Pacific Lutheran,-44.824676153932444,-45.22622212757442
Penn State,69.7523583637132,68.39496250582837
Pennsylvania,31.08412135740118,31.06756543988141
Phoenix,-13.049400913915498,-13.096415390376341
Pittsburg State,34.23681039224691,32.86897476332261
Pittsburgh,57.75280306400114,56.44033082637877
Plymouth State,-58.20182514320511,-57.653739356175194
Point University,-30.152326093095574,-29.960863482272682
Pomona Pitzer,-42.26101704076305,-42.557442763717276
Portland State,28.32764726431051,29.832789601905226
Post,-31.723717886332878,-30.26018616087952
Prairie View A&M,3.966804385257305,6.7144825689823335
Presbyterian,-1.1561488992138749,-1.9962891354593255
Princeton,25.853394932022,24.743534658383883
Puget Sound,-65.70179191341347,-65.54880210833308
Purdue,40.239868160098254,44.7414130803836
Quincy,3.327004479916871,2.9272973081679776
Randolph Macon,-1.8571242576676212,-2.4550523669455036
Redlands,-44.706366222032834,-45.228717687263206
Reinhardt,-23.20557300013221,-23.64318825603346
Rensselaer,-7.913903719096339,-12.625822306481146
Rhode Island,31.93174172342695,32.082032929667655
Rhodes,-34.59765939506149,-37.29093950077626
Rice,34.797134795049,32.96942632304196
Richmond,25.700771644672315,25.97673442606558
Ripon,-54.5507659410343,-54.70640430734609
Robert Morris,8.362860984325682,9.70753177630187
Rochester (NY),-17.68310983483182,-18.347320858558035
Rockford,-61.51137400530603,-60.69446718646516
Roosevelt,-19.142322814550788,-18.760747911157253
Rose Hulman,-39.74356139458137,-35.52019039789556
Rowan,-28.046003823825828,-30.03106584163911
Rutgers,54.5045532283903,54.293302518884325
SE Louisiana,20.450755779672026,19.714133027699944
SMU,64.85676981961126,61.42244896134527
SUNY Cortland,12.303613338103649,1.3863334279683777
SUNY Maritime,-37.85210813318205,-38.1024121609767
SUNY Morrisville,-35.22595364179873,-35.44537604076761
Sacramento State,41.53636048363811,40.026177775535615
Sacred Heart,3.835804456195266,6.314281049431486
Saginaw Valley State,14.15483511425844,14.14747280408303
Saint Anselm,-6.963586646937067,-6.420538800024065
Saint Francis,9.848372265359071,11.280742640066514
Saint Francis (IN),-7.49336706889865,-7.644294612906652
Saint John's (MN),7.7576520542331195,1.916150162495855
Saint Vincent,-26.199298347847908,-22.105068661345676
Salisbury,5.248322027987438,3.7841345051201216
Salve Regina,-26.817663056023292,-26.085456659183535
Sam Houston,47.354689181473674,46.93923528448093
Samford,20.473248720097224,19.770018931576782
San Diego,22.542655592534068,21.642211054447955
San Diego State,38.54631220274078,38.23705246643816
San José State,56.04848342436283,55.191255176853986
Savannah State,-25.134447706660275,-23.401539504106132
Seton Hill,-16.887722454241846,-16.87404740237303
Sewanee,-49.81312895307566,-50.21236859564443
Shaw,-14.667339611124438,-15.52084646844394
Shenandoah,-27.114785913107838,-27.915169298544214
Shepherd,8.376989167953706,8.492405770872587
Shippensburg,-19.77067395390276,-19.636779849766683
Shorter,-15.49138051209189,-14.877470042010602
Simpson (CA),-81.03439925018604,-75.73927673395525
Simpson (IA),-52.65802106790793,-49.56364084248375
Sioux Falls,11.546753911049146,10.944708210775197
Slippery Rock,18.58247424398068,18.6492499099045
South Alabama,48.49557569219783,45.77649336698741
South Carolina,61.5134515700601,60.88486375917974
South Carolina State,15.182273437586693,14.582043031451708
South Dakota,38.186349951733085,37.169366359968365
South Dakota Mines,6.806885316647062,6.374659540082369
South Dakota State,54.57896161848271,53.64543377752324
South Florida,46.393996491964145,43.737982668379075
Southeast Missouri State,38.53971820038092,39.23432557695533
Southeastern Oklahoma State,12.313617849413482,11.877997229049534
Southern,7.723467961244754,8.0177330890171
Southern Arkansas,18.967466063727557,18.801181000772573
Southern Connecticut State,-13.417710514463575,-13.349187665495005
Southern Illinois,39.41155689994541,39.58368015823181
Southern Miss,28.7307238641238,27.670723490591214
Southern Nazarene,-4.4627584051943,-0.8353820836622567
Southern Oregon,-29.63696736122317,-30.273866814032154
Southern Utah,27.48957406515612,30.121816793477507
Southern Virginia,-73.01650347505519,-64.48550389196883
Southwest Baptist,-10.66215403195004,-11.437950015551968
Southwest Minnesota State,-17.326037678842894,-17.495896558097613
Southwestern Oklahoma State,-7.7060709753925565,-5.316003522361974
Southwestern U,-40.73384745761765,-41.33041208585263
Springfield,0.3400208630733417,-4.3991172491581825
St. Andrews,-63.45110259030778,-56.86875582827075
St. John Fisher,-39.09372555889053,-38.22347794038272
St. Lawrence,-39.083770040049046,-35.77511994096554
St. Norbert,-54.70018184555168,-49.85035528381735
St. Olaf,-30.10280984796178,-29.639625074775182
St. Scholastica,-62.831506250603944,-61.23754355846354
St. Thomas (MN),0.7873690434227996,4.763606293634922
Stanford,48.53478620186918,47.688034429349074
Stephen F. Austin,30.735880208683284,23.35572391626929
Stetson,-4.311452595621773,-1.7044133084710662
Stevenson,-35.59760025558987,-34.4568591726146
Stonehill,9.670051842726142,7.6680554626243875
Stony Brook,21.578326752810305,20.83179221570088
Sul Ross State,-35.185111172545255,-34.56906690561571
Susquehanna,1.7135942219461953,-2.053897065609405
Syracuse,52.22812043505735,50.96439872942742
TCU,56.91282893510259,54.03377565073133
Tarleton State,31.0773648417859,33.13439405494905
Temple,33.286067147459605,35.30344624976949
Tennessee,78.03567360922642,68.22939220675181
Tennessee State,16.914086484165182,16.84731944067668
Tennessee Tech,27.288574041061988,27.269699863887745
Texas,81.62476999778445,78.01590028109808
Texas A&M,65.0271806551243,60.39952436428719
Texas A&M-Kingsville,11.7519329291332,11.242663042633822
Texas Lutheran,-32.22181348927473,-30.16283328241925
Texas Southern,9.116659858728212,13.889551082108312
Texas State,54.77966704874329,52.34337140088814
Texas Tech,64.27309443684979,58.412016331354366
The Citadel,10.050443755755438,9.19124023826934
The College of New Jersey,-18.903976569936326,-18.737770652318467
Thiel,-36.86337739171953,-30.91065875986334
Thomas More,-6.411093999179343,-6.368026190443938
Tiffin,8.874568741636924,10.472292475023245
Toledo,52.47407170872212,52.56166401716324
Towson,28.223298640516745,28.67239713172969
Trine,-31.39484385434553,-31.060999370515542
Trinity (CT),17.040538137851136,16.891852484635052
Trinity (TX),-16.289871414201222,-18.26234579893203
Troy,47.852461592491956,47.17185360936371
Truman State,2.0893879356522262,1.384471326505917
Tufts,8.618842611155603,8.089781777564298
Tulane,54.89402262947516,53.11776843009507
Tulsa,35.757643110240195,36.818601072019675
Tusculum,-15.4812166381699,-14.926480381004518
Tuskegee,-23.65431390962337,-18.575138714077287
UAB,33.541242910068746,31.269695558639544
UAlbany,31.323027476483674,31.533399372925718
UC Davis,33.21005254305039,33.69891414642413
UCF,66.54296819171758,64.74811027172412
UCLA,48.02776378280522,46.96032289779542
UConn,51.08583803479053,45.610280042404234
UL Monroe,44.4521552882541,42.887715469681225
UMass Dartmouth,-19.081527187201416,-28.821957614757338
UNC Pembroke,-0.3470227391061762,-0.39159895749761375
UNLV,62.16582779963253,57.3327967876117
USC,69.85882498074025,68.59986117483206
UT Martin,33.89822374062036,34.05598506853441
UT Permian Basin,18.63205783961657,16.453674809554165
UTEP,29.43234420786702,29.80239872166118
UTSA,41.12068620939408,42.102719320585166
UVA Wise,-18.87682115490439,-16.34017896539315
Union,-21.415674813946588,-22.501113132042654
University of Mary,-4.252561001935177,-4.598704121078185
Upper Iowa,-2.1078700827911874,-2.9508726715495257
Ursinus,-12.549053264563334,-14.771619428678623
Utah,66.85166786811627,63.87671172072102
Utah State,35.086173935227265,36.03218727883758
Utah Tech,12.760455403434673,15.249714705853805
Utica,-16.879137227371405,-16.701442732240473
VMI,3.9136024856336675,7.376841940803491
Valdosta State,19.5997381347814,15.829011440141109
Valley City State,-19.098517879181514,-18.642386993769115
Valparaiso,-2.7762484863880346,-2.168553325612521
Vanderbilt,48.16745042171554,46.44652837736231
Vermont State Castleton,-56.26625300143105,-56.182637281944864
Villanova,40.19815217555065,42.53706477399822
Virginia,52.644713254365215,51.85344612826122
Virginia Lynchburg,-41.14201318095066,-32.00931887216105
Virginia State,3.302090626248855,4.075372981035015
Virginia Tech,55.16201901559059,54.551932891179966
Virginia Union,-0.8483739534967532,-1.1168668352436564
WPI,-43.48992510864822,-38.60014054565975
Wabash,-18.97073600619784,-20.704801081868624
Wagner,-0.12233810666638512,5.138468346333195
Wake Forest,44.38282789298085,43.17328333762866
Walsh,-9.792745148048983,-10.454554816785588
Warner,-34.01223252228785,-33.240039014958704
Wartburg,-6.854156305805553,-8.649266295193016
Washburn,14.399628293733741,14.101812395583934
Washington,70.45409268797175,69.90454881166728
Washington & Jefferson,11.64028112106333,4.087579901489805
Washington St. Louis,-4.591213591226936,-5.27646262279637
Washington State,70.94472208890048,67.69839009714397
Washington and Lee,-20.954969533053976,-19.901510654124625
Wayland Baptist,-56.08243457855199,-55.93635484911114
Wayne State (MI),-13.11784097274035,-7.243849572206329
Wayne State (NE),22.96320329091749,22.113702380809706
Waynesburg,-24.188537957828025,-25.649916977730495
Webber International,-33.53442400848516,-31.889538547127103
Weber State,37.91929493838814,38.659271023661354
Wesleyan (CT),21.53247897479204,19.27614541392808
West Alabama,11.44606820890754,10.302753741896037
West Chester,-9.359877265240907,-9.375988670169933
West Florida,16.81368649897287,16.617325526206344
West Georgia,13.529144192046878,13.782524003381255
West Liberty,-28.901532107545254,-27.334054216346935
West Texas,-0.518372054471314,-0.032127721132379605
West Virginia,57.80828593758832,56.49115425134569
West Virginia State,-11.02737180487178,-12.116254636792757
West Virginia Wesleyan,-39.84408639312607,-37.35585070671053
Western Carolina,29.045625732846283,27.97654373454927
Western Colorado,21.079721688809975,21.814169993379323
Western Connecticut State,-33.22840321757327,-33.5652645126998
Western Illinois,9.481961529239555,15.303596789956199
Western Kentucky,50.93897539628857,55.59745976554876
Western Michigan,32.46150924062451,35.43419845254067
Western New England,-13.432087696618524,-13.60342245280637
Western New Mexico,-12.50127166673829,-12.418784144170147
Western Oregon,-4.837346100940074,-2.2703237327111587
Westfield State,-55.881776630904966,-55.87848365430321
Westminster (MO),-71.93498222529783,-71.77969647005366
Westminster (PA),-9.652661914738786,-8.402758364014531
Wheaton (IL),-3.218633072290608,-4.234377454275858
Wheeling,-9.902196696004841,-9.208537602952156
Whitworth,-6.142807769210863,-12.329990974103008
Widener,-36.26934950815446,-33.93932042497811
Wilkes,-20.001301910636037,-21.12685512022108
Willamette,-73.6253650935053,-69.38207425864287
William & Mary,31.67618895342228,33.143583930146505
William Jewell,-11.845735780678044,-12.800280195362475
William Paterson,-42.61983712763981,-42.791596247976926
William Woods,-53.89470532155157,-53.79275107643443
Williams,2.083315915628868,0.37907470685724487
Wilmington (OH),-58.87951553262439,-56.0247097105318
Wingate,12.032708801679743,11.922048096465886
Winona State,3.4278600830321224,3.1739622613017353
Winston-Salem State,-5.0671057850508765,-5.0464949618954
Wisconsin,53.788722638320586,53.145238658482654
Wisconsin Eau Claire,-26.0408112596644,-28.26018414031036
Wisconsin La Crosse,9.261983807335223,7.616843597237535
Wisconsin Lutheran,-42.64641850518517,-41.90556494774748
Wisconsin Oshkosh,-5.7202547636847,-6.709713247077282
Wisconsin Platteville,-0.9498715546350276,-6.933861413259301
Wisconsin River Falls,5.7134926055663655,-0.27955643902244987
Wisconsin Stevens Point,-42.299826311087024,-41.60729164104791
Wisconsin Stout,-18.49891104228351,-17.47058145402465
Wisconsin Whitewater,1.022188873635164,1.9472492734636297
Wittenberg,-39.238830179190764,-38.92217591098175
Wofford,23.454843044780645,23.561787887034196
Wooster,-37.14190760488099,-39.690856563734044
Worcester State,-61.161509556614504,-59.29525173302541
Wyoming,38.134807167653314,38.97575313837954
Yale,37.57187670642904,37.588398287377316
Youngstown State,26.50290688981358,29.50979050162318
