bucket,season,games,wins,losses,pushes,passes,winRate,profit,risked,ROI,winRateWilson95,underdogPicks,favoritePicks,pAboveBreakevenIID,pBonferroniSixBuckets
0-<5,all,638,304,308,0,26,0.49673202614379086,-3480,67320,-0.05169340463458111,"[0.4572635673521386, 0.5362412544770708]",288,324,0.9164064343517409,1
0-<5,2023,202,97,96,0,9,0.5025906735751295,-860,21230,-0.04050871408384362,"[0.4326920965203893, 0.5723881340671666]",99,94,0.7462638072753994,1
0-<5,2024,234,111,112,0,11,0.4977578475336323,-1220,24530,-0.049735018344883815,"[0.4327300454086318, 0.562861589360432]",99,124,0.8012813212023946,1
0-<5,2025,202,96,100,0,6,0.4897959183673469,-1400,21560,-0.06493506493506493,"[0.420683553895813, 0.5593005794086331]",90,106,0.8473035802482958,1
5-<10,all,501,248,237,0,16,0.511340206185567,-1270,53350,-0.02380506091846298,"[0.466938900104275, 0.555563282968611]",188,297,0.7243120542854923,1
5-<10,2023,151,66,84,0,1,0.44,-2640,16500,-0.16,"[0.3630449619604442, 0.5199514673637248]",64,86,0.9836840914530998,1
5-<10,2024,174,78,86,0,10,0.47560975609756095,-1660,18040,-0.09201773835920177,"[0.4006130222930948, 0.5517229496639503]",67,97,0.9055224186217257,1
5-<10,2025,176,104,67,0,5,0.6081871345029239,3030,18810,0.16108452950558214,"[0.5334135641821031, 0.6782067245615683]",57,114,0.01614356051513747,0.09686136309082481
10-<15,all,308,156,145,0,7,0.5182724252491694,-350,33110,-0.010570824524312896,"[0.46195099010905105, 0.5741333405543516]",90,211,0.5990340026832017,1
10-<15,2023,93,45,47,0,1,0.4891304347826087,-670,10120,-0.06620553359683795,"[0.3894871251765796, 0.5896450789383253]",31,61,0.779581043366475,1
10-<15,2024,106,54,46,0,6,0.54,340,11000,0.03090909090909091,"[0.4426486032336849, 0.6343919169097565]",32,68,0.4120142851373846,1
10-<15,2025,109,57,52,0,0,0.5229357798165137,-20,11990,-0.0016680567139282735,"[0.4299950906023581, 0.6143148647301501]",27,82,0.5460062858576857,1
15-<20,all,167,78,83,0,6,0.484472049689441,-1330,17710,-0.07509881422924901,"[0.4085416975826897, 0.5611261272729571]",52,109,0.8595264054876355,1
15-<20,2023,52,24,26,0,2,0.48,-460,5500,-0.08363636363636363,"[0.3479713528657838, 0.6148825510995504]",15,35,0.7770417996959226,1
15-<20,2024,61,28,31,0,2,0.4745762711864407,-610,6490,-0.09399075500770417,"[0.35265876715068867, 0.599602048299826]",22,37,0.812646388854822,1
15-<20,2025,54,26,26,0,2,0.5,-260,5720,-0.045454545454545456,"[0.3688586295978088, 0.6311413704021912]",15,37,0.6857017781495592,1
20-<25,all,119,60,55,0,4,0.5217391304347826,-50,12650,-0.003952569169960474,"[0.4312239832374948, 0.610848876264709]",32,83,0.5553428259425552,1
20-<25,2023,40,22,17,0,1,0.5641025641025641,330,4290,0.07692307692307693,"[0.4097569164866989, 0.7069524612431003]",9,30,0.3667136158655315,1
20-<25,2024,42,18,23,0,1,0.43902439024390244,-730,4510,-0.16186252771618626,"[0.2989013173655071, 0.5895947277789353]",12,29,0.8931268824288192,1
20-<25,2025,37,20,15,0,2,0.5714285714285714,350,3850,0.09090909090909091,"[0.40857411143975336, 0.7201543182281895]",11,24,0.34763442186304044,1
25+,all,125,65,56,0,4,0.5371900826446281,340,13310,0.025544703230653644,"[0.4485732934119249, 0.6235181422779321]",33,88,0.41989285962841066,1
25+,2023,31,16,15,0,0,0.5161290322580645,-50,3410,-0.01466275659824047,"[0.34840395448029216, 0.6802974843758229]",9,22,0.605431014393159,1
25+,2024,44,25,17,0,2,0.5952380952380952,630,4620,0.13636363636363635,"[0.44494312750039755, 0.7295713885251834]",12,30,0.22043969409386183,1
25+,2025,50,24,24,0,2,0.5,-240,5280,-0.045454545454545456,"[0.36389330502679734, 0.6361066949732026]",12,36,0.6829363454530017,1
