bucket,pickSide,games,wins,losses,pushes,passes,winRate,profit,risked,ROI,winRateWilson95
0-<5,underdog,288,146,142,0,0,0.5069444444444444,-1020,31680,-0.032196969696969696,"[0.4494938127364948, 0.5642122591018369]"
0-<5,favorite,324,158,166,0,0,0.4876543209876543,-2460,35640,-0.06902356902356903,"[0.43369175274759747, 0.5419062084474952]"
5-<10,underdog,188,89,99,0,0,0.4734042553191489,-1990,20680,-0.09622823984526112,"[0.4032816421035881, 0.5445919819739552]"
5-<10,favorite,297,159,138,0,0,0.5353535353535354,720,32670,0.02203856749311295,"[0.47854160459439327, 0.5912626041816196]"
10-<15,underdog,90,49,41,0,0,0.5444444444444444,390,9900,0.03939393939393939,"[0.4418463356920848, 0.6434038309244196]"
10-<15,favorite,211,107,104,0,0,0.5071090047393365,-740,23210,-0.03188280913399397,"[0.4401296573652964, 0.5738341279137069]"
15-<20,underdog,52,28,24,0,0,0.5384615384615384,160,5720,0.027972027972027972,"[0.4050361132695821, 0.6665952531824284]"
15-<20,favorite,109,50,59,0,0,0.45871559633027525,-1490,11990,-0.12427022518765637,"[0.36817162041888474, 0.5520704599826008]"
20-<25,underdog,32,15,17,0,0,0.46875,-370,3520,-0.10511363636363637,"[0.30869387108069224, 0.6355048288102494]"
20-<25,favorite,83,45,38,0,0,0.5421686746987951,320,9130,0.03504928806133625,"[0.4355004304533138, 0.6451062301792909]"
25+,underdog,33,19,14,0,0,0.5757575757575758,360,3630,0.09917355371900827,"[0.4080726333731288, 0.7276440336658945]"
25+,favorite,88,46,42,0,0,0.5227272727272727,-20,9680,-0.002066115702479339,"[0.4196195949438758, 0.6239337202077201]"
