id,team,rating
2000,Abilene Christian,38.88760324521239
2001,Adams State,-34.62062781041275
2003,Adrian,-7.864519006352651
2005,Air Force,43.261375126408936
2006,Akron,34.0345152122008
333,Alabama,74.52273415532608
2010,Alabama A&M,3.5843070273376725
2011,Alabama State,29.376164910878117
2013,Albany State GA,13.366433788578036
2790,Albion,-39.96086430114141
2015,Albright,-42.650182915027955
2016,Alcorn State,9.891649915001736
3162,Alfred State,-46.65077457371832
365,Alfred University,-48.12217489964372
2018,Allegheny,-53.55862895919407
2019,Allen,-8.176540036683065
2800,Alma,-2.693783466155807
2022,American International,-16.3682008608169
7,Amherst,6.425000000000622
2023,Anderson (IN),-64.19541764643238
129469,Anderson (Sc),2.7870976417650155
2025,Angelo State,6.505677481892381
15,Anna Maria College,-48.96694098524911
2026,App State,39.23096807477421
3111,Apprentice School,-69.10862236974913
12,Arizona,69.45552098364881
9,Arizona State,62.4100911999052
8,Arkansas,55.556388940906075
2032,Arkansas State,40.89261011352512
2033,Arkansas Tech,13.40924450502412
2028,Arkansas-Monticello,-9.545300949521074
2029,Arkansas-Pine Bluff,2.3199437570138812
349,Army,49.44069631868047
308,Ashland,17.853869877523664
2038,Assumption,9.787469852802108
2,Auburn,62.999758178622216
124,Augsburg,-35.213787461691695
2042,Augustana (IL),-22.464321942197493
2043,Augustana University (SD),6.407485786926159
2044,Aurora,-27.3704881743187
2045,Austin,-56.296857723579876
2046,Austin Peay,37.391150450153305
2047,Averett,-69.4563346426672
495,BLUEFIELD,-38.194174215342755
252,BYU,74.80340108586236
188,Baldwin Wallace,-10.914907081896626
2050,Ball State,31.032756338068992
121,Bates,-7.9749999999993975
239,Baylor,55.17375487742983
2056,Belhaven,-31.74071066608038
266,Beloit,-78.99765586754248
132,Bemidji State,-10.062739876796662
490,Benedict College,3.826667934367829
2283,Benedictine University,-37.213918647212736
2060,Bentley,-2.35702241760524
2757,Berry College,3.408147907994305
2062,Bethany (WV),-79.69253915003914
2802,Bethel (MN),9.149609808603046
2064,Bethel University Tennessee,-19.37118649121256
2065,Bethune-Cookman,15.89290370120889
111675,Biddeford,-37.46932462220561
2069,Black Hills State,-6.630049355755471
2071,Bloomsburg,-6.073457440498686
124180,Bluefield State,-31.188819830743295
2074,Bluffton,-45.574183574652196
68,Boise State,57.26979890036634
103,Boston College,43.44107983659542
340,Bowdoin,-13.199999999999378
2075,Bowie State,-15.619809173679279
189,Bowling Green,35.999020765153
2913,Brevard College,-26.466145260101737
2079,Bridgewater (VA),-39.06143318014592
18,Bridgewater State,-54.67681092309462
2781,Brockport,-23.899329378676487
225,Brown,22.796319068653283
2803,Bryant,10.148286210425582
2083,Bucknell,10.946783198750028
63,Buena Vista,-46.78133556197771
2084,Buffalo,35.49318280687962
2085,Buffalo State,-65.58401748304621
2086,Butler,10.55203988201999
101442,CENTENARY,-62.52893702540724
2570,CSU Pueblo,16.389467610664223
13,Cal Poly,33.51632251686927
25,California,48.83690976371322
2094,California Lutheran University,-30.92554747288196
129738,Calvin University,-28.773503491692313
2097,Campbell,13.73042228662322
424,Capital,-39.72219320129285
2101,Carleton,-18.341498539774065
2102,Carnegie Mellon,-13.479962593224144
32,Carroll University (WI),-29.055836673755906
2105,Carson-Newman College,16.436957720700864
2106,Carthage,-30.730432756159537
2963,Case Western Reserve,-27.973546318541114
293,Castleton,-62.15226401590138
2107,Catawba,10.927482474670864
2108,Catholic,-53.77768672108624
2110,Central Arkansas,22.859009137723035
2964,Central College,-14.547689798932105
2115,Central Connecticut,21.142055191752824
2860,Central Methodist,-34.17784063091962
2117,Central Michigan,42.66554199655714
2118,Central Missouri,9.57400084350222
2122,Central Oklahoma,12.81523359736689
2119,Central State (OH),-15.619997676371048
2120,Central Washington,26.649961071834166
2121,Centre College Kentucky,-19.375629261354675
2123,Chadron St,7.6107295895116485
411,Chapman,-17.338258410271017
2127,Charleston Southern,20.503002473893247
2429,Charlotte,28.727596741371727
236,Chattanooga,19.11348113135894
80,Chicago,-42.59120952073229
2804,Chowan,-20.249721459051454
3112,Christopher Newport,-8.255104727111117
2132,Cincinnati,59.97716184242808
17,Claremont-Mudd-Scripps College,-32.7152627874409
2134,Clarion,2.3068600625278872
2805,Clark Atlanta,-15.970737245794908
228,Clemson,62.37153152872387
2557,Coast Guard,-33.21436414463927
324,Coastal Carolina,37.68427497291454
2141,Coe College,-6.706257007929924
33,Colby College,1.525000000000638
2142,Colgate,21.395629653102148
2442,College Of New Jersey,-31.631803496008086
38,Colorado,48.31977416403878
11,Colorado Mesa,1.0416127314658041
2146,Colorado School Of Mines,6.287399610445588
36,Colorado State,36.61622258372514
171,Columbia,12.220181680847649
2148,Concord University,-18.27712549448873
2152,Concordia Moorhead,-24.468830376702503
2151,Concordia University Chicago,-59.59980399904177
3066,Concordia University St Paul,-24.662206497662183
409,Concordia-Wisconsin,-36.46941879665483
172,Cornell,17.59091527993548
2155,Cornell College (IA),-64.5732488707576
2782,Cortland,-16.3473756070389
509,Crown College,-44.835649259473236
2161,Cumberland (TN),-22.22349776970766
40,Curry College,-37.65429649309621
512,Dakota State University,-10.254226710169473
159,Dartmouth,29.7367390031774
110254,Davenport,5.434210756036597
2166,Davidson,-9.397160708238593
2168,Dayton,16.643982973925898
110438,Dean College,-89.3798676916536
48,Delaware,38.02242716267634
2169,Delaware State,18.175192777187313
2808,Delaware Valley,-25.758259493233247
2170,Delta State,7.418866409274523
2171,Denison University,-29.357939197182667
83,Depauw,-6.344365397758921
2175,Dickinson (PA),-30.78978034720777
2181,Drake,22.400938762227888
49,Dubuque,-31.131724936352793
150,Duke,58.665065164215605
2184,Duquesne,20.987229327072228
101784,ERSKINE,-30.570267680465765
151,East Carolina,59.1686245617924
2191,East Central (OK),11.669734015513843
2188,East Stroudsburg University,4.232921495053784
2193,East Tennessee State,30.032462307154873
2837,East Texas A&M,15.037407207565158
2194,East Texas Baptist University,-33.94925225627298
2197,Eastern Illinois,15.239285431900921
2198,Eastern Kentucky,25.544168323762946
2199,Eastern Michigan,33.95333615505831
2201,Eastern New Mexico,-12.674694796926598
2202,Eastern Oregon,-11.217160962720612
127954,Eastern University,-25.18878570476494
331,Eastern Washington,27.473030319521374
2205,Edinboro University,6.722020420884453
2206,Edward Waters,-5.891315717908551
2207,Elizabeth City State,-8.77921306774144
72,Elmhurst,-54.70879597551735
2210,Elon,25.911753922139766
2213,Emory & Henry College,19.99768897023402
2214,Emporia State University,5.245096644077314
452,Endicott College,-19.36735793348729
101,Eureka College,-79.61366820013603
2221,FDU-Florham,-54.93687939145181
2986,Fairmont State,-10.163537510094649
2220,Fayetteville State,4.9756087872130355
2222,Ferris State,33.54007648861136
366,Ferrum,-27.10362961520749
2224,Findlay,12.533073113199125
114,Fitchburg State,-60.79007280104999
57,Florida,58.547721436855625
50,Florida A&M,3.5227975378151086
2226,Florida Atlantic,40.913760713117824
2229,Florida International,43.21277376253719
125762,Florida Memorial University,-23.72073724579498
52,Florida State,63.121226918029144
2230,Fordham,7.709684590617886
2231,Fort Hays State,5.959485029277317
2237,Fort Lewis,-20.344119370582238
2232,Fort Valley State,-12.628412014295591
2967,Framingham State,-51.83083952860706
2233,Franklin,-36.49430838710846
2234,Franklin & Marshall,-19.779165594198442
112334,Franklin Pierce,-1.4846051727930867
278,Fresno State,47.13729319769668
341,Frostburg State,4.430767948619584
231,Furman,19.88667483460587
417,Gallaudet,-72.71368203559334
367,Gannon,-13.870449947569588
2241,Gardner-Webb,26.651605175998334
2242,Geneva,-42.885577977129074
46,Georgetown,11.55712955779509
61,Georgia,75.06572691376661
290,Georgia Southern,39.98266270462962
2247,Georgia State,31.575325875997375
59,Georgia Tech,60.51497913904941
2248,Gettysburg,-53.341037260211635
2249,Glenville State,-9.075841212086528
2755,Grambling,13.911593026755694
125,Grand Valley State University,15.696681837687729
2839,Greeneville,-15.229803207105222
2256,Greensboro College,-50.06058377026277
2257,Greenville,-57.35195132194852
65,Grinnell,-65.16364832251078
146,Grove City College,-22.684087511302522
2258,Guilford College,-58.68584755671092
2968,Gustavus Adolphus,-21.350897526634824
348,Hamilton,-11.249999999999332
162,Hamline University,-58.046436557582204
297,Hampden-Sydney,-18.638341048890794
2261,Hampton,-2.1139934419904165
2262,Hanover College,-6.943719816190534
2810,Hardin-Simmons,-4.160757952899607
2264,Harding University,44.494908840688566
173,Hartwick,-62.510896256444035
108,Harvard,41.56704475736551
62,Hawai'i,49.61811282066249
191,Heidelberg,-26.324063290267002
2271,Henderson State,20.647006742786484
418,Hendrix College,-31.516610355451903
125974,Hilbert College,-77.32935744599374
2273,Hillsdale,3.591676175555497
2274,Hiram College,-66.24632855635642
174,Hobart College,-34.25035386070302
107,Holy Cross,19.88782970429252
2812,Hope College,-2.271539065069568
248,Houston,61.40247124998216
2277,Houston Christian,3.0360201563029428
47,Howard,8.485995207768534
2758,Howard Payne,-29.33376471118537
2938,Huntingdon College (AL),-29.69925307519012
2280,Husson,-51.025981618286224
70,Idaho,28.866420672550394
304,Idaho State,38.5262834586445
356,Illinois,65.9782027999402
2286,Illinois College,-43.635683922483665
2287,Illinois State,38.898386249320055
306,Illinois Wesleyan,-21.738653029440847
2916,Incarnate Word,24.809727007336427
84,Indiana,84.11623503262942
282,Indiana State,20.993346706120725
2291,Indiana-Pennsylvania,16.562833582973735
2292,Indianapolis,24.50222185772891
2294,Iowa,69.13006418454216
66,Iowa State,63.62266080330964
175,Ithaca College,-28.648936407277844
2296,Jackson State,24.88001675533367
55,Jacksonville State,41.91947455072677
256,James Madison,63.75636263737402
2939,Jamestown College,-24.151703658456533
2302,John Carroll University,-4.377767124680872
118,Johns Hopkins University,1.5646925316546572
2304,Johnson C Smith,4.846121915249812
246,Juniata College,-63.07507960064037
126,Kalamazoo,-43.14039709466623
2305,Kansas,56.428576263103636
2306,Kansas State,61.94538322148203
2871,Kean,-53.228163535251596
338,Kennesaw State,50.15243685209444
2309,Kent State,31.8015557512947
96,Kentucky,57.96780711448085
3077,Kentucky Christian,-8.508318152415555
2310,Kentucky State,3.9402871823537984
2316,Kentucky Wesleyan,-25.09682005336368
352,Kenyon,-54.619547853282995
122774,Keystone,-77.38896474708008
247,Kings College (PA),-38.195709941884374
255,Knox College,-82.08551769024169
2315,Kutztown University,29.19370208784719
99,LSU,65.14299784538343
101161,LYONCOLL,-56.38480160833218
2318,La Verne,-44.2656086227257
322,Lafayette,27.346518928827187
548,Lagrange College,-16.934139391609207
437,Lake Erie,-14.766482005905521
262,Lake Forest College,-34.39614426811683
6353,Lakeland,-42.434987449770475
2320,Lamar,28.72214680646794
2323,Lane College,-30.55726381874881
2324,Langston University,-30.27003201204804
268,Lawrence University,-94.5379813769741
388,Lebanon Valley,-31.708916836204658
2329,Lehigh,40.59001034647507
2331,Lenoir-Rhyne,9.038159486888587
2333,Lewis & Clark College,-26.843975925837462
2335,Liberty,41.24043198454696
124179,Lincoln (CA),-24.106920772975766
2876,Lincoln (MO),-26.51179963598737
2339,Lincoln (PA),-33.01248659530109
2815,Lindenwood,23.349321905662215
203,Linfield College,-15.414231730938802
124386,Little Rock,-41.13288387080851
2940,Livingstone,-14.41495114240395
209,Lock Haven University,-2.6552467196705214
2341,Long Island University,17.1985288314172
263,Loras College,-39.854631573951835
309,Louisiana,40.085934107375856
2347,Louisiana College,-28.733929210913345
2348,Louisiana Tech,48.520880823786314
97,Louisville,64.82910681333615
67,Luther,-64.52636378668699
2354,Lycoming,-38.10683160764461
109,MIT,-38.42555401659231
2359,Macalester,-43.16804509488
127078,Madonna University (Mich.),-37.433308103321075
311,Maine,23.613122774021445
274,Maine Maritime,-97.92149488351446
2362,Manchester,-67.72651435671958
2366,Marian College,-13.247778142270965
317,Marietta,-27.74498215483426
2368,Marist,10.104917475004564
2369,Mars Hill,3.5019163265747597
276,Marshall,46.27563571215986
446,Martin Luther,-54.15481983164635
2371,Mary Hardin-Baylor,-9.621186491212686
120,Maryland,53.684387756270866
2373,Maryville College (TN),-15.236868486706001
110,Mass Maritime,-56.097050864824894
113,Massachusetts,14.883343086888186
561,Mayville State,-34.73652854343623
2700,McDaniel College,-53.52199449578544
2816,McKendree,-11.196954406129727
241,McMurry,-28.15749311073374
2377,McNeese,16.91804020353338
235,Memphis,57.5794458728552
2382,Mercer,41.745950411445584
2383,Merchant Marine Academy,-35.79730451489365
2385,Mercyhurst,15.887772957962593
2771,Merrimack,14.795363102361456
291,Methodist,-58.69265355674525
2390,Miami,76.26139603702899
193,Miami (OH),46.848051489305746
130,Michigan,69.05572554358699
127,Michigan State,53.72967100228126
2392,Michigan Tech,10.3623315950659
2393,Middle Tennessee,32.15986860566403
2394,Middlebury,2.4750000000006196
565,Midland Lutheran College,-19.52936683187397
2395,Midwestern State,-11.031204322726857
2396,Miles College,-18.90580511640701
210,Millersville,-26.93910555965161
74,Millikin,-41.2875216007663
2398,Millsaps,-23.559941338073784
135,Minnesota,54.28037722300853
134,Minnesota Duluth,12.766101662621832
2399,Minnesota Morris,-58.069821615822654
2364,Minnesota State Mankato,16.887877738062368
2817,Minnesota State Moorhead,3.9708738541421393
568,Minot State,-12.282994830524395
2969,Misericordia,-29.036062207137277
344,Mississippi State,57.43443225038867
2400,Mississippi Valley State,-4.386976926796791
142,Missouri,66.10980890932336
2402,Missouri S&T,-3.427840630919638
2403,Missouri Southern State,-4.291585230573913
2623,Missouri State,44.985751357103055
137,Missouri Western,-4.247885695088099
2405,Monmouth,30.98472392173127
2919,Monmouth (IL),-21.23768462116314
149,Montana,49.56165651968229
147,Montana State,53.174233826162734
2818,Montclair State,-35.538514660606594
323,Moravian,-52.458069509613736
2413,Morehead State,0.3603433456329981
60,Morehouse College,-15.094308306367608
2415,Morgan State,6.58578484608851
2419,Mount St. Joseph,-25.493962157809033
2422,Muhlenberg,-18.399675060981423
93,Murray State,14.12525481143736
332,Muskingum University,-32.161419911173695
152,NC State,60.72673236869572
415,NEWBERG,-37.73164235906502
2426,Navy,54.53553008745737
158,Nebraska,57.890394076259916
6845,Nebraska Wesleyan,-41.00422671016975
2438,Nebraska-Kearney,7.662232887967634
2440,Nevada,34.365744738593655
131108,New England College,-84.39585584355987
160,New Hampshire,29.367458928074143
2441,New Haven,3.5411973723628574
167,New Mexico,53.81162215346495
2424,New Mexico Highlands,-11.591962606029414
166,New Mexico State,35.34639859574504
2444,Newberry,13.691941622832474
2447,Nicholls,20.342244813904287
2884,Nichols College,-72.10413145215668
2450,Norfolk State,2.1659927053799706
2453,North Alabama,18.121808157619263
153,North Carolina,43.628272100307015
2448,North Carolina A&T,1.3508338302865894
2428,North Carolina Central,24.328279922963066
286,North Carolina Wesleyan,-42.77677894185636
3071,North Central College,15.64341936149755
155,North Dakota,50.058878158745415
2449,North Dakota State,62.55251301124833
2822,North Greenville,-2.5044460276855505
75,North Park,-36.27787061051906
249,North Texas,68.64815981837558
196,Northeastern State,11.464327712056697
2464,Northern Arizona,33.11117426309937
2458,Northern Colorado,23.531338411435858
2459,Northern Illinois,33.44740743253713
2460,Northern Iowa,22.425608290844856
128,Northern Michigan,-4.91143082472953
425,Northern State,-0.9488498420645861
138,Northwest Missouri St,23.317755675829474
77,Northwestern,56.714463365439485
583,Northwestern (MN),-52.247428541699236
2823,Northwestern Oklahoma State,-12.51558066980095
2466,Northwestern State,-1.3314355951550603
2886,Northwood (MI),14.154638201077443
2467,Norwich,-69.45277816378481
87,Notre Dame,83.374912089199
391,Oberlin,-73.22505172501434
195,Ohio,47.664388918619984
2477,Ohio Dominican,-3.9455447514268656
427,Ohio Northern,-13.519830401328061
194,Ohio State,83.45248956260897
2980,Ohio Wesleyan,-41.5494682602527
201,Oklahoma,72.33823559561719
319,Oklahoma Baptist,-6.118727522947765
2824,Oklahoma Panhandle St,-71.69925225627321
197,Oklahoma State,39.97309496125971
295,Old Dominion,59.744414012455074
145,Ole Miss,72.07242402988297
354,Olivet College,-57.18330810332052
2483,Oregon,83.23548932219596
204,Oregon State,38.38761606870319
359,Otterbein,-53.10281927726259
2888,Ouachita Baptist,20.549104644884356
2487,Pace,-23.082816852567948
205,Pacific (OR),-39.247315877578856
2486,Pacific Lutheran,-28.052615540422003
213,Penn State,67.18495523618482
2858,PennWest California,7.491458830326579
219,Pennsylvania,25.698796720078573
108358,Phoenix,-66.84411937058235
95,Pikeville,-21.98686848670577
90,Pittsburg St,22.029148132141966
221,Pittsburgh,64.31643346804753
2972,Plymouth State,-51.53029019235436
3179,Point University,-37.24609888438838
2923,Pomona Pitzer,-29.29275235943193
2502,Portland State,15.503580976287443
126086,Post University,-20.300964286308073
2504,Prairie View A&M,22.395009412123308
2506,Presbyterian,20.55582578465713
163,Princeton,23.081365151246942
2508,Puget Sound,-55.38461233079975
2509,Purdue,50.18942882508459
2825,Quincy,-10.47784006028328
2516,Randolph-Macon,-17.851292718278703
111674,Reading,-69.45727001652
29,Redlands,-31.951881890659912
2528,Rensselaer,-26.3050136058847
227,Rhode Island,34.32404453707727
2519,Rhodes College,-46.83981844381037
242,Rice,38.03243150833986
257,Richmond,20.804245077718225
2891,Ripon,-60.47502970167424
131109,Roanoke College,-46.72141887549413
2523,Robert Morris,5.161455667441068
2524,Rockford,-78.85793689546487
127991,Roosevelt,-21.303855180029032
86,Rose-Hulman,-47.80725350425903
2827,Rowan,-15.81948998140141
164,Rutgers,52.67235977896121
2545,SE Louisiana,36.67957860744737
2567,SMU,65.54244940071445
2951,SUNY Maritime,-39.59104382590793
3110,SUNY Morrisville,-60.34279390812462
16,Sacramento State,37.71961857399057
2529,Sacred Heart,18.136321506702167
129,Saginaw Valley State,8.202251790090447
2600,Saint John's (MN),3.9306180953503613
2614,Saint Vincent,-59.250386505172784
130180,Saint Xavier (IL),-23.310952411195018
2532,Salisbury,-10.677408741128403
2776,Salve Regina,-35.20375884181628
2534,Sam Houston,25.276473442281937
2535,Samford,7.668173602847531
301,San Diego,21.844859734244828
21,San Diego State,56.03439895485819
23,San José State,35.132730589941076
2542,Savannah St,-7.350294222401165
611,Seton Hill,-9.331940507403186
2553,Sewanee,-36.09727390697393
2551,Shaw,-26.140955089250983
2828,Shenandoah,-34.314548405311825
2974,Shepherd,2.089637359808041
2559,Shippensburg,-14.220088744193562
2560,Shorter,-17.710114788660775
2564,Simpson College (IA),-27.954490422594912
129758,Simpson University (Ca),-57.052615540422046
2894,Sioux Falls,-0.9745198763576592
215,Slippery Rock,7.151623218870267
6,South Alabama,37.814018766988056
2579,South Carolina,60.95225699897999
2569,South Carolina State,27.878237477666595
233,South Dakota,37.92432222454207
613,South Dakota Mines,-14.478272593278628
2571,South Dakota State,41.189982140286894
58,South Florida,68.82214632753565
2546,Southeast Missouri State,19.987285830012993
199,Southeastern Oklahoma State,10.891761987541688
2582,Southern,-1.2249178875795579
2568,Southern Arkansas,16.598055693835448
2583,Southern Connecticut State,-17.94383132315317
79,Southern Illinois,39.00466156139989
2572,Southern Miss,43.37599725213116
200,Southern Nazarene,-3.8512450054652234
2584,Southern Oregon,-13.66629685983365
253,Southern Utah,36.04065127170631
2896,Southern Virginia,-40.606434610645934
2586,Southwest Baptist,-9.001624650597437
2587,Southwest Minnesota State,-30.842662206226315
2904,Southwestern Assemblies Of God,-53.160757952899594
2927,Southwestern Oklahoma State,16.709943805723594
2588,Southwestern University,-30.953229149798815
81,Springfield,-21.506161762541243
374,St John Fisher University,-36.86793107397619
2830,St. Anselm,-12.422553984834572
2598,St. Francis (PA),-3.8924821641037077
2779,St. Lawrence,-54.69217149540127
2832,St. Norbert,-45.31294577256923
133,St. Olaf,-42.08768996097224
375,St. Scholastica,-44.635881332399286
2900,St. Thomas (MN),21.79140301013004
24,Stanford,47.92975440275406
2617,Stephen F. Austin,42.205993527188596
56,Stetson,-13.847374572631129
471,Stevenson,-31.822318139963187
284,Stonehill,9.568866899003401
2619,Stony Brook,26.323157809993077
2834,Sul Ross State,-27.47530344482669
216,Susquehanna,-9.192912069928447
183,Syracuse,42.45137135647781
2628,TCU,64.41399585222725
2627,Tarleton State,50.51346094600679
218,Temple,42.81110175492437
2633,Tennessee,70.46855337651851
2634,Tennessee State,5.980500045510613
2635,Tennessee Tech,36.52650223029209
251,Texas,68.11593038039052
245,Texas A&M,74.15148721744515
2658,Texas A&M-Kingsville,6.146868341675658
2639,Texas Lutheran,-24.298774606032744
2640,Texas Southern,11.671600792629118
326,Texas State,49.242170960101774
2641,Texas Tech,84.2089100760459
102626,Texas Wesleyan,-21.639095980276835
2643,The Citadel,23.12712626159958
2644,Thiel,-69.24511425547188
2646,Thomas More College,-15.61976887798891
2838,Tiffin,11.506866277223828
2649,Toledo,58.349165685197754
119,Towson,21.78198367716246
2651,Trine University,-27.98848201365267
2977,Trinity (CT),12.900000000000588
386,Trinity University TX,-0.3237990071940935
2653,Troy,44.78289793699358
2654,Truman State,11.351072669601509
112,Tufts,-5.824999999999378
2655,Tulane,58.017412008745495
202,Tulsa,38.91171076155588
2657,Tuskegee,-10.919803520812579
5,UAB,35.003810872001026
399,UAlbany,10.757301787719399
302,UC Davis,40.84519342733378
2116,UCF,51.00460044922433
26,UCLA,51.27091411109288
41,UConn,50.43615448423092
2433,UL Monroe,27.877899132984588
379,UMass Dartmouth,-47.6964465530647
2882,UNC Pembroke,6.407460694862369
2439,UNLV,56.033430954991765
30,USC,73.33647328177958
2630,UT Martin,22.310899684709057
110243,UT Permian Basin,19.519631554833037
292,UT Rio Grande Valley,30.798342949148406
2638,UTEP,32.6121205208892
2636,UTSA,53.33902369282055
2842,UVA Wise,-13.72728699796594
237,Union (NY),-29.130378963777034
2128,University Of Charleston (WV),0.8201335818002864
559,University of Mary,-10.779366831873983
426,University of Mount Union,3.9944728689417985
131239,University of Rio Grande,-21.70992351138871
184,University of Rochester (NY),-43.14910597957907
389,Upper Iowa University,11.918276109641269
2667,Ursinus,-25.81084513724677
254,Utah,78.79235758681381
328,Utah State,51.32644228362465
3101,Utah Tech,17.26482606749954
390,Utica,-17.836951527940226
2678,VMI,1.2819761177200562
2673,Valdosta State,3.3077919953682864
628,Valley City State,-5.463787461691268
2674,Valparaiso,-8.597824833721363
238,Vanderbilt,74.605550979503
222,Villanova,41.42886389707627
258,Virginia,66.08012872294537
330,Virginia St,-6.389363141076126
259,Virginia Tech,48.33199416149361
2676,Virginia Union,6.783793249105868
2355,Virginia University Of Lynchburg,-38.228449855721855
89,Wabash College,-17.944041716811483
2681,Wagner,9.672251794234786
154,Wake Forest,58.52733377561799
2682,Walsh,0.988888208318464
2683,Warner University,-60.34737457263119
2685,Wartburg,-4.723840880004872
2687,Washburn,-0.19561960447277782
264,Washington,70.75448932439181
2686,Washington & Jefferson,-13.612770160484942
265,Washington State,55.89365711587456
143,Washington University (St. Louis),-11.603771101003822
2688,Washington and Lee,-31.70040235531295
630,Wayland Baptist,-23.58376471118517
131,Wayne State (MI),-21.315970465816694
2844,Wayne State (NE),9.458917584944508
2845,Waynesburg,-54.754159065205066
2691,Webber International,-1.0973745726313133
2692,Weber State,24.04176931432189
336,Wesleyan University (CT),11.35000000000067
2695,West Alabama,-3.7117378503779594
223,West Chester,-6.391353171924459
110242,West Florida,14.205180754498727
2698,West Georgia,33.54690416928119
2699,West Liberty,-18.83317693365504
2704,West Texas A&M,11.450574211932604
277,West Virginia,48.74387133177589
2707,West Virginia State,-9.41527367396071
455,West Virginia Wesleyan,-43.555960243214656
2717,Western Carolina,27.90467724849112
2714,Western Colorado,16.966132602309834
2843,Western Connecticut St,-41.328932725351955
2710,Western Illinois,17.256288824410305
98,Western Kentucky,46.868647060609604
2711,Western Michigan,48.795243100202725
2702,Western New England,-38.4112705893115
2703,Western New Mexico,-30.770052178188145
2848,Western Oregon,9.083703140166628
2909,Westfield State,-65.35152746026378
2849,Westminster (PA),-19.712702788618248
433,Westminster College (MO),-58.67152790375618
396,Wheaton,3.2154351743427867
112335,Wheeling,-13.138700268811334
2721,Whitworth,-19.967160962720932
2725,Widener,-43.629812745713174
398,Wilkes,-34.330216293863174
2930,Willamette,-52.90576775290004
2729,William & Mary,26.037217118393816
2911,William Jewell,-9.034655996798293
2970,William Paterson,-47.66020150467819
2731,Williams,3.575000000000621
2733,Wilmington (OH),-36.543275550625786
122666,Wilson,-23.735458454083044
351,Wingate,17.683596799057604
2851,Winona State,-8.011785022300668
2736,Winston-Salem,-8.08325497107813
275,Wisconsin,56.60150958328914
2738,Wisconsin-Eau Claire,-20.871606437456812
2740,Wisconsin-Lacrosse,5.386072266730238
2741,Wisconsin-Lutheran,-43.67311622331472
271,Wisconsin-Oshkosh,-5.364647326093202
272,Wisconsin-Platteville,8.5449750025357
2723,Wisconsin-River Falls,14.884261779685502
2743,Wisconsin-Stevens Pt,-24.028035307256975
2744,Wisconsin-Stout,-6.3546752152593236
2745,Wisconsin-Whitewater,9.439047588804868
2746,Wittenberg,-31.893684652512523
2747,Wofford,27.28389440856864
2748,Wooster,-41.02439571695635
2749,Worcester Polytechnic Institute,-57.021610447254
402,Worcester St,-62.40561066914052
2751,Wyoming,38.71013035173125
43,Yale,37.596049099005384
2754,Youngstown State,38.5010581303454
