season,period,games,wins,losses,pushes,passes,winRate,profit,risked,ROI,winRateWilson95
2023,regular-04,0,0,0,0,0,,0,0,,
2023,regular-05,59,31,27,0,1,0.5344827586206896,130,6380,0.02037617554858934,"[0.40800175043995535, 0.6566797767471342]"
2023,regular-06,51,18,30,0,3,0.375,-1500,5280,-0.2840909090909091,"[0.25215266760868493, 0.5163723648078435]"
2023,regular-07,55,25,28,0,2,0.4716981132075472,-580,5830,-0.09948542024013722,"[0.3438224347819647, 0.6033991872129335]"
2023,regular-08,54,24,30,0,0,0.4444444444444444,-900,5940,-0.15151515151515152,"[0.3200246417222996, 0.5762435347322439]"
2023,regular-09,53,25,26,0,2,0.49019607843137253,-360,5610,-0.06417112299465241,"[0.3585748589437108, 0.6231907610542996]"
2023,regular-10,65,28,35,0,2,0.4444444444444444,-1050,6930,-0.15151515151515152,"[0.32847096011892096, 0.5668036176131733]"
2023,regular-11,65,34,30,0,1,0.53125,100,7040,0.014204545454545454,"[0.41072087051471323, 0.6482401257482366]"
2023,regular-12,60,30,30,0,0,0.5,-300,6600,-0.045454545454545456,"[0.37735024241556087, 0.6226497575844392]"
2023,regular-13,57,31,26,0,0,0.543859649122807,240,6270,0.03827751196172249,"[0.4159068597911968, 0.6662739441690686]"
2023,regular-14,10,9,1,0,0,0.9,790,1100,0.7181818181818181,"[0.595849973204771, 0.9821237869049263]"
2023,regular-15,0,0,0,0,0,,0,0,,
2023,postseason-2023-12-11,6,3,3,0,0,0.5,-30,660,-0.045454545454545456,"[0.18761630648265576, 0.8123836935173443]"
2023,postseason-2023-12-18,10,4,5,0,1,0.4444444444444444,-150,990,-0.15151515151515152,"[0.18877852109766918, 0.733348706504501]"
2023,postseason-2023-12-25,18,5,12,0,1,0.29411764705882354,-820,1870,-0.4385026737967914,"[0.1327998961029552, 0.5313311006653921]"
2023,postseason-2024-01-01,5,3,1,0,1,0.75,190,440,0.4318181818181818,"[0.30064184258241056, 0.9544127391902976]"
2023,postseason-2024-01-08,1,0,1,0,0,0.0,-110,110,-1.0,"[0.0, 0.7934506856227534]"
2024,regular-04,53,22,28,0,3,0.44,-880,5500,-0.16,"[0.31162199211257485, 0.5769397197834278]"
2024,regular-05,55,31,23,0,1,0.5740740740740741,570,5940,0.09595959595959595,"[0.4416273382599042, 0.6966817598007043]"
2024,regular-06,48,24,22,0,2,0.5217391304347826,-20,5060,-0.003952569169960474,"[0.3813741307280438, 0.6587531056595397]"
2024,regular-07,52,27,23,0,2,0.54,170,5500,0.03090909090909091,"[0.4039887139915783, 0.6703034780777533]"
2024,regular-08,59,28,30,0,1,0.4827586206896552,-500,6380,-0.07836990595611286,"[0.35928185424055314, 0.608377382165902]"
2024,regular-09,57,26,31,0,0,0.45614035087719296,-810,6270,-0.1291866028708134,"[0.3337260558309314, 0.5840931402088032]"
2024,regular-10,49,23,24,0,2,0.48936170212765956,-340,5170,-0.06576402321083172,"[0.35275555033682504, 0.6275754625177281]"
2024,regular-11,50,23,26,0,1,0.46938775510204084,-560,5390,-0.1038961038961039,"[0.3370350369317549, 0.6061913601633775]"
2024,regular-12,55,19,28,0,8,0.40425531914893614,-1180,5170,-0.22823984526112184,"[0.2764003451920907, 0.5465787704988867]"
2024,regular-13,64,30,30,0,4,0.5,-300,6600,-0.045454545454545456,"[0.37735024241556087, 0.6226497575844392]"
2024,regular-14,66,35,27,0,4,0.5645161290322581,530,6820,0.07771260997067449,"[0.440929879721491, 0.6805741109751066]"
2024,regular-15,9,4,2,0,3,0.6666666666666666,180,660,0.2727272727272727,"[0.29999331513839955, 0.9032285888942164]"
2024,regular-16,1,0,1,0,0,0.0,-110,110,-1.0,"[0.0, 0.7934506856227534]"
2024,postseason-2024-12-09,1,1,0,0,0,1.0,100,110,0.9090909090909091,"[0.20654931437724644, 0.9999999999999999]"
2024,postseason-2024-12-16,10,6,4,0,0,0.6,160,1100,0.14545454545454545,"[0.31267376973366456, 0.8318196702937597]"
2024,postseason-2024-12-23,16,7,9,0,0,0.4375,-290,1760,-0.16477272727272727,"[0.23098652405492784, 0.6682144360118757]"
2024,postseason-2024-12-30,13,7,5,0,1,0.5833333333333334,150,1320,0.11363636363636363,"[0.3195113125495559, 0.8067396863412393]"
2024,postseason-2025-01-06,2,1,1,0,0,0.5,-10,220,-0.045454545454545456,"[0.09453120573423457, 0.9054687942657654]"
2024,postseason-2025-01-20,1,0,1,0,0,0.0,-110,110,-1.0,"[0.0, 0.7934506856227534]"
2025,regular-04,61,33,27,0,1,0.55,330,6600,0.05,"[0.42491935885334686, 0.6690634559324447]"
2025,regular-05,53,26,26,0,1,0.5,-260,5720,-0.045454545454545456,"[0.3688586295978088, 0.6311413704021912]"
2025,regular-06,51,26,24,0,1,0.52,-40,5500,-0.007272727272727273,"[0.38511744890044963, 0.6520286471342163]"
2025,regular-07,56,25,31,0,0,0.44642857142857145,-910,6160,-0.14772727272727273,"[0.3238672125478367, 0.5758678521006021]"
2025,regular-08,60,32,28,0,0,0.5333333333333333,120,6600,0.01818181818181818,"[0.40893427027158225, 0.653720939585612]"
2025,regular-09,53,30,22,0,1,0.5769230769230769,580,5720,0.10139860139860139,"[0.44194325373903387, 0.7013194791649878]"
2025,regular-10,52,28,22,0,2,0.56,380,5500,0.06909090909090909,"[0.4230602802165722, 0.6883780078874253]"
2025,regular-11,52,27,24,0,1,0.5294117647058824,60,5610,0.0106951871657754,"[0.3952330421009681, 0.6594700979050009]"
2025,regular-12,59,31,24,0,4,0.5636363636363636,460,6050,0.07603305785123966,"[0.43269816346414797, 0.6862655763936778]"
2025,regular-13,64,35,27,0,2,0.5645161290322581,530,6820,0.07771260997067449,"[0.440929879721491, 0.6805741109751066]"
2025,regular-14,67,34,29,0,4,0.5396825396825397,210,6930,0.030303030303030304,"[0.41789251880895695, 0.6569113542395472]"
