event_id,schedule_date,kickoff_utc,captured_at_utc,status,neutral_site,home_id,home,away_id,away,provider,provider_id,home_spread,away_spread,home_spread_price,away_spread_price,total,over_line,under_line,over_price,under_price,details,line_provenance,include_in_ats,source_path
401871049,20261001,2026-10-02T00:00Z,2026-10-03T01:50:10.242547+00:00,post,False,166,New Mexico State Aggies,98,Western Kentucky Hilltoppers,Draft Kings,100,-1.5,+1.5,-115,-105,55.5,o55.5,u55.5,-110,-110,NMSU -1.5,retrospective_explicit_close,true,../thursday-retrospective-20261003T015009Z/401871049-odds.json
401862786,20261001,2026-10-02T01:00Z,2026-10-03T01:50:10.242547+00:00,post,False,202,Tulsa Golden Hurricane,249,North Texas Mean Green,Draft Kings,100,+3,-3,-118,-102,56.5,o56.5,u56.5,-112,-108,UNT -3,retrospective_explicit_close,true,../thursday-retrospective-20261003T015009Z/401862786-odds.json
401858245,20261002,2026-10-02T23:00Z,2026-10-02T21:23:56.322405+00:00,pre,False,259,Virginia Tech Hokies,221,Pittsburgh Panthers,Draft Kings,100,-2.5,+2.5,-105,-115,54.5,o54.5,u54.5,-112,-108,VT -2.5,pregame_locked,true,scoreboard-20261002.json
401871050,20261002,2026-10-02T23:00Z,2026-10-02T21:23:56.322405+00:00,pre,False,48,Delaware Blue Hens,2335,Liberty Flames,Draft Kings,100,+7,-7,-112,-108,51.5,o51.5,u51.5,-112,-108,LIB -7,pregame_locked,true,scoreboard-20261002.json
401858476,20261002,2026-10-03T00:00Z,2026-10-02T21:23:56.322405+00:00,pre,False,77,Northwestern Wildcats,213,Penn State Nittany Lions,Draft Kings,100,+2.5,-2.5,-102,-118,46.5,o46.5,u46.5,-115,-105,PSU -2.5,pregame_locked,true,scoreboard-20261002.json
401862787,20261003,2026-10-03T15:00Z,2026-10-02T21:23:56.519030+00:00,pre,False,2429,Charlotte 49ers,235,Memphis Tigers,Draft Kings,100,+20.5,-20.5,-110,-110,52.5,o52.5,u52.5,-108,-112,MEM -20.5,pregame_locked,true,scoreboard-20261003.json
401856707,20261003,2026-10-03T16:00Z,2026-10-02T21:23:56.519030+00:00,pre,False,344,Mississippi State Bulldogs,333,Alabama Crimson Tide,Draft Kings,100,+5.5,-5.5,-112,-108,60.5,o60.5,u60.5,-110,-110,ALA -5.5,pregame_locked,true,scoreboard-20261003.json
401856807,20261003,2026-10-03T16:00Z,2026-10-02T21:23:56.519030+00:00,pre,False,2305,Kansas Jayhawks,2393,Middle Tennessee Blue Raiders,Draft Kings,100,-19.5,+19.5,-112,-108,50.5,o50.5,u50.5,-112,-108,KU -19.5,pregame_locked,true,scoreboard-20261003.json
401856819,20261003,2026-10-03T16:00Z,2026-10-02T21:23:56.519030+00:00,pre,False,248,Houston Cougars,2116,UCF Knights,Draft Kings,100,-10.5,+10.5,-115,-105,50.5,o50.5,u50.5,-118,-102,HOU -10.5,pregame_locked,true,scoreboard-20261003.json
401856822,20261003,2026-10-03T16:00Z,2026-10-02T21:23:56.519030+00:00,pre,False,66,Iowa State Cyclones,277,West Virginia Mountaineers,Draft Kings,100,-3,+3,-115,-105,53.5,o53.5,u53.5,-108,-112,ISU -3,pregame_locked,true,scoreboard-20261003.json
401858246,20261003,2026-10-03T16:00Z,2026-10-02T21:23:56.519030+00:00,pre,False,2567,SMU Mustangs,103,Boston College Eagles,Draft Kings,100,-21,+21,-115,-105,55.5,o55.5,u55.5,-102,-118,SMU -21,pregame_locked,true,scoreboard-20261003.json
401858250,20261003,2026-10-03T16:00Z,2026-10-02T21:23:56.519030+00:00,pre,False,153,North Carolina Tar Heels,87,Notre Dame Fighting Irish,Draft Kings,100,+21,-21,-108,-112,46.5,o46.5,u46.5,-110,-110,ND -21,pregame_locked,true,scoreboard-20261003.json
401858251,20261003,2026-10-03T16:00Z,2026-10-02T21:23:56.519030+00:00,pre,False,154,Wake Forest Demon Deacons,24,Stanford Cardinal,Draft Kings,100,-14,+14,-115,-105,53.5,o53.5,u53.5,-110,-110,WAKE -14,pregame_locked,true,scoreboard-20261003.json
401858252,20261003,2026-10-03T16:00Z,2026-10-02T21:23:56.519030+00:00,pre,False,41,UConn Huskies,183,Syracuse Orange,Draft Kings,100,+7,-7,-118,-102,50.5,o50.5,u50.5,-108,-112,SYR -7,pregame_locked,true,scoreboard-20261003.json
401858474,20261003,2026-10-03T16:00Z,2026-10-02T21:23:56.519030+00:00,pre,False,135,Minnesota Golden Gophers,130,Michigan Wolverines,Draft Kings,100,+6,-6,-110,-110,43.5,o43.5,u43.5,-105,-115,MICH -6,pregame_locked,true,scoreboard-20261003.json
401862791,20261003,2026-10-03T16:00Z,2026-10-02T21:23:56.519030+00:00,pre,False,2005,Air Force Falcons,2426,Navy Midshipmen,Draft Kings,100,-3,+3,-108,-112,45.5,o45.5,u45.5,-112,-108,AF -3,pregame_locked,true,scoreboard-20261003.json
401858479,20261003,2026-10-03T16:30Z,2026-10-02T21:23:56.519030+00:00,pre,False,275,Wisconsin Badgers,127,Michigan State Spartans,Draft Kings,100,-9.5,+9.5,-115,-105,43.5,o43.5,u43.5,-110,-110,WIS -9.5,pregame_locked,true,scoreboard-20261003.json
401856705,20261003,2026-10-03T16:45Z,2026-10-02T21:23:56.519030+00:00,pre,False,61,Georgia Bulldogs,238,Vanderbilt Commodores,Draft Kings,100,-25.5,+25.5,-108,-112,50.5,o50.5,u50.5,-115,-105,UGA -25.5,pregame_locked,true,scoreboard-20261003.json
401866432,20261003,2026-10-03T17:00Z,2026-10-02T21:23:56.519030+00:00,pre,False,2084,Buffalo Bulls,2711,Western Michigan Broncos,Draft Kings,100,+12.5,-12.5,-108,-112,45.5,o45.5,u45.5,-112,-108,WMU -12.5,pregame_locked,true,scoreboard-20261003.json
401866431,20261003,2026-10-03T18:00Z,2026-10-02T21:23:56.519030+00:00,pre,False,2050,Ball State Cardinals,2649,Toledo Rockets,Draft Kings,100,+21,-21,-110,-110,52.5,o52.5,u52.5,-108,-112,TOL -21,pregame_locked,true,scoreboard-20261003.json
401856708,20261003,2026-10-03T19:30Z,2026-10-02T21:23:56.519030+00:00,pre,False,142,Missouri Tigers,57,Florida Gators,Draft Kings,100,+5.5,-5.5,-110,-110,57.5,o57.5,u57.5,-112,-108,FLA -5.5,pregame_locked,true,scoreboard-20261003.json
401856710,20261003,2026-10-03T19:30Z,2026-10-02T21:23:56.519030+00:00,pre,False,2633,Tennessee Volunteers,2,Auburn Tigers,Draft Kings,100,-6.5,+6.5,-115,-105,53.5,o53.5,u53.5,-115,-105,TENN -6.5,pregame_locked,true,scoreboard-20261003.json
401858247,20261003,2026-10-03T19:30Z,2026-10-02T21:23:56.519030+00:00,pre,False,2439,UNLV Rebels,25,California Golden Bears,Draft Kings,100,-2.5,+2.5,-110,-110,53.5,o53.5,u53.5,-105,-115,UNLV -2.5,pregame_locked,true,scoreboard-20261003.json
401858248,20261003,2026-10-03T19:30Z,2026-10-02T21:23:56.519030+00:00,pre,False,152,NC State Wolfpack,97,Louisville Cardinals,Draft Kings,100,+3,-3,-102,-118,58.5,o58.5,u58.5,-105,-115,LOU -3,pregame_locked,true,scoreboard-20261003.json
401858253,20261003,2026-10-03T19:30Z,2026-10-02T21:23:56.519030+00:00,pre,False,52,Florida State Seminoles,258,Virginia Cavaliers,Draft Kings,100,+1.5,-1.5,-110,-110,51.5,o51.5,u51.5,-115,-105,UVA -1.5,pregame_locked,true,scoreboard-20261003.json
401858473,20261003,2026-10-03T19:30Z,2026-10-02T21:23:56.519030+00:00,pre,False,2294,Iowa Hawkeyes,194,Ohio State Buckeyes,Draft Kings,100,+14.5,-14.5,-115,-105,45.5,o45.5,u45.5,-110,-110,OSU -14.5,pregame_locked,true,scoreboard-20261003.json
401862793,20261003,2026-10-03T19:30Z,2026-10-02T21:23:56.519030+00:00,pre,False,5,UAB Blazers,2535,Samford Bulldogs,Draft Kings,100,-30.5,+30.5,-110,-110,52.5,o52.5,u52.5,-115,-105,UAB -30.5,pregame_locked,true,scoreboard-20261003.json
401864515,20261003,2026-10-03T19:30Z,2026-10-02T21:23:56.519030+00:00,pre,False,2449,North Dakota State Bison,2751,Wyoming Cowboys,Draft Kings,100,-16.5,+16.5,-118,-102,44.5,o44.5,u44.5,-112,-108,NDSU -16.5,pregame_locked,true,scoreboard-20261003.json
401866430,20261003,2026-10-03T19:30Z,2026-10-02T21:23:56.519030+00:00,pre,False,2117,Central Michigan Chippewas,2006,Akron Zips,Draft Kings,100,-6.5,+6.5,-118,-102,47.5,o47.5,u47.5,-105,-115,CMU -6.5,pregame_locked,true,scoreboard-20261003.json
401866433,20261003,2026-10-03T19:30Z,2026-10-02T21:23:56.519030+00:00,pre,False,113,Massachusetts Minutemen,2199,Eastern Michigan Eagles,Draft Kings,100,-5.5,+5.5,-110,-110,48.5,o48.5,u48.5,-110,-110,MASS -5.5,pregame_locked,true,scoreboard-20261003.json
401866434,20261003,2026-10-03T19:30Z,2026-10-02T21:23:56.519030+00:00,pre,False,2309,Kent State Golden Flashes,195,Ohio Bobcats,Draft Kings,100,+3.5,-3.5,-112,-108,50.5,o50.5,u50.5,-112,-108,OHIO -3.5,pregame_locked,true,scoreboard-20261003.json
401866477,20261003,2026-10-03T19:30Z,2026-10-02T21:23:56.519030+00:00,pre,False,193,Miami (OH) RedHawks,189,Bowling Green Falcons,Draft Kings,100,-12.5,+12.5,-112,-108,42.5,o42.5,u42.5,-115,-105,M-OH -12.5,pregame_locked,true,scoreboard-20261003.json
401869956,20261003,2026-10-03T19:30Z,2026-10-02T21:23:56.519030+00:00,pre,False,2247,Georgia State Panthers,295,Old Dominion Monarchs,Draft Kings,100,-2.5,+2.5,-112,-108,51.5,o51.5,u51.5,-110,-110,GAST -2.5,pregame_locked,true,scoreboard-20261003.json
401869962,20261003,2026-10-03T19:45Z,2026-10-02T21:23:56.519030+00:00,pre,False,256,James Madison Dukes,276,Marshall Thundering Herd,Draft Kings,100,-18.5,+18.5,-105,-115,55.5,o55.5,u55.5,-115,-105,JMU -18.5,pregame_locked,true,scoreboard-20261003.json
401858475,20261003,2026-10-03T20:00Z,2026-10-02T21:23:56.519030+00:00,pre,False,158,Nebraska Cornhuskers,120,Maryland Terrapins,Draft Kings,100,-14.5,+14.5,-112,-108,52.5,o52.5,u52.5,-110,-110,NEB -14.5,pregame_locked,true,scoreboard-20261003.json
401864514,20261003,2026-10-03T20:00Z,2026-10-02T21:23:56.519030+00:00,pre,False,167,New Mexico Lobos,2638,UTEP Miners,Draft Kings,100,-22.5,+22.5,-112,-108,47.5,o47.5,u47.5,-115,-105,UNM -22.5,pregame_locked,true,scoreboard-20261003.json
401856709,20261003,2026-10-03T20:15Z,2026-10-02T21:23:56.519030+00:00,pre,False,2579,South Carolina Gamecocks,96,Kentucky Wildcats,Draft Kings,100,-2.5,+2.5,-112,-108,53.5,o53.5,u53.5,-115,-105,SC -2.5,pregame_locked,true,scoreboard-20261003.json
401858472,20261003,2026-10-03T20:15Z,2026-10-02T21:23:56.519030+00:00,pre,False,356,Illinois Fighting Illini,2509,Purdue Boilermakers,Draft Kings,100,-10.5,+10.5,-105,-115,62.5,o62.5,u62.5,-110,-110,ILL -10.5,pregame_locked,true,scoreboard-20261003.json
401860899,20261003,2026-10-03T22:00Z,2026-10-02T21:23:56.519030+00:00,pre,False,36,Colorado State Rams,204,Oregon State Beavers,Draft Kings,100,+6.5,-6.5,-108,-112,62.5,o62.5,u62.5,-105,-115,ORST -6.5,pregame_locked,true,scoreboard-20261003.json
401862790,20261003,2026-10-03T22:00Z,2026-10-02T21:23:56.519030+00:00,pre,False,2226,Florida Atlantic Owls,2640,Texas Southern Tigers,Draft Kings,100,-44.5,+44.5,-108,-112,61.5,o61.5,u61.5,-110,-110,FAU -44.5,pregame_locked,true,scoreboard-20261003.json
401856711,20261003,2026-10-03T23:00Z,2026-10-02T21:23:56.519030+00:00,pre,False,245,Texas A&M Aggies,8,Arkansas Razorbacks,Draft Kings,100,-14,+14,-108,-112,50.5,o50.5,u50.5,-108,-112,TA&M -14,pregame_locked,true,scoreboard-20261003.json
401856818,20261003,2026-10-03T23:00Z,2026-10-02T21:23:56.519030+00:00,pre,False,2628,TCU Horned Frogs,252,BYU Cougars,Draft Kings,100,+6,-6,-112,-108,48.5,o48.5,u48.5,-102,-118,BYU -6,pregame_locked,true,scoreboard-20261003.json
401862788,20261003,2026-10-03T23:00Z,2026-10-02T21:23:56.519030+00:00,pre,False,242,Rice Owls,2636,UTSA Roadrunners,Draft Kings,100,+12.5,-12.5,-112,-108,55.5,o55.5,u55.5,-115,-105,UTSA -12.5,pregame_locked,true,scoreboard-20261003.json
401869942,20261003,2026-10-03T23:00Z,2026-10-02T21:23:56.519030+00:00,pre,False,324,Coastal Carolina Chanticleers,290,Georgia Southern Eagles,Draft Kings,100,+2.5,-2.5,-118,-102,53.5,o53.5,u53.5,-110,-110,GASO -2.5,pregame_locked,true,scoreboard-20261003.json
401871089,20261003,2026-10-03T23:00Z,2026-10-02T21:23:56.519030+00:00,pre,False,6,South Alabama Jaguars,2433,UL Monroe Warhawks,Draft Kings,100,-14,+14,-115,-105,57.5,o57.5,u57.5,-108,-112,USA -14,pregame_locked,true,scoreboard-20261003.json
401856821,20261003,2026-10-03T23:30Z,2026-10-02T21:23:56.519030+00:00,pre,False,38,Colorado Buffaloes,2641,Texas Tech Red Raiders,Draft Kings,100,+13.5,-13.5,-115,-105,49.5,o49.5,u49.5,-112,-108,TTU -13.5,pregame_locked,true,scoreboard-20261003.json
401858249,20261003,2026-10-03T23:30Z,2026-10-02T21:23:56.519030+00:00,pre,False,228,Clemson Tigers,2390,Miami Hurricanes,Draft Kings,100,+15.5,-15.5,-110,-110,47.5,o47.5,u47.5,-112,-108,MIA -15.5,pregame_locked,true,scoreboard-20261003.json
401858478,20261003,2026-10-03T23:30Z,2026-10-02T21:23:56.519030+00:00,pre,False,30,USC Trojans,264,Washington Huskies,Draft Kings,100,-8.5,+8.5,-112,-108,58.5,o58.5,u58.5,-105,-115,USC -8.5,pregame_locked,true,scoreboard-20261003.json
401860898,20261003,2026-10-03T23:30Z,2026-10-02T21:23:56.519030+00:00,pre,False,68,Boise State Broncos,328,Utah State Aggies,Draft Kings,100,-19.5,+19.5,-108,-112,51.5,o51.5,u51.5,-108,-112,BOIS -19.5,pregame_locked,true,scoreboard-20261003.json
401862792,20261003,2026-10-03T23:30Z,2026-10-02T21:23:56.519030+00:00,pre,False,58,South Florida Bulls,218,Temple Owls,Draft Kings,100,-6,+6,-108,-112,48.5,o48.5,u48.5,-108,-112,USF -6,pregame_locked,true,scoreboard-20261003.json
401869842,20261003,2026-10-03T23:30Z,2026-10-02T21:23:56.519030+00:00,pre,False,2348,Louisiana Tech Bulldogs,349,Army Black Knights,Draft Kings,100,+1.5,-1.5,-110,-110,47.5,o47.5,u47.5,-110,-110,ARMY -1.5,pregame_locked,true,scoreboard-20261003.json
401856706,20261003,2026-10-03T23:45Z,2026-10-02T21:23:56.519030+00:00,pre,False,99,LSU Tigers,2377,McNeese Cowboys,Draft Kings,100,-52.5,+52.5,-115,-105,61.5,o61.5,u61.5,-118,-102,LSU -52.5,pregame_locked,true,scoreboard-20261003.json
401858477,20261003,2026-10-04T00:00Z,2026-10-02T21:23:56.519030+00:00,pre,False,164,Rutgers Scarlet Knights,84,Indiana Hoosiers,Draft Kings,100,+24.5,-24.5,-112,-108,56.5,o56.5,u56.5,-112,-108,IU -24.5,pregame_locked,true,scoreboard-20261003.json
401869932,20261003,2026-10-04T00:00Z,2026-10-02T21:23:56.519030+00:00,pre,False,309,Louisiana Ragin' Cajuns,2032,Arkansas State Red Wolves,Draft Kings,100,-6.5,+6.5,-105,-115,47.5,o47.5,u47.5,-115,-105,UL -6.5,pregame_locked,true,scoreboard-20261003.json
401860921,20261003,2026-10-04T01:30Z,2026-10-02T21:23:56.519030+00:00,pre,False,265,Washington State Cougars,278,Fresno State Bulldogs,Draft Kings,100,-1.5,+1.5,-115,-105,45.5,o45.5,u45.5,-105,-115,WSU -1.5,pregame_locked,true,scoreboard-20261003.json
401856817,20261003,2026-10-04T02:30Z,2026-10-02T21:23:56.519030+00:00,pre,False,9,Arizona State Sun Devils,239,Baylor Bears,Draft Kings,100,-3.5,+3.5,-115,-105,49.5,o49.5,u49.5,-108,-112,ASU -3.5,pregame_locked,true,scoreboard-20261003.json
401860900,20261003,2026-10-04T02:30Z,2026-10-02T21:23:56.519030+00:00,pre,False,21,San Diego State Aztecs,326,Texas State Bobcats,Draft Kings,100,+8.5,-8.5,-112,-108,57.5,o57.5,u57.5,-112,-108,TXST -8.5,pregame_locked,true,scoreboard-20261003.json
401856820,20261003,2026-10-04T03:00Z,2026-10-02T21:23:56.519030+00:00,pre,False,12,Arizona Wildcats,2132,Cincinnati Bearcats,Draft Kings,100,-7,+7,-102,-118,55.5,o55.5,u55.5,-112,-108,ARIZ -7,pregame_locked,true,scoreboard-20261003.json
401864513,20261003,2026-10-04T03:59Z,2026-10-02T21:23:56.519030+00:00,pre,False,62,Hawai'i Rainbow Warriors,23,San José State Spartans,Draft Kings,100,-3,+3,-115,-105,50.5,o50.5,u50.5,-112,-108,HAW -3,pregame_locked,true,scoreboard-20261003.json
