id,away,home,workbookAway,workbookHome,basis,bothFBS,modelHomeMargin,unroundedHomeMargin,marketHomeMargin,edge,pick,pickSpread,homeScore,awayScore,actualHomeMargin,result,coverMargin,homeAdjustment,adjustedHomeMargin,adjustedPick,adjustedResult,adjustedRawResult
401866425,Ball State,Kent State,Ball State Cardinals,Kent State Golden Flashes,Close,True,3.0,2.97,2.5,0.5,Kent State,-2.5,26,13,13,W,10.5,3,6.0,Kent State,W,W
401858236,Bucknell,Pittsburgh,Bucknell Bison,Pittsburgh Panthers,Close,False,48.0,48.24,54.5,6.5,Bucknell,54.5,59,0,59,L,-4.5,3,51.0,Bucknell,L,L
401856813,Colorado,Baylor,Colorado Buffaloes,Baylor Bears,Close,True,8.5,8.33,8.5,0.0,PASS,8.5,23,13,10,NO EDGE,,3,11.5,Baylor,W,W
401860896,Colorado State,UTSA,Colorado State Rams,UTSA Roadrunners,Close,True,8.0,7.96,14.5,6.5,Colorado State,14.5,59,45,14,W,0.5,3,11.0,Colorado State,W,W
401858465,Illinois,Ohio State,Illinois Fighting Illini,Ohio State Buckeyes,Close,True,11.0,10.97,25.5,14.5,Illinois,25.5,42,19,23,W,2.5,3,14.0,Illinois,W,W
401856805,Sam Houston,Texas Tech,Sam Houston Bearkats,Texas Tech Red Raiders,Close,True,31.0,30.82,34.5,3.5,Sam Houston,34.5,49,14,35,L,-0.5,3,34.0,Sam Houston,L,L
401860893,San Diego State,Toledo,San Diego State Aztecs,Toledo Rockets,Close,True,3.0,2.91,2.5,0.5,Toledo,-2.5,41,16,25,W,22.5,3,6.0,Toledo,W,W
401856704,Texas,Tennessee,Texas Longhorns,Tennessee Volunteers,Close,True,-6.0,-6.0,-5.5,0.5,Texas,-5.5,17,20,-3,L,-2.5,3,-3.0,Tennessee,W,W
401864512,UNLV,Akron,UNLV Rebels,Akron Zips,Close,True,-15.0,-15.15,-13.5,1.5,UNLV,-13.5,10,38,-28,W,14.5,3,-12.0,Akron,L,L
401858242,Virginia Tech,Boston College,Virginia Tech Hokies,Boston College Eagles,Close,True,-12.5,-12.61,-14.5,2.0,Boston College,14.5,14,21,-7,W,7.5,3,-9.5,Boston College,W,W
401858243,Wake Forest,Louisville,Wake Forest Demon Deacons,Louisville Cardinals,Close,True,10.0,9.82,11.5,1.5,Wake Forest,11.5,27,30,-3,W,14.5,3,13.0,Louisville,L,L
401864576,South Alabama,Kentucky,South Alabama Jaguars,Kentucky Wildcats,Close,True,16.0,15.96,20.5,4.5,South Alabama,20.5,45,21,24,L,-3.5,3,19.0,South Alabama,L,L
401866427,Lindenwood,Eastern Michigan,Lindenwood Lions,Eastern Michigan Eagles,Close,False,9.5,9.45,24.5,15.0,Lindenwood,24.5,29,3,26,L,-1.5,3,12.5,Lindenwood,L,L
401858462,UCLA,Maryland,UCLA Bruins,Maryland Terrapins,Close,True,-10.0,-10.02,-2.5,7.5,UCLA,-2.5,3,54,-51,W,48.5,3,-7.0,UCLA,W,W
401864511,Northern Illinois,Georgia State,Northern Illinois Huskies,Georgia State Panthers,Close,True,5.5,5.31,8.5,3.0,Northern Illinois,8.5,35,14,21,L,-12.5,3,8.5,PASS,NO EDGE,L
401858467,Notre Dame,Purdue,Notre Dame Fighting Irish,Purdue Boilermakers,Close,True,-29.5,-29.47,-27.5,2.0,Notre Dame,-27.5,10,49,-39,W,11.5,3,-26.5,Purdue,L,L
401858237,Central Arkansas,Florida State,Central Arkansas Bears,Florida State Seminoles,Close,False,34.0,33.94,45.5,11.5,Central Arkansas,45.5,34,7,27,W,18.5,3,37.0,Central Arkansas,W,W
401864510,Hawai'i,Wyoming,Hawai'i Rainbow Warriors,Wyoming Cowboys,Close,True,-10.0,-9.78,-2.5,7.5,Hawai'i,-2.5,27,10,17,L,-19.5,3,-7.0,Hawai'i,L,L
401860897,Boise State,Western Michigan,Boise State Broncos,Western Michigan Broncos,Close,True,-6.0,-6.1,-8.5,2.5,Western Michigan,8.5,7,32,-25,L,-16.5,3,-3.0,Western Michigan,L,L
401868188,Gardner-Webb,Marshall,Gardner-Webb Runnin' Bulldogs,Marshall Thundering Herd,Close,False,13.0,13.05,24.5,11.5,Gardner-Webb,24.5,36,35,1,W,23.5,3,16.0,Gardner-Webb,W,W
401858463,Iowa,Michigan,Iowa Hawkeyes,Michigan Wolverines,Close,True,1.5,1.36,4.5,3.0,Iowa,4.5,19,20,-1,W,5.5,3,4.5,PASS,NO EDGE,W
401864579,New Mexico,New Mexico State,New Mexico Lobos,New Mexico State Aggies,Close,True,-19.5,-19.28,-11.5,8.0,New Mexico,-11.5,18,42,-24,W,12.5,3,-16.5,New Mexico,W,W
401856700,Oklahoma,Georgia,Oklahoma Sooners,Georgia Bulldogs,Close,True,2.0,2.08,11.5,9.5,Oklahoma,11.5,41,13,28,L,-16.5,3,5.0,Oklahoma,L,L
401856699,Ole Miss,Florida,Ole Miss Rebels,Florida Gators,Close,True,-5.5,-5.56,4.0,9.5,Ole Miss,4.0,52,28,24,L,-20.0,3,-2.5,Ole Miss,L,L
401866426,Robert Morris,Buffalo,Robert Morris Colonials,Buffalo Bulls,Close,False,19.0,19.01,27.5,8.5,Robert Morris,27.5,31,28,3,W,24.5,3,22.0,Robert Morris,W,W
401866428,Stonehill,Ohio,Stonehill Skyhawks,Ohio Bobcats,Close,False,28.5,28.49,32.5,4.0,Stonehill,32.5,35,7,28,W,4.5,3,31.5,Stonehill,W,W
401856815,TCU,UCF,TCU Horned Frogs,UCF Knights,Close,True,-4.5,-4.35,-3.5,1.0,TCU,-3.5,21,13,8,L,-11.5,3,-1.5,UCF,W,W
401861970,UConn,Miami (OH),UConn Huskies,Miami (OH) RedHawks,Close,True,-3.5,-3.38,2.5,6.0,UConn,2.5,24,21,3,L,-0.5,3,-0.5,UConn,L,L
401856816,Utah,Iowa State,Utah Utes,Iowa State Cyclones,Close,True,-11.5,-11.59,-7.5,4.0,Utah,-7.5,17,31,-14,W,6.5,3,-8.5,Utah,W,W
401858244,William & Mary,Duke,William & Mary Tribe,Duke Blue Devils,Close,False,42.0,42.13,43.5,1.5,William & Mary,43.5,62,7,55,L,-11.5,3,45.0,Duke,W,W
401856806,Houston,Georgia Southern,Houston Cougars,Georgia Southern Eagles,Close,True,-18.5,-18.72,-17.5,1.0,Houston,-17.5,28,42,-14,L,-3.5,3,-15.5,Georgia Southern,W,W
401862781,North Carolina Central,East Carolina,North Carolina Central Eagles,East Carolina Pirates,Close,False,34.0,34.02,37.5,3.5,North Carolina Central,37.5,42,9,33,W,4.5,3,37.0,North Carolina Central,W,W
401856698,Vanderbilt,Auburn,Vanderbilt Commodores,Auburn Tigers,Close,True,-4.0,-3.81,10.0,14.0,Vanderbilt,10.0,21,15,6,W,4.0,3,-1.0,Vanderbilt,W,W
401858464,Nebraska,Michigan State,Nebraska Cornhuskers,Michigan State Spartans,Close,True,-7.0,-6.76,-6.0,1.0,Nebraska,-6.0,13,31,-18,W,12.0,3,-4.0,Michigan State,L,L
401862785,South Florida,Bowling Green,South Florida Bulls,Bowling Green Falcons,Close,True,-26.5,-26.3,-17.5,9.0,South Florida,-17.5,6,14,-8,L,-9.5,3,-23.5,South Florida,L,L
401858466,Wisconsin,Penn State,Wisconsin Badgers,Penn State Nittany Lions,Close,True,14.0,13.81,9.5,4.5,Penn State,-9.5,20,24,-4,L,-13.5,3,17.0,Penn State,L,L
401858239,Delaware,Virginia,Delaware Blue Hens,Virginia Cavaliers,Close,True,13.0,13.04,19.5,6.5,Delaware,19.5,42,3,39,L,-19.5,3,16.0,Delaware,L,L
401860892,Incarnate Word,Texas State,Incarnate Word Cardinals,Texas State Bobcats,Close,False,24.5,24.74,30.5,6.0,Incarnate Word,30.5,63,10,53,L,-22.5,3,27.5,Incarnate Word,L,L
401869961,James Madison,Old Dominion,James Madison Dukes,Old Dominion Monarchs,Close,True,-13.5,-13.71,-7.0,6.5,James Madison,-7.0,20,46,-26,W,19.0,3,-10.5,James Madison,W,W
401867909,Long Island University,Florida International,Long Island University Sharks,Florida International Panthers,Close,False,26.0,26.04,37.5,11.5,Long Island University,37.5,20,3,17,W,20.5,3,29.0,Long Island University,W,W
401858238,Central Michigan,Miami,Central Michigan Chippewas,Miami Hurricanes,Close,True,29.0,28.99,41.5,12.5,Central Michigan,41.5,52,3,49,L,-7.5,3,32.0,Central Michigan,L,L
401862780,Louisiana,Charlotte,Louisiana Ragin' Cajuns,Charlotte 49ers,Close,True,-18.5,-18.3,-9.5,9.0,Louisiana,-9.5,7,34,-27,W,17.5,3,-15.5,Louisiana,W,W
401856814,Kansas State,Cincinnati,Kansas State Wildcats,Cincinnati Bearcats,Close,True,-6.0,-6.13,-6.0,0.0,PASS,-6.0,31,26,5,NO EDGE,,3,-3.0,Cincinnati,W,W
401869931,Kennesaw State,Arkansas State,Kennesaw State Owls,Arkansas State Red Wolves,Close,True,-2.5,-2.59,6.5,9.0,Kennesaw State,6.5,17,14,3,W,3.5,3,0.5,Kennesaw State,W,W
401870745,Mercyhurst,Western Kentucky,Mercyhurst Lakers,Western Kentucky Hilltoppers,Close,False,19.5,19.26,39.5,20.0,Mercyhurst,39.5,52,7,45,L,-5.5,3,22.5,Mercyhurst,L,L
401871048,Middle Tennessee,Jacksonville State,Middle Tennessee Blue Raiders,Jacksonville State Gamecocks,Close,True,3.0,3.05,7.0,4.0,Middle Tennessee,7.0,23,13,10,L,-3.0,3,6.0,Middle Tennessee,L,L
401856881,Oklahoma State,West Virginia,Oklahoma State Cowboys,West Virginia Mountaineers,Close,True,9.5,9.67,1.5,8.0,West Virginia,-1.5,24,41,-17,L,-18.5,3,12.5,West Virginia,L,L
401862784,Southern Miss,Tulane,Southern Miss Golden Eagles,Tulane Green Wave,Close,True,16.5,16.55,17.5,1.0,Southern Miss,17.5,24,21,3,W,14.5,3,19.5,Tulane,L,L
401856696,South Carolina,Alabama,South Carolina Gamecocks,Alabama Crimson Tide,Close,True,20.0,20.05,12.5,7.5,Alabama,-12.5,49,18,31,W,18.5,3,23.0,Alabama,W,W
401864572,App State,NC State,App State Mountaineers,NC State Wolfpack,Close,True,7.0,7.11,12.5,5.5,App State,12.5,41,31,10,W,2.5,3,10.0,App State,W,W
401856804,Arizona,Washington State,Arizona Wildcats,Washington State Cougars,Close,True,-15.0,-14.98,-11.5,3.5,Arizona,-11.5,24,34,-10,L,-1.5,3,-12.0,Arizona,L,L
401862783,Houston Christian,North Texas,Houston Christian Huskies,North Texas Mean Green,Close,False,39.5,39.71,38.5,1.0,North Texas,-38.5,63,14,49,W,10.5,3,42.5,North Texas,W,W
401858469,Oregon,USC,Oregon Ducks,USC Trojans,Close,True,3.5,3.7,-3.5,7.0,USC,3.5,27,41,-14,L,-10.5,3,6.5,USC,L,L
401856702,Texas A&M,LSU,Texas A&M Aggies,LSU Tigers,Close,True,-2.0,-1.88,8.5,10.5,Texas A&M,8.5,35,6,29,L,-20.5,3,1.0,Texas A&M,L,L
401860894,Troy,Utah State,Troy Trojans,Utah State Aggies,Close,True,0.5,0.48,3.0,2.5,Troy,3.0,21,10,11,L,-8.0,3,3.5,Utah State,W,W
401856703,Missouri,Mississippi State,Missouri Tigers,Mississippi State Bulldogs,Close,True,2.5,2.53,3.5,1.0,Missouri,3.5,31,24,7,L,-3.5,3,5.5,Mississippi State,W,W
401862782,Florida Atlantic,UL Monroe,Florida Atlantic Owls,UL Monroe Warhawks,Close,True,-16.0,-16.14,-11.5,4.5,Florida Atlantic,-11.5,17,45,-28,W,16.5,3,-13.0,Florida Atlantic,W,W
401856697,Tulsa,Arkansas,Tulsa Golden Hurricane,Arkansas Razorbacks,Close,True,-1.0,-1.14,7.0,8.0,Tulsa,7.0,34,6,28,L,-21.0,3,2.0,Tulsa,L,L
401866429,Massachusetts,Sacramento State,Massachusetts Minutemen,Sacramento State Hornets,Close,True,-5.5,-5.51,-6.0,0.5,Sacramento State,6.0,6,35,-29,L,-23.0,3,-2.5,Sacramento State,L,L
401858241,Missouri State,SMU,Missouri State Bears,SMU Mustangs,Close,True,19.5,19.53,30.5,11.0,Missouri State,30.5,34,24,10,W,20.5,3,22.5,Missouri State,W,W
401860895,Oregon State,UTEP,Oregon State Beavers,UTEP Miners,Close,True,-12.5,-12.69,-11.5,1.0,Oregon State,-11.5,7,33,-26,W,14.5,3,-9.5,UTEP,L,L
401860891,Rice,Fresno State,Rice Owls,Fresno State Bulldogs,Close,True,6.0,5.86,12.5,6.5,Rice,12.5,38,24,14,L,-1.5,3,9.0,Rice,L,L
401864509,Air Force,Nevada,Air Force Falcons,Nevada Wolf Pack,Latest,True,-4.5,-4.5,-5.5,1.0,Nevada,5.5,33,36,-3,W,2.5,3,-1.5,Nevada,W,W
401858240,Georgia Tech,Stanford,Georgia Tech Yellow Jackets,Stanford Cardinal,Latest,True,-10.0,-10.14,-3.0,7.0,Georgia Tech,-3.0,34,27,7,L,-10.0,3,-7.0,Georgia Tech,L,L
401858470,Minnesota,Washington,Minnesota Golden Gophers,Washington Huskies,Latest,True,12.5,12.3,11.5,1.0,Washington,-11.5,24,27,-3,L,-14.5,3,15.5,Washington,L,L
