period,season,eligibleSupplied,games,wins,losses,pushes,passes,winRate,profit,risked,ROI,winRateWilson95,rawProfit
Weeks 4-7,all,674,594,288,289,0,17,0.49913344887348354,-2990,63470,-0.047108870332440524,"[0.4584771885504455, 0.539801171258735]",-2760
Weeks 4-7,2023,232,165,74,85,0,6,0.46540880503144655,-1950,17490,-0.11149228130360206,"[0.3896090014642557, 0.5428406334158139]",-1980
Weeks 4-7,2024,220,208,104,96,0,8,0.52,-160,22000,-0.007272727272727273,"[0.4510378507281443, 0.5882083362167652]",10
Weeks 4-7,2025,222,221,110,108,0,3,0.5045871559633027,-880,23980,-0.03669724770642202,"[0.4387148617956364, 0.5703005855902217]",-790
Weeks 8-10,all,503,502,244,248,0,10,0.4959349593495935,-2880,54120,-0.05321507760532151,"[0.45195837130711103, 0.5399745340019497]",-3140
Weeks 8-10,2023,173,172,77,91,0,4,0.4583333333333333,-2310,18480,-0.125,"[0.3847615934311155, 0.5337679622647066]",-2750
Weeks 8-10,2024,165,165,77,85,0,3,0.47530864197530864,-1650,17820,-0.09259259259259259,"[0.3998735697286899, 0.5518875878437991]",-1560
Weeks 8-10,2025,165,165,90,72,0,3,0.5555555555555556,1080,17820,0.06060606060606061,"[0.478631245946668, 0.6299061495152318]",1170
Weeks 11-14,all,687,669,338,302,0,29,0.528125,580,70400,0.008238636363636363,"[0.4893965221948772, 0.5665178640360748]",120
Weeks 11-14,2023,208,192,104,87,0,1,0.5445026178010471,830,21010,0.039504997620180865,"[0.4736918325448098, 0.6135585919946849]",930
Weeks 11-14,2024,237,235,107,111,0,17,0.4908256880733945,-1510,23980,-0.06296914095079233,"[0.42519985454190934, 0.5567692506863742]",-2120
Weeks 11-14,2025,242,242,127,104,0,11,0.5497835497835498,1260,25410,0.049586776859504134,"[0.48533321482077885, 0.6126051991011044]",1310
Weeks 15-16,all,11,10,4,3,0,3,0.5714285714285714,70,770,0.09090909090909091,"[0.2504583645276634, 0.8417801447485258]",370
Weeks 15-16,2023,1,0,0,0,0,0,,0,0,,,0
Weeks 15-16,2024,10,10,4,3,0,3,0.5714285714285714,70,770,0.09090909090909091,"[0.2504583645276634, 0.8417801447485258]",370
Weeks 15-16,2025,0,0,0,0,0,0,,0,0,,,0
Postseason,all,88,83,37,42,0,4,0.46835443037974683,-920,8690,-0.10586881472957423,"[0.3623578415657803, 0.5772859060072526]",-1150
Postseason,2023,42,40,15,22,0,3,0.40540540540540543,-920,4070,-0.22604422604422605,"[0.2634651819201461, 0.565140352697702]",-1040
Postseason,2024,46,43,22,20,0,1,0.5238095238095238,0,4620,0.0,"[0.37722464131345346, 0.6664039876929417]",-110
Postseason,2025,0,0,0,0,0,0,,0,0,,,0
